c_t0_t0_t0_t0,a0000,b0000,MUL
c_t0_t0_t0_t1,a0001,b0001,MUL
c_t0_t0_t0_t2,a0000,a0001,ADD
c_t0_t0_t0_t3,b0000,b0001,ADD
c_t0_t0_t0_t4,c_t0_t0_t0_t2,c_t0_t0_t0_t3,MUL
c_t0_t0_t0_s00,c_t0_t0_t0_t1,c_t0_t0_t0_t1,ADD
c_t0_t0_t0_s01,c_t0_t0_t0_s00,c_t0_t0_t0_t1,ADD
c_t0_t0_t0_s02,c_t0_t0_t0_s01,c_t0_t0_t0_s01,ADD
c_t0_t0_t0_s03,c_t0_t0_t0_s02,c_t0_t0_t0_s02,ADD
c_t0_t0_t0_s04,c_t0_t0_t0_s03,c_t0_t0_t0_t1,ADD
c_t0_t0_t00,c_t0_t0_t0_t0,c_t0_t0_t0_s04,ADD
c_t0_t0_t0_t5,c_t0_t0_t0_t0,c_t0_t0_t0_t1,ADD
c_t0_t0_t01,c_t0_t0_t0_t4,c_t0_t0_t0_t5,SUB
c_t0_t0_t1_t0,a0010,b0010,MUL
c_t0_t0_t1_t1,a0011,b0011,MUL
c_t0_t0_t1_t2,a0010,a0011,ADD
c_t0_t0_t1_t3,b0010,b0011,ADD
c_t0_t0_t1_t4,c_t0_t0_t1_t2,c_t0_t0_t1_t3,MUL
c_t0_t0_t1_s00,c_t0_t0_t1_t1,c_t0_t0_t1_t1,ADD
c_t0_t0_t1_s01,c_t0_t0_t1_s00,c_t0_t0_t1_t1,ADD
c_t0_t0_t1_s02,c_t0_t0_t1_s01,c_t0_t0_t1_s01,ADD
c_t0_t0_t1_s03,c_t0_t0_t1_s02,c_t0_t0_t1_s02,ADD
c_t0_t0_t1_s04,c_t0_t0_t1_s03,c_t0_t0_t1_t1,ADD
c_t0_t0_t10,c_t0_t0_t1_t0,c_t0_t0_t1_s04,ADD
c_t0_t0_t1_t5,c_t0_t0_t1_t0,c_t0_t0_t1_t1,ADD
c_t0_t0_t11,c_t0_t0_t1_t4,c_t0_t0_t1_t5,SUB
c_t0_t0_t20,a0000,a0010,ADD
c_t0_t0_t21,a0001,a0011,ADD
c_t0_t0_t30,b0000,b0010,ADD
c_t0_t0_t31,b0001,b0011,ADD
c_t0_t0_t4_t0,c_t0_t0_t20,c_t0_t0_t30,MUL
c_t0_t0_t4_t1,c_t0_t0_t21,c_t0_t0_t31,MUL
c_t0_t0_t4_t2,c_t0_t0_t20,c_t0_t0_t21,ADD
c_t0_t0_t4_t3,c_t0_t0_t30,c_t0_t0_t31,ADD
c_t0_t0_t4_t4,c_t0_t0_t4_t2,c_t0_t0_t4_t3,MUL
c_t0_t0_t4_s00,c_t0_t0_t4_t1,c_t0_t0_t4_t1,ADD
c_t0_t0_t4_s01,c_t0_t0_t4_s00,c_t0_t0_t4_t1,ADD
c_t0_t0_t4_s02,c_t0_t0_t4_s01,c_t0_t0_t4_s01,ADD
c_t0_t0_t4_s03,c_t0_t0_t4_s02,c_t0_t0_t4_s02,ADD
c_t0_t0_t4_s04,c_t0_t0_t4_s03,c_t0_t0_t4_t1,ADD
c_t0_t0_t40,c_t0_t0_t4_t0,c_t0_t0_t4_s04,ADD
c_t0_t0_t4_t5,c_t0_t0_t4_t0,c_t0_t0_t4_t1,ADD
c_t0_t0_t41,c_t0_t0_t4_t4,c_t0_t0_t4_t5,SUB
c_t0_t0_s0_y1_0,c_t0_t0_t11,c_t0_t0_t11,ADD
c_t0_t0_s0_y1_1,c_t0_t0_s0_y1_0,c_t0_t0_t11,ADD
c_t0_t0_s0_y1_2,c_t0_t0_s0_y1_1,c_t0_t0_s0_y1_1,ADD
c_t0_t0_s0_y1_3,c_t0_t0_s0_y1_2,c_t0_t0_s0_y1_2,ADD
c_t0_t0_s0_y1_4,c_t0_t0_s0_y1_3,c_t0_t0_t11,ADD
c_t0_t000,c_t0_t0_t00,c_t0_t0_s0_y1_4,ADD
c_t0_t001,c_t0_t0_t01,c_t0_t0_t10,ADD
c_t0_t0_t50,c_t0_t0_t00,c_t0_t0_t10,ADD
c_t0_t0_t51,c_t0_t0_t01,c_t0_t0_t11,ADD
c_t0_t010,c_t0_t0_t40,c_t0_t0_t50,SUB
c_t0_t011,c_t0_t0_t41,c_t0_t0_t51,SUB
c_t0_t1_t0_t0,a0100,b0100,MUL
c_t0_t1_t0_t1,a0101,b0101,MUL
c_t0_t1_t0_t2,a0100,a0101,ADD
c_t0_t1_t0_t3,b0100,b0101,ADD
c_t0_t1_t0_t4,c_t0_t1_t0_t2,c_t0_t1_t0_t3,MUL
c_t0_t1_t0_s00,c_t0_t1_t0_t1,c_t0_t1_t0_t1,ADD
c_t0_t1_t0_s01,c_t0_t1_t0_s00,c_t0_t1_t0_t1,ADD
c_t0_t1_t0_s02,c_t0_t1_t0_s01,c_t0_t1_t0_s01,ADD
c_t0_t1_t0_s03,c_t0_t1_t0_s02,c_t0_t1_t0_s02,ADD
c_t0_t1_t0_s04,c_t0_t1_t0_s03,c_t0_t1_t0_t1,ADD
c_t0_t1_t00,c_t0_t1_t0_t0,c_t0_t1_t0_s04,ADD
c_t0_t1_t0_t5,c_t0_t1_t0_t0,c_t0_t1_t0_t1,ADD
c_t0_t1_t01,c_t0_t1_t0_t4,c_t0_t1_t0_t5,SUB
c_t0_t1_t1_t0,a0110,b0110,MUL
c_t0_t1_t1_t1,a0111,b0111,MUL
c_t0_t1_t1_t2,a0110,a0111,ADD
c_t0_t1_t1_t3,b0110,b0111,ADD
c_t0_t1_t1_t4,c_t0_t1_t1_t2,c_t0_t1_t1_t3,MUL
c_t0_t1_t1_s00,c_t0_t1_t1_t1,c_t0_t1_t1_t1,ADD
c_t0_t1_t1_s01,c_t0_t1_t1_s00,c_t0_t1_t1_t1,ADD
c_t0_t1_t1_s02,c_t0_t1_t1_s01,c_t0_t1_t1_s01,ADD
c_t0_t1_t1_s03,c_t0_t1_t1_s02,c_t0_t1_t1_s02,ADD
c_t0_t1_t1_s04,c_t0_t1_t1_s03,c_t0_t1_t1_t1,ADD
c_t0_t1_t10,c_t0_t1_t1_t0,c_t0_t1_t1_s04,ADD
c_t0_t1_t1_t5,c_t0_t1_t1_t0,c_t0_t1_t1_t1,ADD
c_t0_t1_t11,c_t0_t1_t1_t4,c_t0_t1_t1_t5,SUB
c_t0_t1_t20,a0100,a0110,ADD
c_t0_t1_t21,a0101,a0111,ADD
c_t0_t1_t30,b0100,b0110,ADD
c_t0_t1_t31,b0101,b0111,ADD
c_t0_t1_t4_t0,c_t0_t1_t20,c_t0_t1_t30,MUL
c_t0_t1_t4_t1,c_t0_t1_t21,c_t0_t1_t31,MUL
c_t0_t1_t4_t2,c_t0_t1_t20,c_t0_t1_t21,ADD
c_t0_t1_t4_t3,c_t0_t1_t30,c_t0_t1_t31,ADD
c_t0_t1_t4_t4,c_t0_t1_t4_t2,c_t0_t1_t4_t3,MUL
c_t0_t1_t4_s00,c_t0_t1_t4_t1,c_t0_t1_t4_t1,ADD
c_t0_t1_t4_s01,c_t0_t1_t4_s00,c_t0_t1_t4_t1,ADD
c_t0_t1_t4_s02,c_t0_t1_t4_s01,c_t0_t1_t4_s01,ADD
c_t0_t1_t4_s03,c_t0_t1_t4_s02,c_t0_t1_t4_s02,ADD
c_t0_t1_t4_s04,c_t0_t1_t4_s03,c_t0_t1_t4_t1,ADD
c_t0_t1_t40,c_t0_t1_t4_t0,c_t0_t1_t4_s04,ADD
c_t0_t1_t4_t5,c_t0_t1_t4_t0,c_t0_t1_t4_t1,ADD
c_t0_t1_t41,c_t0_t1_t4_t4,c_t0_t1_t4_t5,SUB
c_t0_t1_s0_y1_0,c_t0_t1_t11,c_t0_t1_t11,ADD
c_t0_t1_s0_y1_1,c_t0_t1_s0_y1_0,c_t0_t1_t11,ADD
c_t0_t1_s0_y1_2,c_t0_t1_s0_y1_1,c_t0_t1_s0_y1_1,ADD
c_t0_t1_s0_y1_3,c_t0_t1_s0_y1_2,c_t0_t1_s0_y1_2,ADD
c_t0_t1_s0_y1_4,c_t0_t1_s0_y1_3,c_t0_t1_t11,ADD
c_t0_t100,c_t0_t1_t00,c_t0_t1_s0_y1_4,ADD
c_t0_t101,c_t0_t1_t01,c_t0_t1_t10,ADD
c_t0_t1_t50,c_t0_t1_t00,c_t0_t1_t10,ADD
c_t0_t1_t51,c_t0_t1_t01,c_t0_t1_t11,ADD
c_t0_t110,c_t0_t1_t40,c_t0_t1_t50,SUB
c_t0_t111,c_t0_t1_t41,c_t0_t1_t51,SUB
c_t0_t2_t0_t0,a0200,b0200,MUL
c_t0_t2_t0_t1,a0201,b0201,MUL
c_t0_t2_t0_t2,a0200,a0201,ADD
c_t0_t2_t0_t3,b0200,b0201,ADD
c_t0_t2_t0_t4,c_t0_t2_t0_t2,c_t0_t2_t0_t3,MUL
c_t0_t2_t0_s00,c_t0_t2_t0_t1,c_t0_t2_t0_t1,ADD
c_t0_t2_t0_s01,c_t0_t2_t0_s00,c_t0_t2_t0_t1,ADD
c_t0_t2_t0_s02,c_t0_t2_t0_s01,c_t0_t2_t0_s01,ADD
c_t0_t2_t0_s03,c_t0_t2_t0_s02,c_t0_t2_t0_s02,ADD
c_t0_t2_t0_s04,c_t0_t2_t0_s03,c_t0_t2_t0_t1,ADD
c_t0_t2_t00,c_t0_t2_t0_t0,c_t0_t2_t0_s04,ADD
c_t0_t2_t0_t5,c_t0_t2_t0_t0,c_t0_t2_t0_t1,ADD
c_t0_t2_t01,c_t0_t2_t0_t4,c_t0_t2_t0_t5,SUB
c_t0_t2_t1_t0,a0210,b0210,MUL
c_t0_t2_t1_t1,a0211,b0211,MUL
c_t0_t2_t1_t2,a0210,a0211,ADD
c_t0_t2_t1_t3,b0210,b0211,ADD
c_t0_t2_t1_t4,c_t0_t2_t1_t2,c_t0_t2_t1_t3,MUL
c_t0_t2_t1_s00,c_t0_t2_t1_t1,c_t0_t2_t1_t1,ADD
c_t0_t2_t1_s01,c_t0_t2_t1_s00,c_t0_t2_t1_t1,ADD
c_t0_t2_t1_s02,c_t0_t2_t1_s01,c_t0_t2_t1_s01,ADD
c_t0_t2_t1_s03,c_t0_t2_t1_s02,c_t0_t2_t1_s02,ADD
c_t0_t2_t1_s04,c_t0_t2_t1_s03,c_t0_t2_t1_t1,ADD
c_t0_t2_t10,c_t0_t2_t1_t0,c_t0_t2_t1_s04,ADD
c_t0_t2_t1_t5,c_t0_t2_t1_t0,c_t0_t2_t1_t1,ADD
c_t0_t2_t11,c_t0_t2_t1_t4,c_t0_t2_t1_t5,SUB
c_t0_t2_t20,a0200,a0210,ADD
c_t0_t2_t21,a0201,a0211,ADD
c_t0_t2_t30,b0200,b0210,ADD
c_t0_t2_t31,b0201,b0211,ADD
c_t0_t2_t4_t0,c_t0_t2_t20,c_t0_t2_t30,MUL
c_t0_t2_t4_t1,c_t0_t2_t21,c_t0_t2_t31,MUL
c_t0_t2_t4_t2,c_t0_t2_t20,c_t0_t2_t21,ADD
c_t0_t2_t4_t3,c_t0_t2_t30,c_t0_t2_t31,ADD
c_t0_t2_t4_t4,c_t0_t2_t4_t2,c_t0_t2_t4_t3,MUL
c_t0_t2_t4_s00,c_t0_t2_t4_t1,c_t0_t2_t4_t1,ADD
c_t0_t2_t4_s01,c_t0_t2_t4_s00,c_t0_t2_t4_t1,ADD
c_t0_t2_t4_s02,c_t0_t2_t4_s01,c_t0_t2_t4_s01,ADD
c_t0_t2_t4_s03,c_t0_t2_t4_s02,c_t0_t2_t4_s02,ADD
c_t0_t2_t4_s04,c_t0_t2_t4_s03,c_t0_t2_t4_t1,ADD
c_t0_t2_t40,c_t0_t2_t4_t0,c_t0_t2_t4_s04,ADD
c_t0_t2_t4_t5,c_t0_t2_t4_t0,c_t0_t2_t4_t1,ADD
c_t0_t2_t41,c_t0_t2_t4_t4,c_t0_t2_t4_t5,SUB
c_t0_t2_s0_y1_0,c_t0_t2_t11,c_t0_t2_t11,ADD
c_t0_t2_s0_y1_1,c_t0_t2_s0_y1_0,c_t0_t2_t11,ADD
c_t0_t2_s0_y1_2,c_t0_t2_s0_y1_1,c_t0_t2_s0_y1_1,ADD
c_t0_t2_s0_y1_3,c_t0_t2_s0_y1_2,c_t0_t2_s0_y1_2,ADD
c_t0_t2_s0_y1_4,c_t0_t2_s0_y1_3,c_t0_t2_t11,ADD
c_t0_t200,c_t0_t2_t00,c_t0_t2_s0_y1_4,ADD
c_t0_t201,c_t0_t2_t01,c_t0_t2_t10,ADD
c_t0_t2_t50,c_t0_t2_t00,c_t0_t2_t10,ADD
c_t0_t2_t51,c_t0_t2_t01,c_t0_t2_t11,ADD
c_t0_t210,c_t0_t2_t40,c_t0_t2_t50,SUB
c_t0_t211,c_t0_t2_t41,c_t0_t2_t51,SUB
c_t0_t3000,a0000,a0100,ADD
c_t0_t3001,a0001,a0101,ADD
c_t0_t3010,a0010,a0110,ADD
c_t0_t3011,a0011,a0111,ADD
c_t0_t3100,b0000,b0100,ADD
c_t0_t3101,b0001,b0101,ADD
c_t0_t3110,b0010,b0110,ADD
c_t0_t3111,b0011,b0111,ADD
c_t0_t3_t0_t0,c_t0_t3000,c_t0_t3100,MUL
c_t0_t3_t0_t1,c_t0_t3001,c_t0_t3101,MUL
c_t0_t3_t0_t2,c_t0_t3000,c_t0_t3001,ADD
c_t0_t3_t0_t3,c_t0_t3100,c_t0_t3101,ADD
c_t0_t3_t0_t4,c_t0_t3_t0_t2,c_t0_t3_t0_t3,MUL
c_t0_t3_t0_s00,c_t0_t3_t0_t1,c_t0_t3_t0_t1,ADD
c_t0_t3_t0_s01,c_t0_t3_t0_s00,c_t0_t3_t0_t1,ADD
c_t0_t3_t0_s02,c_t0_t3_t0_s01,c_t0_t3_t0_s01,ADD
c_t0_t3_t0_s03,c_t0_t3_t0_s02,c_t0_t3_t0_s02,ADD
c_t0_t3_t0_s04,c_t0_t3_t0_s03,c_t0_t3_t0_t1,ADD
c_t0_t3_t00,c_t0_t3_t0_t0,c_t0_t3_t0_s04,ADD
c_t0_t3_t0_t5,c_t0_t3_t0_t0,c_t0_t3_t0_t1,ADD
c_t0_t3_t01,c_t0_t3_t0_t4,c_t0_t3_t0_t5,SUB
c_t0_t3_t1_t0,c_t0_t3010,c_t0_t3110,MUL
c_t0_t3_t1_t1,c_t0_t3011,c_t0_t3111,MUL
c_t0_t3_t1_t2,c_t0_t3010,c_t0_t3011,ADD
c_t0_t3_t1_t3,c_t0_t3110,c_t0_t3111,ADD
c_t0_t3_t1_t4,c_t0_t3_t1_t2,c_t0_t3_t1_t3,MUL
c_t0_t3_t1_s00,c_t0_t3_t1_t1,c_t0_t3_t1_t1,ADD
c_t0_t3_t1_s01,c_t0_t3_t1_s00,c_t0_t3_t1_t1,ADD
c_t0_t3_t1_s02,c_t0_t3_t1_s01,c_t0_t3_t1_s01,ADD
c_t0_t3_t1_s03,c_t0_t3_t1_s02,c_t0_t3_t1_s02,ADD
c_t0_t3_t1_s04,c_t0_t3_t1_s03,c_t0_t3_t1_t1,ADD
c_t0_t3_t10,c_t0_t3_t1_t0,c_t0_t3_t1_s04,ADD
c_t0_t3_t1_t5,c_t0_t3_t1_t0,c_t0_t3_t1_t1,ADD
c_t0_t3_t11,c_t0_t3_t1_t4,c_t0_t3_t1_t5,SUB
c_t0_t3_t20,c_t0_t3000,c_t0_t3010,ADD
c_t0_t3_t21,c_t0_t3001,c_t0_t3011,ADD
c_t0_t3_t30,c_t0_t3100,c_t0_t3110,ADD
c_t0_t3_t31,c_t0_t3101,c_t0_t3111,ADD
c_t0_t3_t4_t0,c_t0_t3_t20,c_t0_t3_t30,MUL
c_t0_t3_t4_t1,c_t0_t3_t21,c_t0_t3_t31,MUL
c_t0_t3_t4_t2,c_t0_t3_t20,c_t0_t3_t21,ADD
c_t0_t3_t4_t3,c_t0_t3_t30,c_t0_t3_t31,ADD
c_t0_t3_t4_t4,c_t0_t3_t4_t2,c_t0_t3_t4_t3,MUL
c_t0_t3_t4_s00,c_t0_t3_t4_t1,c_t0_t3_t4_t1,ADD
c_t0_t3_t4_s01,c_t0_t3_t4_s00,c_t0_t3_t4_t1,ADD
c_t0_t3_t4_s02,c_t0_t3_t4_s01,c_t0_t3_t4_s01,ADD
c_t0_t3_t4_s03,c_t0_t3_t4_s02,c_t0_t3_t4_s02,ADD
c_t0_t3_t4_s04,c_t0_t3_t4_s03,c_t0_t3_t4_t1,ADD
c_t0_t3_t40,c_t0_t3_t4_t0,c_t0_t3_t4_s04,ADD
c_t0_t3_t4_t5,c_t0_t3_t4_t0,c_t0_t3_t4_t1,ADD
c_t0_t3_t41,c_t0_t3_t4_t4,c_t0_t3_t4_t5,SUB
c_t0_t3_s0_y1_0,c_t0_t3_t11,c_t0_t3_t11,ADD
c_t0_t3_s0_y1_1,c_t0_t3_s0_y1_0,c_t0_t3_t11,ADD
c_t0_t3_s0_y1_2,c_t0_t3_s0_y1_1,c_t0_t3_s0_y1_1,ADD
c_t0_t3_s0_y1_3,c_t0_t3_s0_y1_2,c_t0_t3_s0_y1_2,ADD
c_t0_t3_s0_y1_4,c_t0_t3_s0_y1_3,c_t0_t3_t11,ADD
c_t0_t300,c_t0_t3_t00,c_t0_t3_s0_y1_4,ADD
c_t0_t301,c_t0_t3_t01,c_t0_t3_t10,ADD
c_t0_t3_t50,c_t0_t3_t00,c_t0_t3_t10,ADD
c_t0_t3_t51,c_t0_t3_t01,c_t0_t3_t11,ADD
c_t0_t310,c_t0_t3_t40,c_t0_t3_t50,SUB
c_t0_t311,c_t0_t3_t41,c_t0_t3_t51,SUB
c_t0_t4000,a0100,a0200,ADD
c_t0_t4001,a0101,a0201,ADD
c_t0_t4010,a0110,a0210,ADD
c_t0_t4011,a0111,a0211,ADD
c_t0_t4100,b0100,b0200,ADD
c_t0_t4101,b0101,b0201,ADD
c_t0_t4110,b0110,b0210,ADD
c_t0_t4111,b0111,b0211,ADD
c_t0_t4_t0_t0,c_t0_t4000,c_t0_t4100,MUL
c_t0_t4_t0_t1,c_t0_t4001,c_t0_t4101,MUL
c_t0_t4_t0_t2,c_t0_t4000,c_t0_t4001,ADD
c_t0_t4_t0_t3,c_t0_t4100,c_t0_t4101,ADD
c_t0_t4_t0_t4,c_t0_t4_t0_t2,c_t0_t4_t0_t3,MUL
c_t0_t4_t0_s00,c_t0_t4_t0_t1,c_t0_t4_t0_t1,ADD
c_t0_t4_t0_s01,c_t0_t4_t0_s00,c_t0_t4_t0_t1,ADD
c_t0_t4_t0_s02,c_t0_t4_t0_s01,c_t0_t4_t0_s01,ADD
c_t0_t4_t0_s03,c_t0_t4_t0_s02,c_t0_t4_t0_s02,ADD
c_t0_t4_t0_s04,c_t0_t4_t0_s03,c_t0_t4_t0_t1,ADD
c_t0_t4_t00,c_t0_t4_t0_t0,c_t0_t4_t0_s04,ADD
c_t0_t4_t0_t5,c_t0_t4_t0_t0,c_t0_t4_t0_t1,ADD
c_t0_t4_t01,c_t0_t4_t0_t4,c_t0_t4_t0_t5,SUB
c_t0_t4_t1_t0,c_t0_t4010,c_t0_t4110,MUL
c_t0_t4_t1_t1,c_t0_t4011,c_t0_t4111,MUL
c_t0_t4_t1_t2,c_t0_t4010,c_t0_t4011,ADD
c_t0_t4_t1_t3,c_t0_t4110,c_t0_t4111,ADD
c_t0_t4_t1_t4,c_t0_t4_t1_t2,c_t0_t4_t1_t3,MUL
c_t0_t4_t1_s00,c_t0_t4_t1_t1,c_t0_t4_t1_t1,ADD
c_t0_t4_t1_s01,c_t0_t4_t1_s00,c_t0_t4_t1_t1,ADD
c_t0_t4_t1_s02,c_t0_t4_t1_s01,c_t0_t4_t1_s01,ADD
c_t0_t4_t1_s03,c_t0_t4_t1_s02,c_t0_t4_t1_s02,ADD
c_t0_t4_t1_s04,c_t0_t4_t1_s03,c_t0_t4_t1_t1,ADD
c_t0_t4_t10,c_t0_t4_t1_t0,c_t0_t4_t1_s04,ADD
c_t0_t4_t1_t5,c_t0_t4_t1_t0,c_t0_t4_t1_t1,ADD
c_t0_t4_t11,c_t0_t4_t1_t4,c_t0_t4_t1_t5,SUB
c_t0_t4_t20,c_t0_t4000,c_t0_t4010,ADD
c_t0_t4_t21,c_t0_t4001,c_t0_t4011,ADD
c_t0_t4_t30,c_t0_t4100,c_t0_t4110,ADD
c_t0_t4_t31,c_t0_t4101,c_t0_t4111,ADD
c_t0_t4_t4_t0,c_t0_t4_t20,c_t0_t4_t30,MUL
c_t0_t4_t4_t1,c_t0_t4_t21,c_t0_t4_t31,MUL
c_t0_t4_t4_t2,c_t0_t4_t20,c_t0_t4_t21,ADD
c_t0_t4_t4_t3,c_t0_t4_t30,c_t0_t4_t31,ADD
c_t0_t4_t4_t4,c_t0_t4_t4_t2,c_t0_t4_t4_t3,MUL
c_t0_t4_t4_s00,c_t0_t4_t4_t1,c_t0_t4_t4_t1,ADD
c_t0_t4_t4_s01,c_t0_t4_t4_s00,c_t0_t4_t4_t1,ADD
c_t0_t4_t4_s02,c_t0_t4_t4_s01,c_t0_t4_t4_s01,ADD
c_t0_t4_t4_s03,c_t0_t4_t4_s02,c_t0_t4_t4_s02,ADD
c_t0_t4_t4_s04,c_t0_t4_t4_s03,c_t0_t4_t4_t1,ADD
c_t0_t4_t40,c_t0_t4_t4_t0,c_t0_t4_t4_s04,ADD
c_t0_t4_t4_t5,c_t0_t4_t4_t0,c_t0_t4_t4_t1,ADD
c_t0_t4_t41,c_t0_t4_t4_t4,c_t0_t4_t4_t5,SUB
c_t0_t4_s0_y1_0,c_t0_t4_t11,c_t0_t4_t11,ADD
c_t0_t4_s0_y1_1,c_t0_t4_s0_y1_0,c_t0_t4_t11,ADD
c_t0_t4_s0_y1_2,c_t0_t4_s0_y1_1,c_t0_t4_s0_y1_1,ADD
c_t0_t4_s0_y1_3,c_t0_t4_s0_y1_2,c_t0_t4_s0_y1_2,ADD
c_t0_t4_s0_y1_4,c_t0_t4_s0_y1_3,c_t0_t4_t11,ADD
c_t0_t400,c_t0_t4_t00,c_t0_t4_s0_y1_4,ADD
c_t0_t401,c_t0_t4_t01,c_t0_t4_t10,ADD
c_t0_t4_t50,c_t0_t4_t00,c_t0_t4_t10,ADD
c_t0_t4_t51,c_t0_t4_t01,c_t0_t4_t11,ADD
c_t0_t410,c_t0_t4_t40,c_t0_t4_t50,SUB
c_t0_t411,c_t0_t4_t41,c_t0_t4_t51,SUB
c_t0_t5000,a0200,a0000,ADD
c_t0_t5001,a0201,a0001,ADD
c_t0_t5010,a0210,a0010,ADD
c_t0_t5011,a0211,a0011,ADD
c_t0_t5100,b0200,b0000,ADD
c_t0_t5101,b0201,b0001,ADD
c_t0_t5110,b0210,b0010,ADD
c_t0_t5111,b0211,b0011,ADD
c_t0_t5_t0_t0,c_t0_t5000,c_t0_t5100,MUL
c_t0_t5_t0_t1,c_t0_t5001,c_t0_t5101,MUL
c_t0_t5_t0_t2,c_t0_t5000,c_t0_t5001,ADD
c_t0_t5_t0_t3,c_t0_t5100,c_t0_t5101,ADD
c_t0_t5_t0_t4,c_t0_t5_t0_t2,c_t0_t5_t0_t3,MUL
c_t0_t5_t0_s00,c_t0_t5_t0_t1,c_t0_t5_t0_t1,ADD
c_t0_t5_t0_s01,c_t0_t5_t0_s00,c_t0_t5_t0_t1,ADD
c_t0_t5_t0_s02,c_t0_t5_t0_s01,c_t0_t5_t0_s01,ADD
c_t0_t5_t0_s03,c_t0_t5_t0_s02,c_t0_t5_t0_s02,ADD
c_t0_t5_t0_s04,c_t0_t5_t0_s03,c_t0_t5_t0_t1,ADD
c_t0_t5_t00,c_t0_t5_t0_t0,c_t0_t5_t0_s04,ADD
c_t0_t5_t0_t5,c_t0_t5_t0_t0,c_t0_t5_t0_t1,ADD
c_t0_t5_t01,c_t0_t5_t0_t4,c_t0_t5_t0_t5,SUB
c_t0_t5_t1_t0,c_t0_t5010,c_t0_t5110,MUL
c_t0_t5_t1_t1,c_t0_t5011,c_t0_t5111,MUL
c_t0_t5_t1_t2,c_t0_t5010,c_t0_t5011,ADD
c_t0_t5_t1_t3,c_t0_t5110,c_t0_t5111,ADD
c_t0_t5_t1_t4,c_t0_t5_t1_t2,c_t0_t5_t1_t3,MUL
c_t0_t5_t1_s00,c_t0_t5_t1_t1,c_t0_t5_t1_t1,ADD
c_t0_t5_t1_s01,c_t0_t5_t1_s00,c_t0_t5_t1_t1,ADD
c_t0_t5_t1_s02,c_t0_t5_t1_s01,c_t0_t5_t1_s01,ADD
c_t0_t5_t1_s03,c_t0_t5_t1_s02,c_t0_t5_t1_s02,ADD
c_t0_t5_t1_s04,c_t0_t5_t1_s03,c_t0_t5_t1_t1,ADD
c_t0_t5_t10,c_t0_t5_t1_t0,c_t0_t5_t1_s04,ADD
c_t0_t5_t1_t5,c_t0_t5_t1_t0,c_t0_t5_t1_t1,ADD
c_t0_t5_t11,c_t0_t5_t1_t4,c_t0_t5_t1_t5,SUB
c_t0_t5_t20,c_t0_t5000,c_t0_t5010,ADD
c_t0_t5_t21,c_t0_t5001,c_t0_t5011,ADD
c_t0_t5_t30,c_t0_t5100,c_t0_t5110,ADD
c_t0_t5_t31,c_t0_t5101,c_t0_t5111,ADD
c_t0_t5_t4_t0,c_t0_t5_t20,c_t0_t5_t30,MUL
c_t0_t5_t4_t1,c_t0_t5_t21,c_t0_t5_t31,MUL
c_t0_t5_t4_t2,c_t0_t5_t20,c_t0_t5_t21,ADD
c_t0_t5_t4_t3,c_t0_t5_t30,c_t0_t5_t31,ADD
c_t0_t5_t4_t4,c_t0_t5_t4_t2,c_t0_t5_t4_t3,MUL
c_t0_t5_t4_s00,c_t0_t5_t4_t1,c_t0_t5_t4_t1,ADD
c_t0_t5_t4_s01,c_t0_t5_t4_s00,c_t0_t5_t4_t1,ADD
c_t0_t5_t4_s02,c_t0_t5_t4_s01,c_t0_t5_t4_s01,ADD
c_t0_t5_t4_s03,c_t0_t5_t4_s02,c_t0_t5_t4_s02,ADD
c_t0_t5_t4_s04,c_t0_t5_t4_s03,c_t0_t5_t4_t1,ADD
c_t0_t5_t40,c_t0_t5_t4_t0,c_t0_t5_t4_s04,ADD
c_t0_t5_t4_t5,c_t0_t5_t4_t0,c_t0_t5_t4_t1,ADD
c_t0_t5_t41,c_t0_t5_t4_t4,c_t0_t5_t4_t5,SUB
c_t0_t5_s0_y1_0,c_t0_t5_t11,c_t0_t5_t11,ADD
c_t0_t5_s0_y1_1,c_t0_t5_s0_y1_0,c_t0_t5_t11,ADD
c_t0_t5_s0_y1_2,c_t0_t5_s0_y1_1,c_t0_t5_s0_y1_1,ADD
c_t0_t5_s0_y1_3,c_t0_t5_s0_y1_2,c_t0_t5_s0_y1_2,ADD
c_t0_t5_s0_y1_4,c_t0_t5_s0_y1_3,c_t0_t5_t11,ADD
c_t0_t500,c_t0_t5_t00,c_t0_t5_s0_y1_4,ADD
c_t0_t501,c_t0_t5_t01,c_t0_t5_t10,ADD
c_t0_t5_t50,c_t0_t5_t00,c_t0_t5_t10,ADD
c_t0_t5_t51,c_t0_t5_t01,c_t0_t5_t11,ADD
c_t0_t510,c_t0_t5_t40,c_t0_t5_t50,SUB
c_t0_t511,c_t0_t5_t41,c_t0_t5_t51,SUB
c_t0_t6000,c_t0_t000,c_t0_t100,ADD
c_t0_t6001,c_t0_t001,c_t0_t101,ADD
c_t0_t6010,c_t0_t010,c_t0_t110,ADD
c_t0_t6011,c_t0_t011,c_t0_t111,ADD
c_t0_t600,c_t0_t300,c_t0_t6000,SUB
c_t0_t601,c_t0_t301,c_t0_t6001,SUB
c_t0_t610,c_t0_t310,c_t0_t6010,SUB
c_t0_t611,c_t0_t311,c_t0_t6011,SUB
c_t0_t9_y1__y1_0,c_t0_t211,c_t0_t211,ADD
c_t0_t9_y1__y1_1,c_t0_t9_y1__y1_0,c_t0_t211,ADD
c_t0_t9_y1__y1_2,c_t0_t9_y1__y1_1,c_t0_t9_y1__y1_1,ADD
c_t0_t9_y1__y1_3,c_t0_t9_y1__y1_2,c_t0_t9_y1__y1_2,ADD
c_t0_t9_y1__y1_4,c_t0_t9_y1__y1_3,c_t0_t211,ADD
c_t0100,c_t0_t600,c_t0_t9_y1__y1_4,ADD
c_t0101,c_t0_t601,c_t0_t210,ADD
c_t0110,c_t0_t610,c_t0_t200,ADD
c_t0111,c_t0_t611,c_t0_t201,ADD
c_t0_t7000,c_t0_t100,c_t0_t200,ADD
c_t0_t7001,c_t0_t101,c_t0_t201,ADD
c_t0_t7010,c_t0_t110,c_t0_t210,ADD
c_t0_t7011,c_t0_t111,c_t0_t211,ADD
c_t0_t7100,c_t0_t400,c_t0_t7000,SUB
c_t0_t7101,c_t0_t401,c_t0_t7001,SUB
c_t0_t7110,c_t0_t410,c_t0_t7010,SUB
c_t0_t7111,c_t0_t411,c_t0_t7011,SUB
c_t0_t7_y1__y1_0,c_t0_t7111,c_t0_t7111,ADD
c_t0_t7_y1__y1_1,c_t0_t7_y1__y1_0,c_t0_t7111,ADD
c_t0_t7_y1__y1_2,c_t0_t7_y1__y1_1,c_t0_t7_y1__y1_1,ADD
c_t0_t7_y1__y1_3,c_t0_t7_y1__y1_2,c_t0_t7_y1__y1_2,ADD
c_t0_t7_y1__y1_4,c_t0_t7_y1__y1_3,c_t0_t7111,ADD
c_t0000,c_t0_t000,c_t0_t7_y1__y1_4,ADD
c_t0001,c_t0_t001,c_t0_t7110,ADD
c_t0010,c_t0_t010,c_t0_t7100,ADD
c_t0011,c_t0_t011,c_t0_t7101,ADD
c_t0_t8000,c_t0_t200,c_t0_t000,ADD
c_t0_t8001,c_t0_t201,c_t0_t001,ADD
c_t0_t8010,c_t0_t210,c_t0_t010,ADD
c_t0_t8011,c_t0_t211,c_t0_t011,ADD
c_t0_t800,c_t0_t500,c_t0_t8000,SUB
c_t0_t801,c_t0_t501,c_t0_t8001,SUB
c_t0_t810,c_t0_t510,c_t0_t8010,SUB
c_t0_t811,c_t0_t511,c_t0_t8011,SUB
c_t0200,c_t0_t800,c_t0_t100,ADD
c_t0201,c_t0_t801,c_t0_t101,ADD
c_t0210,c_t0_t810,c_t0_t110,ADD
c_t0211,c_t0_t811,c_t0_t111,ADD
c_t1_t0_t0_t0,a1000,b1000,MUL
c_t1_t0_t0_t1,a1001,b1001,MUL
c_t1_t0_t0_t2,a1000,a1001,ADD
c_t1_t0_t0_t3,b1000,b1001,ADD
c_t1_t0_t0_t4,c_t1_t0_t0_t2,c_t1_t0_t0_t3,MUL
c_t1_t0_t0_s00,c_t1_t0_t0_t1,c_t1_t0_t0_t1,ADD
c_t1_t0_t0_s01,c_t1_t0_t0_s00,c_t1_t0_t0_t1,ADD
c_t1_t0_t0_s02,c_t1_t0_t0_s01,c_t1_t0_t0_s01,ADD
c_t1_t0_t0_s03,c_t1_t0_t0_s02,c_t1_t0_t0_s02,ADD
c_t1_t0_t0_s04,c_t1_t0_t0_s03,c_t1_t0_t0_t1,ADD
c_t1_t0_t00,c_t1_t0_t0_t0,c_t1_t0_t0_s04,ADD
c_t1_t0_t0_t5,c_t1_t0_t0_t0,c_t1_t0_t0_t1,ADD
c_t1_t0_t01,c_t1_t0_t0_t4,c_t1_t0_t0_t5,SUB
c_t1_t0_t1_t0,a1010,b1010,MUL
c_t1_t0_t1_t1,a1011,b1011,MUL
c_t1_t0_t1_t2,a1010,a1011,ADD
c_t1_t0_t1_t3,b1010,b1011,ADD
c_t1_t0_t1_t4,c_t1_t0_t1_t2,c_t1_t0_t1_t3,MUL
c_t1_t0_t1_s00,c_t1_t0_t1_t1,c_t1_t0_t1_t1,ADD
c_t1_t0_t1_s01,c_t1_t0_t1_s00,c_t1_t0_t1_t1,ADD
c_t1_t0_t1_s02,c_t1_t0_t1_s01,c_t1_t0_t1_s01,ADD
c_t1_t0_t1_s03,c_t1_t0_t1_s02,c_t1_t0_t1_s02,ADD
c_t1_t0_t1_s04,c_t1_t0_t1_s03,c_t1_t0_t1_t1,ADD
c_t1_t0_t10,c_t1_t0_t1_t0,c_t1_t0_t1_s04,ADD
c_t1_t0_t1_t5,c_t1_t0_t1_t0,c_t1_t0_t1_t1,ADD
c_t1_t0_t11,c_t1_t0_t1_t4,c_t1_t0_t1_t5,SUB
c_t1_t0_t20,a1000,a1010,ADD
c_t1_t0_t21,a1001,a1011,ADD
c_t1_t0_t30,b1000,b1010,ADD
c_t1_t0_t31,b1001,b1011,ADD
c_t1_t0_t4_t0,c_t1_t0_t20,c_t1_t0_t30,MUL
c_t1_t0_t4_t1,c_t1_t0_t21,c_t1_t0_t31,MUL
c_t1_t0_t4_t2,c_t1_t0_t20,c_t1_t0_t21,ADD
c_t1_t0_t4_t3,c_t1_t0_t30,c_t1_t0_t31,ADD
c_t1_t0_t4_t4,c_t1_t0_t4_t2,c_t1_t0_t4_t3,MUL
c_t1_t0_t4_s00,c_t1_t0_t4_t1,c_t1_t0_t4_t1,ADD
c_t1_t0_t4_s01,c_t1_t0_t4_s00,c_t1_t0_t4_t1,ADD
c_t1_t0_t4_s02,c_t1_t0_t4_s01,c_t1_t0_t4_s01,ADD
c_t1_t0_t4_s03,c_t1_t0_t4_s02,c_t1_t0_t4_s02,ADD
c_t1_t0_t4_s04,c_t1_t0_t4_s03,c_t1_t0_t4_t1,ADD
c_t1_t0_t40,c_t1_t0_t4_t0,c_t1_t0_t4_s04,ADD
c_t1_t0_t4_t5,c_t1_t0_t4_t0,c_t1_t0_t4_t1,ADD
c_t1_t0_t41,c_t1_t0_t4_t4,c_t1_t0_t4_t5,SUB
c_t1_t0_s0_y1_0,c_t1_t0_t11,c_t1_t0_t11,ADD
c_t1_t0_s0_y1_1,c_t1_t0_s0_y1_0,c_t1_t0_t11,ADD
c_t1_t0_s0_y1_2,c_t1_t0_s0_y1_1,c_t1_t0_s0_y1_1,ADD
c_t1_t0_s0_y1_3,c_t1_t0_s0_y1_2,c_t1_t0_s0_y1_2,ADD
c_t1_t0_s0_y1_4,c_t1_t0_s0_y1_3,c_t1_t0_t11,ADD
c_t1_t000,c_t1_t0_t00,c_t1_t0_s0_y1_4,ADD
c_t1_t001,c_t1_t0_t01,c_t1_t0_t10,ADD
c_t1_t0_t50,c_t1_t0_t00,c_t1_t0_t10,ADD
c_t1_t0_t51,c_t1_t0_t01,c_t1_t0_t11,ADD
c_t1_t010,c_t1_t0_t40,c_t1_t0_t50,SUB
c_t1_t011,c_t1_t0_t41,c_t1_t0_t51,SUB
c_t1_t1_t0_t0,a1100,b1100,MUL
c_t1_t1_t0_t1,a1101,b1101,MUL
c_t1_t1_t0_t2,a1100,a1101,ADD
c_t1_t1_t0_t3,b1100,b1101,ADD
c_t1_t1_t0_t4,c_t1_t1_t0_t2,c_t1_t1_t0_t3,MUL
c_t1_t1_t0_s00,c_t1_t1_t0_t1,c_t1_t1_t0_t1,ADD
c_t1_t1_t0_s01,c_t1_t1_t0_s00,c_t1_t1_t0_t1,ADD
c_t1_t1_t0_s02,c_t1_t1_t0_s01,c_t1_t1_t0_s01,ADD
c_t1_t1_t0_s03,c_t1_t1_t0_s02,c_t1_t1_t0_s02,ADD
c_t1_t1_t0_s04,c_t1_t1_t0_s03,c_t1_t1_t0_t1,ADD
c_t1_t1_t00,c_t1_t1_t0_t0,c_t1_t1_t0_s04,ADD
c_t1_t1_t0_t5,c_t1_t1_t0_t0,c_t1_t1_t0_t1,ADD
c_t1_t1_t01,c_t1_t1_t0_t4,c_t1_t1_t0_t5,SUB
c_t1_t1_t1_t0,a1110,b1110,MUL
c_t1_t1_t1_t1,a1111,b1111,MUL
c_t1_t1_t1_t2,a1110,a1111,ADD
c_t1_t1_t1_t3,b1110,b1111,ADD
c_t1_t1_t1_t4,c_t1_t1_t1_t2,c_t1_t1_t1_t3,MUL
c_t1_t1_t1_s00,c_t1_t1_t1_t1,c_t1_t1_t1_t1,ADD
c_t1_t1_t1_s01,c_t1_t1_t1_s00,c_t1_t1_t1_t1,ADD
c_t1_t1_t1_s02,c_t1_t1_t1_s01,c_t1_t1_t1_s01,ADD
c_t1_t1_t1_s03,c_t1_t1_t1_s02,c_t1_t1_t1_s02,ADD
c_t1_t1_t1_s04,c_t1_t1_t1_s03,c_t1_t1_t1_t1,ADD
c_t1_t1_t10,c_t1_t1_t1_t0,c_t1_t1_t1_s04,ADD
c_t1_t1_t1_t5,c_t1_t1_t1_t0,c_t1_t1_t1_t1,ADD
c_t1_t1_t11,c_t1_t1_t1_t4,c_t1_t1_t1_t5,SUB
c_t1_t1_t20,a1100,a1110,ADD
c_t1_t1_t21,a1101,a1111,ADD
c_t1_t1_t30,b1100,b1110,ADD
c_t1_t1_t31,b1101,b1111,ADD
c_t1_t1_t4_t0,c_t1_t1_t20,c_t1_t1_t30,MUL
c_t1_t1_t4_t1,c_t1_t1_t21,c_t1_t1_t31,MUL
c_t1_t1_t4_t2,c_t1_t1_t20,c_t1_t1_t21,ADD
c_t1_t1_t4_t3,c_t1_t1_t30,c_t1_t1_t31,ADD
c_t1_t1_t4_t4,c_t1_t1_t4_t2,c_t1_t1_t4_t3,MUL
c_t1_t1_t4_s00,c_t1_t1_t4_t1,c_t1_t1_t4_t1,ADD
c_t1_t1_t4_s01,c_t1_t1_t4_s00,c_t1_t1_t4_t1,ADD
c_t1_t1_t4_s02,c_t1_t1_t4_s01,c_t1_t1_t4_s01,ADD
c_t1_t1_t4_s03,c_t1_t1_t4_s02,c_t1_t1_t4_s02,ADD
c_t1_t1_t4_s04,c_t1_t1_t4_s03,c_t1_t1_t4_t1,ADD
c_t1_t1_t40,c_t1_t1_t4_t0,c_t1_t1_t4_s04,ADD
c_t1_t1_t4_t5,c_t1_t1_t4_t0,c_t1_t1_t4_t1,ADD
c_t1_t1_t41,c_t1_t1_t4_t4,c_t1_t1_t4_t5,SUB
c_t1_t1_s0_y1_0,c_t1_t1_t11,c_t1_t1_t11,ADD
c_t1_t1_s0_y1_1,c_t1_t1_s0_y1_0,c_t1_t1_t11,ADD
c_t1_t1_s0_y1_2,c_t1_t1_s0_y1_1,c_t1_t1_s0_y1_1,ADD
c_t1_t1_s0_y1_3,c_t1_t1_s0_y1_2,c_t1_t1_s0_y1_2,ADD
c_t1_t1_s0_y1_4,c_t1_t1_s0_y1_3,c_t1_t1_t11,ADD
c_t1_t100,c_t1_t1_t00,c_t1_t1_s0_y1_4,ADD
c_t1_t101,c_t1_t1_t01,c_t1_t1_t10,ADD
c_t1_t1_t50,c_t1_t1_t00,c_t1_t1_t10,ADD
c_t1_t1_t51,c_t1_t1_t01,c_t1_t1_t11,ADD
c_t1_t110,c_t1_t1_t40,c_t1_t1_t50,SUB
c_t1_t111,c_t1_t1_t41,c_t1_t1_t51,SUB
c_t1_t2_t0_t0,a1200,b1200,MUL
c_t1_t2_t0_t1,a1201,b1201,MUL
c_t1_t2_t0_t2,a1200,a1201,ADD
c_t1_t2_t0_t3,b1200,b1201,ADD
c_t1_t2_t0_t4,c_t1_t2_t0_t2,c_t1_t2_t0_t3,MUL
c_t1_t2_t0_s00,c_t1_t2_t0_t1,c_t1_t2_t0_t1,ADD
c_t1_t2_t0_s01,c_t1_t2_t0_s00,c_t1_t2_t0_t1,ADD
c_t1_t2_t0_s02,c_t1_t2_t0_s01,c_t1_t2_t0_s01,ADD
c_t1_t2_t0_s03,c_t1_t2_t0_s02,c_t1_t2_t0_s02,ADD
c_t1_t2_t0_s04,c_t1_t2_t0_s03,c_t1_t2_t0_t1,ADD
c_t1_t2_t00,c_t1_t2_t0_t0,c_t1_t2_t0_s04,ADD
c_t1_t2_t0_t5,c_t1_t2_t0_t0,c_t1_t2_t0_t1,ADD
c_t1_t2_t01,c_t1_t2_t0_t4,c_t1_t2_t0_t5,SUB
c_t1_t2_t1_t0,a1210,b1210,MUL
c_t1_t2_t1_t1,a1211,b1211,MUL
c_t1_t2_t1_t2,a1210,a1211,ADD
c_t1_t2_t1_t3,b1210,b1211,ADD
c_t1_t2_t1_t4,c_t1_t2_t1_t2,c_t1_t2_t1_t3,MUL
c_t1_t2_t1_s00,c_t1_t2_t1_t1,c_t1_t2_t1_t1,ADD
c_t1_t2_t1_s01,c_t1_t2_t1_s00,c_t1_t2_t1_t1,ADD
c_t1_t2_t1_s02,c_t1_t2_t1_s01,c_t1_t2_t1_s01,ADD
c_t1_t2_t1_s03,c_t1_t2_t1_s02,c_t1_t2_t1_s02,ADD
c_t1_t2_t1_s04,c_t1_t2_t1_s03,c_t1_t2_t1_t1,ADD
c_t1_t2_t10,c_t1_t2_t1_t0,c_t1_t2_t1_s04,ADD
c_t1_t2_t1_t5,c_t1_t2_t1_t0,c_t1_t2_t1_t1,ADD
c_t1_t2_t11,c_t1_t2_t1_t4,c_t1_t2_t1_t5,SUB
c_t1_t2_t20,a1200,a1210,ADD
c_t1_t2_t21,a1201,a1211,ADD
c_t1_t2_t30,b1200,b1210,ADD
c_t1_t2_t31,b1201,b1211,ADD
c_t1_t2_t4_t0,c_t1_t2_t20,c_t1_t2_t30,MUL
c_t1_t2_t4_t1,c_t1_t2_t21,c_t1_t2_t31,MUL
c_t1_t2_t4_t2,c_t1_t2_t20,c_t1_t2_t21,ADD
c_t1_t2_t4_t3,c_t1_t2_t30,c_t1_t2_t31,ADD
c_t1_t2_t4_t4,c_t1_t2_t4_t2,c_t1_t2_t4_t3,MUL
c_t1_t2_t4_s00,c_t1_t2_t4_t1,c_t1_t2_t4_t1,ADD
c_t1_t2_t4_s01,c_t1_t2_t4_s00,c_t1_t2_t4_t1,ADD
c_t1_t2_t4_s02,c_t1_t2_t4_s01,c_t1_t2_t4_s01,ADD
c_t1_t2_t4_s03,c_t1_t2_t4_s02,c_t1_t2_t4_s02,ADD
c_t1_t2_t4_s04,c_t1_t2_t4_s03,c_t1_t2_t4_t1,ADD
c_t1_t2_t40,c_t1_t2_t4_t0,c_t1_t2_t4_s04,ADD
c_t1_t2_t4_t5,c_t1_t2_t4_t0,c_t1_t2_t4_t1,ADD
c_t1_t2_t41,c_t1_t2_t4_t4,c_t1_t2_t4_t5,SUB
c_t1_t2_s0_y1_0,c_t1_t2_t11,c_t1_t2_t11,ADD
c_t1_t2_s0_y1_1,c_t1_t2_s0_y1_0,c_t1_t2_t11,ADD
c_t1_t2_s0_y1_2,c_t1_t2_s0_y1_1,c_t1_t2_s0_y1_1,ADD
c_t1_t2_s0_y1_3,c_t1_t2_s0_y1_2,c_t1_t2_s0_y1_2,ADD
c_t1_t2_s0_y1_4,c_t1_t2_s0_y1_3,c_t1_t2_t11,ADD
c_t1_t200,c_t1_t2_t00,c_t1_t2_s0_y1_4,ADD
c_t1_t201,c_t1_t2_t01,c_t1_t2_t10,ADD
c_t1_t2_t50,c_t1_t2_t00,c_t1_t2_t10,ADD
c_t1_t2_t51,c_t1_t2_t01,c_t1_t2_t11,ADD
c_t1_t210,c_t1_t2_t40,c_t1_t2_t50,SUB
c_t1_t211,c_t1_t2_t41,c_t1_t2_t51,SUB
c_t1_t3000,a1000,a1100,ADD
c_t1_t3001,a1001,a1101,ADD
c_t1_t3010,a1010,a1110,ADD
c_t1_t3011,a1011,a1111,ADD
c_t1_t3100,b1000,b1100,ADD
c_t1_t3101,b1001,b1101,ADD
c_t1_t3110,b1010,b1110,ADD
c_t1_t3111,b1011,b1111,ADD
c_t1_t3_t0_t0,c_t1_t3000,c_t1_t3100,MUL
c_t1_t3_t0_t1,c_t1_t3001,c_t1_t3101,MUL
c_t1_t3_t0_t2,c_t1_t3000,c_t1_t3001,ADD
c_t1_t3_t0_t3,c_t1_t3100,c_t1_t3101,ADD
c_t1_t3_t0_t4,c_t1_t3_t0_t2,c_t1_t3_t0_t3,MUL
c_t1_t3_t0_s00,c_t1_t3_t0_t1,c_t1_t3_t0_t1,ADD
c_t1_t3_t0_s01,c_t1_t3_t0_s00,c_t1_t3_t0_t1,ADD
c_t1_t3_t0_s02,c_t1_t3_t0_s01,c_t1_t3_t0_s01,ADD
c_t1_t3_t0_s03,c_t1_t3_t0_s02,c_t1_t3_t0_s02,ADD
c_t1_t3_t0_s04,c_t1_t3_t0_s03,c_t1_t3_t0_t1,ADD
c_t1_t3_t00,c_t1_t3_t0_t0,c_t1_t3_t0_s04,ADD
c_t1_t3_t0_t5,c_t1_t3_t0_t0,c_t1_t3_t0_t1,ADD
c_t1_t3_t01,c_t1_t3_t0_t4,c_t1_t3_t0_t5,SUB
c_t1_t3_t1_t0,c_t1_t3010,c_t1_t3110,MUL
c_t1_t3_t1_t1,c_t1_t3011,c_t1_t3111,MUL
c_t1_t3_t1_t2,c_t1_t3010,c_t1_t3011,ADD
c_t1_t3_t1_t3,c_t1_t3110,c_t1_t3111,ADD
c_t1_t3_t1_t4,c_t1_t3_t1_t2,c_t1_t3_t1_t3,MUL
c_t1_t3_t1_s00,c_t1_t3_t1_t1,c_t1_t3_t1_t1,ADD
c_t1_t3_t1_s01,c_t1_t3_t1_s00,c_t1_t3_t1_t1,ADD
c_t1_t3_t1_s02,c_t1_t3_t1_s01,c_t1_t3_t1_s01,ADD
c_t1_t3_t1_s03,c_t1_t3_t1_s02,c_t1_t3_t1_s02,ADD
c_t1_t3_t1_s04,c_t1_t3_t1_s03,c_t1_t3_t1_t1,ADD
c_t1_t3_t10,c_t1_t3_t1_t0,c_t1_t3_t1_s04,ADD
c_t1_t3_t1_t5,c_t1_t3_t1_t0,c_t1_t3_t1_t1,ADD
c_t1_t3_t11,c_t1_t3_t1_t4,c_t1_t3_t1_t5,SUB
c_t1_t3_t20,c_t1_t3000,c_t1_t3010,ADD
c_t1_t3_t21,c_t1_t3001,c_t1_t3011,ADD
c_t1_t3_t30,c_t1_t3100,c_t1_t3110,ADD
c_t1_t3_t31,c_t1_t3101,c_t1_t3111,ADD
c_t1_t3_t4_t0,c_t1_t3_t20,c_t1_t3_t30,MUL
c_t1_t3_t4_t1,c_t1_t3_t21,c_t1_t3_t31,MUL
c_t1_t3_t4_t2,c_t1_t3_t20,c_t1_t3_t21,ADD
c_t1_t3_t4_t3,c_t1_t3_t30,c_t1_t3_t31,ADD
c_t1_t3_t4_t4,c_t1_t3_t4_t2,c_t1_t3_t4_t3,MUL
c_t1_t3_t4_s00,c_t1_t3_t4_t1,c_t1_t3_t4_t1,ADD
c_t1_t3_t4_s01,c_t1_t3_t4_s00,c_t1_t3_t4_t1,ADD
c_t1_t3_t4_s02,c_t1_t3_t4_s01,c_t1_t3_t4_s01,ADD
c_t1_t3_t4_s03,c_t1_t3_t4_s02,c_t1_t3_t4_s02,ADD
c_t1_t3_t4_s04,c_t1_t3_t4_s03,c_t1_t3_t4_t1,ADD
c_t1_t3_t40,c_t1_t3_t4_t0,c_t1_t3_t4_s04,ADD
c_t1_t3_t4_t5,c_t1_t3_t4_t0,c_t1_t3_t4_t1,ADD
c_t1_t3_t41,c_t1_t3_t4_t4,c_t1_t3_t4_t5,SUB
c_t1_t3_s0_y1_0,c_t1_t3_t11,c_t1_t3_t11,ADD
c_t1_t3_s0_y1_1,c_t1_t3_s0_y1_0,c_t1_t3_t11,ADD
c_t1_t3_s0_y1_2,c_t1_t3_s0_y1_1,c_t1_t3_s0_y1_1,ADD
c_t1_t3_s0_y1_3,c_t1_t3_s0_y1_2,c_t1_t3_s0_y1_2,ADD
c_t1_t3_s0_y1_4,c_t1_t3_s0_y1_3,c_t1_t3_t11,ADD
c_t1_t300,c_t1_t3_t00,c_t1_t3_s0_y1_4,ADD
c_t1_t301,c_t1_t3_t01,c_t1_t3_t10,ADD
c_t1_t3_t50,c_t1_t3_t00,c_t1_t3_t10,ADD
c_t1_t3_t51,c_t1_t3_t01,c_t1_t3_t11,ADD
c_t1_t310,c_t1_t3_t40,c_t1_t3_t50,SUB
c_t1_t311,c_t1_t3_t41,c_t1_t3_t51,SUB
c_t1_t4000,a1100,a1200,ADD
c_t1_t4001,a1101,a1201,ADD
c_t1_t4010,a1110,a1210,ADD
c_t1_t4011,a1111,a1211,ADD
c_t1_t4100,b1100,b1200,ADD
c_t1_t4101,b1101,b1201,ADD
c_t1_t4110,b1110,b1210,ADD
c_t1_t4111,b1111,b1211,ADD
c_t1_t4_t0_t0,c_t1_t4000,c_t1_t4100,MUL
c_t1_t4_t0_t1,c_t1_t4001,c_t1_t4101,MUL
c_t1_t4_t0_t2,c_t1_t4000,c_t1_t4001,ADD
c_t1_t4_t0_t3,c_t1_t4100,c_t1_t4101,ADD
c_t1_t4_t0_t4,c_t1_t4_t0_t2,c_t1_t4_t0_t3,MUL
c_t1_t4_t0_s00,c_t1_t4_t0_t1,c_t1_t4_t0_t1,ADD
c_t1_t4_t0_s01,c_t1_t4_t0_s00,c_t1_t4_t0_t1,ADD
c_t1_t4_t0_s02,c_t1_t4_t0_s01,c_t1_t4_t0_s01,ADD
c_t1_t4_t0_s03,c_t1_t4_t0_s02,c_t1_t4_t0_s02,ADD
c_t1_t4_t0_s04,c_t1_t4_t0_s03,c_t1_t4_t0_t1,ADD
c_t1_t4_t00,c_t1_t4_t0_t0,c_t1_t4_t0_s04,ADD
c_t1_t4_t0_t5,c_t1_t4_t0_t0,c_t1_t4_t0_t1,ADD
c_t1_t4_t01,c_t1_t4_t0_t4,c_t1_t4_t0_t5,SUB
c_t1_t4_t1_t0,c_t1_t4010,c_t1_t4110,MUL
c_t1_t4_t1_t1,c_t1_t4011,c_t1_t4111,MUL
c_t1_t4_t1_t2,c_t1_t4010,c_t1_t4011,ADD
c_t1_t4_t1_t3,c_t1_t4110,c_t1_t4111,ADD
c_t1_t4_t1_t4,c_t1_t4_t1_t2,c_t1_t4_t1_t3,MUL
c_t1_t4_t1_s00,c_t1_t4_t1_t1,c_t1_t4_t1_t1,ADD
c_t1_t4_t1_s01,c_t1_t4_t1_s00,c_t1_t4_t1_t1,ADD
c_t1_t4_t1_s02,c_t1_t4_t1_s01,c_t1_t4_t1_s01,ADD
c_t1_t4_t1_s03,c_t1_t4_t1_s02,c_t1_t4_t1_s02,ADD
c_t1_t4_t1_s04,c_t1_t4_t1_s03,c_t1_t4_t1_t1,ADD
c_t1_t4_t10,c_t1_t4_t1_t0,c_t1_t4_t1_s04,ADD
c_t1_t4_t1_t5,c_t1_t4_t1_t0,c_t1_t4_t1_t1,ADD
c_t1_t4_t11,c_t1_t4_t1_t4,c_t1_t4_t1_t5,SUB
c_t1_t4_t20,c_t1_t4000,c_t1_t4010,ADD
c_t1_t4_t21,c_t1_t4001,c_t1_t4011,ADD
c_t1_t4_t30,c_t1_t4100,c_t1_t4110,ADD
c_t1_t4_t31,c_t1_t4101,c_t1_t4111,ADD
c_t1_t4_t4_t0,c_t1_t4_t20,c_t1_t4_t30,MUL
c_t1_t4_t4_t1,c_t1_t4_t21,c_t1_t4_t31,MUL
c_t1_t4_t4_t2,c_t1_t4_t20,c_t1_t4_t21,ADD
c_t1_t4_t4_t3,c_t1_t4_t30,c_t1_t4_t31,ADD
c_t1_t4_t4_t4,c_t1_t4_t4_t2,c_t1_t4_t4_t3,MUL
c_t1_t4_t4_s00,c_t1_t4_t4_t1,c_t1_t4_t4_t1,ADD
c_t1_t4_t4_s01,c_t1_t4_t4_s00,c_t1_t4_t4_t1,ADD
c_t1_t4_t4_s02,c_t1_t4_t4_s01,c_t1_t4_t4_s01,ADD
c_t1_t4_t4_s03,c_t1_t4_t4_s02,c_t1_t4_t4_s02,ADD
c_t1_t4_t4_s04,c_t1_t4_t4_s03,c_t1_t4_t4_t1,ADD
c_t1_t4_t40,c_t1_t4_t4_t0,c_t1_t4_t4_s04,ADD
c_t1_t4_t4_t5,c_t1_t4_t4_t0,c_t1_t4_t4_t1,ADD
c_t1_t4_t41,c_t1_t4_t4_t4,c_t1_t4_t4_t5,SUB
c_t1_t4_s0_y1_0,c_t1_t4_t11,c_t1_t4_t11,ADD
c_t1_t4_s0_y1_1,c_t1_t4_s0_y1_0,c_t1_t4_t11,ADD
c_t1_t4_s0_y1_2,c_t1_t4_s0_y1_1,c_t1_t4_s0_y1_1,ADD
c_t1_t4_s0_y1_3,c_t1_t4_s0_y1_2,c_t1_t4_s0_y1_2,ADD
c_t1_t4_s0_y1_4,c_t1_t4_s0_y1_3,c_t1_t4_t11,ADD
c_t1_t400,c_t1_t4_t00,c_t1_t4_s0_y1_4,ADD
c_t1_t401,c_t1_t4_t01,c_t1_t4_t10,ADD
c_t1_t4_t50,c_t1_t4_t00,c_t1_t4_t10,ADD
c_t1_t4_t51,c_t1_t4_t01,c_t1_t4_t11,ADD
c_t1_t410,c_t1_t4_t40,c_t1_t4_t50,SUB
c_t1_t411,c_t1_t4_t41,c_t1_t4_t51,SUB
c_t1_t5000,a1200,a1000,ADD
c_t1_t5001,a1201,a1001,ADD
c_t1_t5010,a1210,a1010,ADD
c_t1_t5011,a1211,a1011,ADD
c_t1_t5100,b1200,b1000,ADD
c_t1_t5101,b1201,b1001,ADD
c_t1_t5110,b1210,b1010,ADD
c_t1_t5111,b1211,b1011,ADD
c_t1_t5_t0_t0,c_t1_t5000,c_t1_t5100,MUL
c_t1_t5_t0_t1,c_t1_t5001,c_t1_t5101,MUL
c_t1_t5_t0_t2,c_t1_t5000,c_t1_t5001,ADD
c_t1_t5_t0_t3,c_t1_t5100,c_t1_t5101,ADD
c_t1_t5_t0_t4,c_t1_t5_t0_t2,c_t1_t5_t0_t3,MUL
c_t1_t5_t0_s00,c_t1_t5_t0_t1,c_t1_t5_t0_t1,ADD
c_t1_t5_t0_s01,c_t1_t5_t0_s00,c_t1_t5_t0_t1,ADD
c_t1_t5_t0_s02,c_t1_t5_t0_s01,c_t1_t5_t0_s01,ADD
c_t1_t5_t0_s03,c_t1_t5_t0_s02,c_t1_t5_t0_s02,ADD
c_t1_t5_t0_s04,c_t1_t5_t0_s03,c_t1_t5_t0_t1,ADD
c_t1_t5_t00,c_t1_t5_t0_t0,c_t1_t5_t0_s04,ADD
c_t1_t5_t0_t5,c_t1_t5_t0_t0,c_t1_t5_t0_t1,ADD
c_t1_t5_t01,c_t1_t5_t0_t4,c_t1_t5_t0_t5,SUB
c_t1_t5_t1_t0,c_t1_t5010,c_t1_t5110,MUL
c_t1_t5_t1_t1,c_t1_t5011,c_t1_t5111,MUL
c_t1_t5_t1_t2,c_t1_t5010,c_t1_t5011,ADD
c_t1_t5_t1_t3,c_t1_t5110,c_t1_t5111,ADD
c_t1_t5_t1_t4,c_t1_t5_t1_t2,c_t1_t5_t1_t3,MUL
c_t1_t5_t1_s00,c_t1_t5_t1_t1,c_t1_t5_t1_t1,ADD
c_t1_t5_t1_s01,c_t1_t5_t1_s00,c_t1_t5_t1_t1,ADD
c_t1_t5_t1_s02,c_t1_t5_t1_s01,c_t1_t5_t1_s01,ADD
c_t1_t5_t1_s03,c_t1_t5_t1_s02,c_t1_t5_t1_s02,ADD
c_t1_t5_t1_s04,c_t1_t5_t1_s03,c_t1_t5_t1_t1,ADD
c_t1_t5_t10,c_t1_t5_t1_t0,c_t1_t5_t1_s04,ADD
c_t1_t5_t1_t5,c_t1_t5_t1_t0,c_t1_t5_t1_t1,ADD
c_t1_t5_t11,c_t1_t5_t1_t4,c_t1_t5_t1_t5,SUB
c_t1_t5_t20,c_t1_t5000,c_t1_t5010,ADD
c_t1_t5_t21,c_t1_t5001,c_t1_t5011,ADD
c_t1_t5_t30,c_t1_t5100,c_t1_t5110,ADD
c_t1_t5_t31,c_t1_t5101,c_t1_t5111,ADD
c_t1_t5_t4_t0,c_t1_t5_t20,c_t1_t5_t30,MUL
c_t1_t5_t4_t1,c_t1_t5_t21,c_t1_t5_t31,MUL
c_t1_t5_t4_t2,c_t1_t5_t20,c_t1_t5_t21,ADD
c_t1_t5_t4_t3,c_t1_t5_t30,c_t1_t5_t31,ADD
c_t1_t5_t4_t4,c_t1_t5_t4_t2,c_t1_t5_t4_t3,MUL
c_t1_t5_t4_s00,c_t1_t5_t4_t1,c_t1_t5_t4_t1,ADD
c_t1_t5_t4_s01,c_t1_t5_t4_s00,c_t1_t5_t4_t1,ADD
c_t1_t5_t4_s02,c_t1_t5_t4_s01,c_t1_t5_t4_s01,ADD
c_t1_t5_t4_s03,c_t1_t5_t4_s02,c_t1_t5_t4_s02,ADD
c_t1_t5_t4_s04,c_t1_t5_t4_s03,c_t1_t5_t4_t1,ADD
c_t1_t5_t40,c_t1_t5_t4_t0,c_t1_t5_t4_s04,ADD
c_t1_t5_t4_t5,c_t1_t5_t4_t0,c_t1_t5_t4_t1,ADD
c_t1_t5_t41,c_t1_t5_t4_t4,c_t1_t5_t4_t5,SUB
c_t1_t5_s0_y1_0,c_t1_t5_t11,c_t1_t5_t11,ADD
c_t1_t5_s0_y1_1,c_t1_t5_s0_y1_0,c_t1_t5_t11,ADD
c_t1_t5_s0_y1_2,c_t1_t5_s0_y1_1,c_t1_t5_s0_y1_1,ADD
c_t1_t5_s0_y1_3,c_t1_t5_s0_y1_2,c_t1_t5_s0_y1_2,ADD
c_t1_t5_s0_y1_4,c_t1_t5_s0_y1_3,c_t1_t5_t11,ADD
c_t1_t500,c_t1_t5_t00,c_t1_t5_s0_y1_4,ADD
c_t1_t501,c_t1_t5_t01,c_t1_t5_t10,ADD
c_t1_t5_t50,c_t1_t5_t00,c_t1_t5_t10,ADD
c_t1_t5_t51,c_t1_t5_t01,c_t1_t5_t11,ADD
c_t1_t510,c_t1_t5_t40,c_t1_t5_t50,SUB
c_t1_t511,c_t1_t5_t41,c_t1_t5_t51,SUB
c_t1_t6000,c_t1_t000,c_t1_t100,ADD
c_t1_t6001,c_t1_t001,c_t1_t101,ADD
c_t1_t6010,c_t1_t010,c_t1_t110,ADD
c_t1_t6011,c_t1_t011,c_t1_t111,ADD
c_t1_t600,c_t1_t300,c_t1_t6000,SUB
c_t1_t601,c_t1_t301,c_t1_t6001,SUB
c_t1_t610,c_t1_t310,c_t1_t6010,SUB
c_t1_t611,c_t1_t311,c_t1_t6011,SUB
c_t1_t9_y1__y1_0,c_t1_t211,c_t1_t211,ADD
c_t1_t9_y1__y1_1,c_t1_t9_y1__y1_0,c_t1_t211,ADD
c_t1_t9_y1__y1_2,c_t1_t9_y1__y1_1,c_t1_t9_y1__y1_1,ADD
c_t1_t9_y1__y1_3,c_t1_t9_y1__y1_2,c_t1_t9_y1__y1_2,ADD
c_t1_t9_y1__y1_4,c_t1_t9_y1__y1_3,c_t1_t211,ADD
c_t1100,c_t1_t600,c_t1_t9_y1__y1_4,ADD
c_t1101,c_t1_t601,c_t1_t210,ADD
c_t1110,c_t1_t610,c_t1_t200,ADD
c_t1111,c_t1_t611,c_t1_t201,ADD
c_t1_t7000,c_t1_t100,c_t1_t200,ADD
c_t1_t7001,c_t1_t101,c_t1_t201,ADD
c_t1_t7010,c_t1_t110,c_t1_t210,ADD
c_t1_t7011,c_t1_t111,c_t1_t211,ADD
c_t1_t7100,c_t1_t400,c_t1_t7000,SUB
c_t1_t7101,c_t1_t401,c_t1_t7001,SUB
c_t1_t7110,c_t1_t410,c_t1_t7010,SUB
c_t1_t7111,c_t1_t411,c_t1_t7011,SUB
c_t1_t7_y1__y1_0,c_t1_t7111,c_t1_t7111,ADD
c_t1_t7_y1__y1_1,c_t1_t7_y1__y1_0,c_t1_t7111,ADD
c_t1_t7_y1__y1_2,c_t1_t7_y1__y1_1,c_t1_t7_y1__y1_1,ADD
c_t1_t7_y1__y1_3,c_t1_t7_y1__y1_2,c_t1_t7_y1__y1_2,ADD
c_t1_t7_y1__y1_4,c_t1_t7_y1__y1_3,c_t1_t7111,ADD
c_t1000,c_t1_t000,c_t1_t7_y1__y1_4,ADD
c_t1001,c_t1_t001,c_t1_t7110,ADD
c_t1010,c_t1_t010,c_t1_t7100,ADD
c_t1011,c_t1_t011,c_t1_t7101,ADD
c_t1_t8000,c_t1_t200,c_t1_t000,ADD
c_t1_t8001,c_t1_t201,c_t1_t001,ADD
c_t1_t8010,c_t1_t210,c_t1_t010,ADD
c_t1_t8011,c_t1_t211,c_t1_t011,ADD
c_t1_t800,c_t1_t500,c_t1_t8000,SUB
c_t1_t801,c_t1_t501,c_t1_t8001,SUB
c_t1_t810,c_t1_t510,c_t1_t8010,SUB
c_t1_t811,c_t1_t511,c_t1_t8011,SUB
c_t1200,c_t1_t800,c_t1_t100,ADD
c_t1201,c_t1_t801,c_t1_t101,ADD
c_t1210,c_t1_t810,c_t1_t110,ADD
c_t1211,c_t1_t811,c_t1_t111,ADD
c_t2000,a0000,a1000,ADD
c_t2001,a0001,a1001,ADD
c_t2010,a0010,a1010,ADD
c_t2011,a0011,a1011,ADD
c_t2100,a0100,a1100,ADD
c_t2101,a0101,a1101,ADD
c_t2110,a0110,a1110,ADD
c_t2111,a0111,a1111,ADD
c_t2200,a0200,a1200,ADD
c_t2201,a0201,a1201,ADD
c_t2210,a0210,a1210,ADD
c_t2211,a0211,a1211,ADD
c_t3000,b0000,b1000,ADD
c_t3001,b0001,b1001,ADD
c_t3010,b0010,b1010,ADD
c_t3011,b0011,b1011,ADD
c_t3100,b0100,b1100,ADD
c_t3101,b0101,b1101,ADD
c_t3110,b0110,b1110,ADD
c_t3111,b0111,b1111,ADD
c_t3200,b0200,b1200,ADD
c_t3201,b0201,b1201,ADD
c_t3210,b0210,b1210,ADD
c_t3211,b0211,b1211,ADD
c_t4_t0_t0_t0,c_t2000,c_t3000,MUL
c_t4_t0_t0_t1,c_t2001,c_t3001,MUL
c_t4_t0_t0_t2,c_t2000,c_t2001,ADD
c_t4_t0_t0_t3,c_t3000,c_t3001,ADD
c_t4_t0_t0_t4,c_t4_t0_t0_t2,c_t4_t0_t0_t3,MUL
c_t4_t0_t0_s00,c_t4_t0_t0_t1,c_t4_t0_t0_t1,ADD
c_t4_t0_t0_s01,c_t4_t0_t0_s00,c_t4_t0_t0_t1,ADD
c_t4_t0_t0_s02,c_t4_t0_t0_s01,c_t4_t0_t0_s01,ADD
c_t4_t0_t0_s03,c_t4_t0_t0_s02,c_t4_t0_t0_s02,ADD
c_t4_t0_t0_s04,c_t4_t0_t0_s03,c_t4_t0_t0_t1,ADD
c_t4_t0_t00,c_t4_t0_t0_t0,c_t4_t0_t0_s04,ADD
c_t4_t0_t0_t5,c_t4_t0_t0_t0,c_t4_t0_t0_t1,ADD
c_t4_t0_t01,c_t4_t0_t0_t4,c_t4_t0_t0_t5,SUB
c_t4_t0_t1_t0,c_t2010,c_t3010,MUL
c_t4_t0_t1_t1,c_t2011,c_t3011,MUL
c_t4_t0_t1_t2,c_t2010,c_t2011,ADD
c_t4_t0_t1_t3,c_t3010,c_t3011,ADD
c_t4_t0_t1_t4,c_t4_t0_t1_t2,c_t4_t0_t1_t3,MUL
c_t4_t0_t1_s00,c_t4_t0_t1_t1,c_t4_t0_t1_t1,ADD
c_t4_t0_t1_s01,c_t4_t0_t1_s00,c_t4_t0_t1_t1,ADD
c_t4_t0_t1_s02,c_t4_t0_t1_s01,c_t4_t0_t1_s01,ADD
c_t4_t0_t1_s03,c_t4_t0_t1_s02,c_t4_t0_t1_s02,ADD
c_t4_t0_t1_s04,c_t4_t0_t1_s03,c_t4_t0_t1_t1,ADD
c_t4_t0_t10,c_t4_t0_t1_t0,c_t4_t0_t1_s04,ADD
c_t4_t0_t1_t5,c_t4_t0_t1_t0,c_t4_t0_t1_t1,ADD
c_t4_t0_t11,c_t4_t0_t1_t4,c_t4_t0_t1_t5,SUB
c_t4_t0_t20,c_t2000,c_t2010,ADD
c_t4_t0_t21,c_t2001,c_t2011,ADD
c_t4_t0_t30,c_t3000,c_t3010,ADD
c_t4_t0_t31,c_t3001,c_t3011,ADD
c_t4_t0_t4_t0,c_t4_t0_t20,c_t4_t0_t30,MUL
c_t4_t0_t4_t1,c_t4_t0_t21,c_t4_t0_t31,MUL
c_t4_t0_t4_t2,c_t4_t0_t20,c_t4_t0_t21,ADD
c_t4_t0_t4_t3,c_t4_t0_t30,c_t4_t0_t31,ADD
c_t4_t0_t4_t4,c_t4_t0_t4_t2,c_t4_t0_t4_t3,MUL
c_t4_t0_t4_s00,c_t4_t0_t4_t1,c_t4_t0_t4_t1,ADD
c_t4_t0_t4_s01,c_t4_t0_t4_s00,c_t4_t0_t4_t1,ADD
c_t4_t0_t4_s02,c_t4_t0_t4_s01,c_t4_t0_t4_s01,ADD
c_t4_t0_t4_s03,c_t4_t0_t4_s02,c_t4_t0_t4_s02,ADD
c_t4_t0_t4_s04,c_t4_t0_t4_s03,c_t4_t0_t4_t1,ADD
c_t4_t0_t40,c_t4_t0_t4_t0,c_t4_t0_t4_s04,ADD
c_t4_t0_t4_t5,c_t4_t0_t4_t0,c_t4_t0_t4_t1,ADD
c_t4_t0_t41,c_t4_t0_t4_t4,c_t4_t0_t4_t5,SUB
c_t4_t0_s0_y1_0,c_t4_t0_t11,c_t4_t0_t11,ADD
c_t4_t0_s0_y1_1,c_t4_t0_s0_y1_0,c_t4_t0_t11,ADD
c_t4_t0_s0_y1_2,c_t4_t0_s0_y1_1,c_t4_t0_s0_y1_1,ADD
c_t4_t0_s0_y1_3,c_t4_t0_s0_y1_2,c_t4_t0_s0_y1_2,ADD
c_t4_t0_s0_y1_4,c_t4_t0_s0_y1_3,c_t4_t0_t11,ADD
c_t4_t000,c_t4_t0_t00,c_t4_t0_s0_y1_4,ADD
c_t4_t001,c_t4_t0_t01,c_t4_t0_t10,ADD
c_t4_t0_t50,c_t4_t0_t00,c_t4_t0_t10,ADD
c_t4_t0_t51,c_t4_t0_t01,c_t4_t0_t11,ADD
c_t4_t010,c_t4_t0_t40,c_t4_t0_t50,SUB
c_t4_t011,c_t4_t0_t41,c_t4_t0_t51,SUB
c_t4_t1_t0_t0,c_t2100,c_t3100,MUL
c_t4_t1_t0_t1,c_t2101,c_t3101,MUL
c_t4_t1_t0_t2,c_t2100,c_t2101,ADD
c_t4_t1_t0_t3,c_t3100,c_t3101,ADD
c_t4_t1_t0_t4,c_t4_t1_t0_t2,c_t4_t1_t0_t3,MUL
c_t4_t1_t0_s00,c_t4_t1_t0_t1,c_t4_t1_t0_t1,ADD
c_t4_t1_t0_s01,c_t4_t1_t0_s00,c_t4_t1_t0_t1,ADD
c_t4_t1_t0_s02,c_t4_t1_t0_s01,c_t4_t1_t0_s01,ADD
c_t4_t1_t0_s03,c_t4_t1_t0_s02,c_t4_t1_t0_s02,ADD
c_t4_t1_t0_s04,c_t4_t1_t0_s03,c_t4_t1_t0_t1,ADD
c_t4_t1_t00,c_t4_t1_t0_t0,c_t4_t1_t0_s04,ADD
c_t4_t1_t0_t5,c_t4_t1_t0_t0,c_t4_t1_t0_t1,ADD
c_t4_t1_t01,c_t4_t1_t0_t4,c_t4_t1_t0_t5,SUB
c_t4_t1_t1_t0,c_t2110,c_t3110,MUL
c_t4_t1_t1_t1,c_t2111,c_t3111,MUL
c_t4_t1_t1_t2,c_t2110,c_t2111,ADD
c_t4_t1_t1_t3,c_t3110,c_t3111,ADD
c_t4_t1_t1_t4,c_t4_t1_t1_t2,c_t4_t1_t1_t3,MUL
c_t4_t1_t1_s00,c_t4_t1_t1_t1,c_t4_t1_t1_t1,ADD
c_t4_t1_t1_s01,c_t4_t1_t1_s00,c_t4_t1_t1_t1,ADD
c_t4_t1_t1_s02,c_t4_t1_t1_s01,c_t4_t1_t1_s01,ADD
c_t4_t1_t1_s03,c_t4_t1_t1_s02,c_t4_t1_t1_s02,ADD
c_t4_t1_t1_s04,c_t4_t1_t1_s03,c_t4_t1_t1_t1,ADD
c_t4_t1_t10,c_t4_t1_t1_t0,c_t4_t1_t1_s04,ADD
c_t4_t1_t1_t5,c_t4_t1_t1_t0,c_t4_t1_t1_t1,ADD
c_t4_t1_t11,c_t4_t1_t1_t4,c_t4_t1_t1_t5,SUB
c_t4_t1_t20,c_t2100,c_t2110,ADD
c_t4_t1_t21,c_t2101,c_t2111,ADD
c_t4_t1_t30,c_t3100,c_t3110,ADD
c_t4_t1_t31,c_t3101,c_t3111,ADD
c_t4_t1_t4_t0,c_t4_t1_t20,c_t4_t1_t30,MUL
c_t4_t1_t4_t1,c_t4_t1_t21,c_t4_t1_t31,MUL
c_t4_t1_t4_t2,c_t4_t1_t20,c_t4_t1_t21,ADD
c_t4_t1_t4_t3,c_t4_t1_t30,c_t4_t1_t31,ADD
c_t4_t1_t4_t4,c_t4_t1_t4_t2,c_t4_t1_t4_t3,MUL
c_t4_t1_t4_s00,c_t4_t1_t4_t1,c_t4_t1_t4_t1,ADD
c_t4_t1_t4_s01,c_t4_t1_t4_s00,c_t4_t1_t4_t1,ADD
c_t4_t1_t4_s02,c_t4_t1_t4_s01,c_t4_t1_t4_s01,ADD
c_t4_t1_t4_s03,c_t4_t1_t4_s02,c_t4_t1_t4_s02,ADD
c_t4_t1_t4_s04,c_t4_t1_t4_s03,c_t4_t1_t4_t1,ADD
c_t4_t1_t40,c_t4_t1_t4_t0,c_t4_t1_t4_s04,ADD
c_t4_t1_t4_t5,c_t4_t1_t4_t0,c_t4_t1_t4_t1,ADD
c_t4_t1_t41,c_t4_t1_t4_t4,c_t4_t1_t4_t5,SUB
c_t4_t1_s0_y1_0,c_t4_t1_t11,c_t4_t1_t11,ADD
c_t4_t1_s0_y1_1,c_t4_t1_s0_y1_0,c_t4_t1_t11,ADD
c_t4_t1_s0_y1_2,c_t4_t1_s0_y1_1,c_t4_t1_s0_y1_1,ADD
c_t4_t1_s0_y1_3,c_t4_t1_s0_y1_2,c_t4_t1_s0_y1_2,ADD
c_t4_t1_s0_y1_4,c_t4_t1_s0_y1_3,c_t4_t1_t11,ADD
c_t4_t100,c_t4_t1_t00,c_t4_t1_s0_y1_4,ADD
c_t4_t101,c_t4_t1_t01,c_t4_t1_t10,ADD
c_t4_t1_t50,c_t4_t1_t00,c_t4_t1_t10,ADD
c_t4_t1_t51,c_t4_t1_t01,c_t4_t1_t11,ADD
c_t4_t110,c_t4_t1_t40,c_t4_t1_t50,SUB
c_t4_t111,c_t4_t1_t41,c_t4_t1_t51,SUB
c_t4_t2_t0_t0,c_t2200,c_t3200,MUL
c_t4_t2_t0_t1,c_t2201,c_t3201,MUL
c_t4_t2_t0_t2,c_t2200,c_t2201,ADD
c_t4_t2_t0_t3,c_t3200,c_t3201,ADD
c_t4_t2_t0_t4,c_t4_t2_t0_t2,c_t4_t2_t0_t3,MUL
c_t4_t2_t0_s00,c_t4_t2_t0_t1,c_t4_t2_t0_t1,ADD
c_t4_t2_t0_s01,c_t4_t2_t0_s00,c_t4_t2_t0_t1,ADD
c_t4_t2_t0_s02,c_t4_t2_t0_s01,c_t4_t2_t0_s01,ADD
c_t4_t2_t0_s03,c_t4_t2_t0_s02,c_t4_t2_t0_s02,ADD
c_t4_t2_t0_s04,c_t4_t2_t0_s03,c_t4_t2_t0_t1,ADD
c_t4_t2_t00,c_t4_t2_t0_t0,c_t4_t2_t0_s04,ADD
c_t4_t2_t0_t5,c_t4_t2_t0_t0,c_t4_t2_t0_t1,ADD
c_t4_t2_t01,c_t4_t2_t0_t4,c_t4_t2_t0_t5,SUB
c_t4_t2_t1_t0,c_t2210,c_t3210,MUL
c_t4_t2_t1_t1,c_t2211,c_t3211,MUL
c_t4_t2_t1_t2,c_t2210,c_t2211,ADD
c_t4_t2_t1_t3,c_t3210,c_t3211,ADD
c_t4_t2_t1_t4,c_t4_t2_t1_t2,c_t4_t2_t1_t3,MUL
c_t4_t2_t1_s00,c_t4_t2_t1_t1,c_t4_t2_t1_t1,ADD
c_t4_t2_t1_s01,c_t4_t2_t1_s00,c_t4_t2_t1_t1,ADD
c_t4_t2_t1_s02,c_t4_t2_t1_s01,c_t4_t2_t1_s01,ADD
c_t4_t2_t1_s03,c_t4_t2_t1_s02,c_t4_t2_t1_s02,ADD
c_t4_t2_t1_s04,c_t4_t2_t1_s03,c_t4_t2_t1_t1,ADD
c_t4_t2_t10,c_t4_t2_t1_t0,c_t4_t2_t1_s04,ADD
c_t4_t2_t1_t5,c_t4_t2_t1_t0,c_t4_t2_t1_t1,ADD
c_t4_t2_t11,c_t4_t2_t1_t4,c_t4_t2_t1_t5,SUB
c_t4_t2_t20,c_t2200,c_t2210,ADD
c_t4_t2_t21,c_t2201,c_t2211,ADD
c_t4_t2_t30,c_t3200,c_t3210,ADD
c_t4_t2_t31,c_t3201,c_t3211,ADD
c_t4_t2_t4_t0,c_t4_t2_t20,c_t4_t2_t30,MUL
c_t4_t2_t4_t1,c_t4_t2_t21,c_t4_t2_t31,MUL
c_t4_t2_t4_t2,c_t4_t2_t20,c_t4_t2_t21,ADD
c_t4_t2_t4_t3,c_t4_t2_t30,c_t4_t2_t31,ADD
c_t4_t2_t4_t4,c_t4_t2_t4_t2,c_t4_t2_t4_t3,MUL
c_t4_t2_t4_s00,c_t4_t2_t4_t1,c_t4_t2_t4_t1,ADD
c_t4_t2_t4_s01,c_t4_t2_t4_s00,c_t4_t2_t4_t1,ADD
c_t4_t2_t4_s02,c_t4_t2_t4_s01,c_t4_t2_t4_s01,ADD
c_t4_t2_t4_s03,c_t4_t2_t4_s02,c_t4_t2_t4_s02,ADD
c_t4_t2_t4_s04,c_t4_t2_t4_s03,c_t4_t2_t4_t1,ADD
c_t4_t2_t40,c_t4_t2_t4_t0,c_t4_t2_t4_s04,ADD
c_t4_t2_t4_t5,c_t4_t2_t4_t0,c_t4_t2_t4_t1,ADD
c_t4_t2_t41,c_t4_t2_t4_t4,c_t4_t2_t4_t5,SUB
c_t4_t2_s0_y1_0,c_t4_t2_t11,c_t4_t2_t11,ADD
c_t4_t2_s0_y1_1,c_t4_t2_s0_y1_0,c_t4_t2_t11,ADD
c_t4_t2_s0_y1_2,c_t4_t2_s0_y1_1,c_t4_t2_s0_y1_1,ADD
c_t4_t2_s0_y1_3,c_t4_t2_s0_y1_2,c_t4_t2_s0_y1_2,ADD
c_t4_t2_s0_y1_4,c_t4_t2_s0_y1_3,c_t4_t2_t11,ADD
c_t4_t200,c_t4_t2_t00,c_t4_t2_s0_y1_4,ADD
c_t4_t201,c_t4_t2_t01,c_t4_t2_t10,ADD
c_t4_t2_t50,c_t4_t2_t00,c_t4_t2_t10,ADD
c_t4_t2_t51,c_t4_t2_t01,c_t4_t2_t11,ADD
c_t4_t210,c_t4_t2_t40,c_t4_t2_t50,SUB
c_t4_t211,c_t4_t2_t41,c_t4_t2_t51,SUB
c_t4_t3000,c_t2000,c_t2100,ADD
c_t4_t3001,c_t2001,c_t2101,ADD
c_t4_t3010,c_t2010,c_t2110,ADD
c_t4_t3011,c_t2011,c_t2111,ADD
c_t4_t3100,c_t3000,c_t3100,ADD
c_t4_t3101,c_t3001,c_t3101,ADD
c_t4_t3110,c_t3010,c_t3110,ADD
c_t4_t3111,c_t3011,c_t3111,ADD
c_t4_t3_t0_t0,c_t4_t3000,c_t4_t3100,MUL
c_t4_t3_t0_t1,c_t4_t3001,c_t4_t3101,MUL
c_t4_t3_t0_t2,c_t4_t3000,c_t4_t3001,ADD
c_t4_t3_t0_t3,c_t4_t3100,c_t4_t3101,ADD
c_t4_t3_t0_t4,c_t4_t3_t0_t2,c_t4_t3_t0_t3,MUL
c_t4_t3_t0_s00,c_t4_t3_t0_t1,c_t4_t3_t0_t1,ADD
c_t4_t3_t0_s01,c_t4_t3_t0_s00,c_t4_t3_t0_t1,ADD
c_t4_t3_t0_s02,c_t4_t3_t0_s01,c_t4_t3_t0_s01,ADD
c_t4_t3_t0_s03,c_t4_t3_t0_s02,c_t4_t3_t0_s02,ADD
c_t4_t3_t0_s04,c_t4_t3_t0_s03,c_t4_t3_t0_t1,ADD
c_t4_t3_t00,c_t4_t3_t0_t0,c_t4_t3_t0_s04,ADD
c_t4_t3_t0_t5,c_t4_t3_t0_t0,c_t4_t3_t0_t1,ADD
c_t4_t3_t01,c_t4_t3_t0_t4,c_t4_t3_t0_t5,SUB
c_t4_t3_t1_t0,c_t4_t3010,c_t4_t3110,MUL
c_t4_t3_t1_t1,c_t4_t3011,c_t4_t3111,MUL
c_t4_t3_t1_t2,c_t4_t3010,c_t4_t3011,ADD
c_t4_t3_t1_t3,c_t4_t3110,c_t4_t3111,ADD
c_t4_t3_t1_t4,c_t4_t3_t1_t2,c_t4_t3_t1_t3,MUL
c_t4_t3_t1_s00,c_t4_t3_t1_t1,c_t4_t3_t1_t1,ADD
c_t4_t3_t1_s01,c_t4_t3_t1_s00,c_t4_t3_t1_t1,ADD
c_t4_t3_t1_s02,c_t4_t3_t1_s01,c_t4_t3_t1_s01,ADD
c_t4_t3_t1_s03,c_t4_t3_t1_s02,c_t4_t3_t1_s02,ADD
c_t4_t3_t1_s04,c_t4_t3_t1_s03,c_t4_t3_t1_t1,ADD
c_t4_t3_t10,c_t4_t3_t1_t0,c_t4_t3_t1_s04,ADD
c_t4_t3_t1_t5,c_t4_t3_t1_t0,c_t4_t3_t1_t1,ADD
c_t4_t3_t11,c_t4_t3_t1_t4,c_t4_t3_t1_t5,SUB
c_t4_t3_t20,c_t4_t3000,c_t4_t3010,ADD
c_t4_t3_t21,c_t4_t3001,c_t4_t3011,ADD
c_t4_t3_t30,c_t4_t3100,c_t4_t3110,ADD
c_t4_t3_t31,c_t4_t3101,c_t4_t3111,ADD
c_t4_t3_t4_t0,c_t4_t3_t20,c_t4_t3_t30,MUL
c_t4_t3_t4_t1,c_t4_t3_t21,c_t4_t3_t31,MUL
c_t4_t3_t4_t2,c_t4_t3_t20,c_t4_t3_t21,ADD
c_t4_t3_t4_t3,c_t4_t3_t30,c_t4_t3_t31,ADD
c_t4_t3_t4_t4,c_t4_t3_t4_t2,c_t4_t3_t4_t3,MUL
c_t4_t3_t4_s00,c_t4_t3_t4_t1,c_t4_t3_t4_t1,ADD
c_t4_t3_t4_s01,c_t4_t3_t4_s00,c_t4_t3_t4_t1,ADD
c_t4_t3_t4_s02,c_t4_t3_t4_s01,c_t4_t3_t4_s01,ADD
c_t4_t3_t4_s03,c_t4_t3_t4_s02,c_t4_t3_t4_s02,ADD
c_t4_t3_t4_s04,c_t4_t3_t4_s03,c_t4_t3_t4_t1,ADD
c_t4_t3_t40,c_t4_t3_t4_t0,c_t4_t3_t4_s04,ADD
c_t4_t3_t4_t5,c_t4_t3_t4_t0,c_t4_t3_t4_t1,ADD
c_t4_t3_t41,c_t4_t3_t4_t4,c_t4_t3_t4_t5,SUB
c_t4_t3_s0_y1_0,c_t4_t3_t11,c_t4_t3_t11,ADD
c_t4_t3_s0_y1_1,c_t4_t3_s0_y1_0,c_t4_t3_t11,ADD
c_t4_t3_s0_y1_2,c_t4_t3_s0_y1_1,c_t4_t3_s0_y1_1,ADD
c_t4_t3_s0_y1_3,c_t4_t3_s0_y1_2,c_t4_t3_s0_y1_2,ADD
c_t4_t3_s0_y1_4,c_t4_t3_s0_y1_3,c_t4_t3_t11,ADD
c_t4_t300,c_t4_t3_t00,c_t4_t3_s0_y1_4,ADD
c_t4_t301,c_t4_t3_t01,c_t4_t3_t10,ADD
c_t4_t3_t50,c_t4_t3_t00,c_t4_t3_t10,ADD
c_t4_t3_t51,c_t4_t3_t01,c_t4_t3_t11,ADD
c_t4_t310,c_t4_t3_t40,c_t4_t3_t50,SUB
c_t4_t311,c_t4_t3_t41,c_t4_t3_t51,SUB
c_t4_t4000,c_t2100,c_t2200,ADD
c_t4_t4001,c_t2101,c_t2201,ADD
c_t4_t4010,c_t2110,c_t2210,ADD
c_t4_t4011,c_t2111,c_t2211,ADD
c_t4_t4100,c_t3100,c_t3200,ADD
c_t4_t4101,c_t3101,c_t3201,ADD
c_t4_t4110,c_t3110,c_t3210,ADD
c_t4_t4111,c_t3111,c_t3211,ADD
c_t4_t4_t0_t0,c_t4_t4000,c_t4_t4100,MUL
c_t4_t4_t0_t1,c_t4_t4001,c_t4_t4101,MUL
c_t4_t4_t0_t2,c_t4_t4000,c_t4_t4001,ADD
c_t4_t4_t0_t3,c_t4_t4100,c_t4_t4101,ADD
c_t4_t4_t0_t4,c_t4_t4_t0_t2,c_t4_t4_t0_t3,MUL
c_t4_t4_t0_s00,c_t4_t4_t0_t1,c_t4_t4_t0_t1,ADD
c_t4_t4_t0_s01,c_t4_t4_t0_s00,c_t4_t4_t0_t1,ADD
c_t4_t4_t0_s02,c_t4_t4_t0_s01,c_t4_t4_t0_s01,ADD
c_t4_t4_t0_s03,c_t4_t4_t0_s02,c_t4_t4_t0_s02,ADD
c_t4_t4_t0_s04,c_t4_t4_t0_s03,c_t4_t4_t0_t1,ADD
c_t4_t4_t00,c_t4_t4_t0_t0,c_t4_t4_t0_s04,ADD
c_t4_t4_t0_t5,c_t4_t4_t0_t0,c_t4_t4_t0_t1,ADD
c_t4_t4_t01,c_t4_t4_t0_t4,c_t4_t4_t0_t5,SUB
c_t4_t4_t1_t0,c_t4_t4010,c_t4_t4110,MUL
c_t4_t4_t1_t1,c_t4_t4011,c_t4_t4111,MUL
c_t4_t4_t1_t2,c_t4_t4010,c_t4_t4011,ADD
c_t4_t4_t1_t3,c_t4_t4110,c_t4_t4111,ADD
c_t4_t4_t1_t4,c_t4_t4_t1_t2,c_t4_t4_t1_t3,MUL
c_t4_t4_t1_s00,c_t4_t4_t1_t1,c_t4_t4_t1_t1,ADD
c_t4_t4_t1_s01,c_t4_t4_t1_s00,c_t4_t4_t1_t1,ADD
c_t4_t4_t1_s02,c_t4_t4_t1_s01,c_t4_t4_t1_s01,ADD
c_t4_t4_t1_s03,c_t4_t4_t1_s02,c_t4_t4_t1_s02,ADD
c_t4_t4_t1_s04,c_t4_t4_t1_s03,c_t4_t4_t1_t1,ADD
c_t4_t4_t10,c_t4_t4_t1_t0,c_t4_t4_t1_s04,ADD
c_t4_t4_t1_t5,c_t4_t4_t1_t0,c_t4_t4_t1_t1,ADD
c_t4_t4_t11,c_t4_t4_t1_t4,c_t4_t4_t1_t5,SUB
c_t4_t4_t20,c_t4_t4000,c_t4_t4010,ADD
c_t4_t4_t21,c_t4_t4001,c_t4_t4011,ADD
c_t4_t4_t30,c_t4_t4100,c_t4_t4110,ADD
c_t4_t4_t31,c_t4_t4101,c_t4_t4111,ADD
c_t4_t4_t4_t0,c_t4_t4_t20,c_t4_t4_t30,MUL
c_t4_t4_t4_t1,c_t4_t4_t21,c_t4_t4_t31,MUL
c_t4_t4_t4_t2,c_t4_t4_t20,c_t4_t4_t21,ADD
c_t4_t4_t4_t3,c_t4_t4_t30,c_t4_t4_t31,ADD
c_t4_t4_t4_t4,c_t4_t4_t4_t2,c_t4_t4_t4_t3,MUL
c_t4_t4_t4_s00,c_t4_t4_t4_t1,c_t4_t4_t4_t1,ADD
c_t4_t4_t4_s01,c_t4_t4_t4_s00,c_t4_t4_t4_t1,ADD
c_t4_t4_t4_s02,c_t4_t4_t4_s01,c_t4_t4_t4_s01,ADD
c_t4_t4_t4_s03,c_t4_t4_t4_s02,c_t4_t4_t4_s02,ADD
c_t4_t4_t4_s04,c_t4_t4_t4_s03,c_t4_t4_t4_t1,ADD
c_t4_t4_t40,c_t4_t4_t4_t0,c_t4_t4_t4_s04,ADD
c_t4_t4_t4_t5,c_t4_t4_t4_t0,c_t4_t4_t4_t1,ADD
c_t4_t4_t41,c_t4_t4_t4_t4,c_t4_t4_t4_t5,SUB
c_t4_t4_s0_y1_0,c_t4_t4_t11,c_t4_t4_t11,ADD
c_t4_t4_s0_y1_1,c_t4_t4_s0_y1_0,c_t4_t4_t11,ADD
c_t4_t4_s0_y1_2,c_t4_t4_s0_y1_1,c_t4_t4_s0_y1_1,ADD
c_t4_t4_s0_y1_3,c_t4_t4_s0_y1_2,c_t4_t4_s0_y1_2,ADD
c_t4_t4_s0_y1_4,c_t4_t4_s0_y1_3,c_t4_t4_t11,ADD
c_t4_t400,c_t4_t4_t00,c_t4_t4_s0_y1_4,ADD
c_t4_t401,c_t4_t4_t01,c_t4_t4_t10,ADD
c_t4_t4_t50,c_t4_t4_t00,c_t4_t4_t10,ADD
c_t4_t4_t51,c_t4_t4_t01,c_t4_t4_t11,ADD
c_t4_t410,c_t4_t4_t40,c_t4_t4_t50,SUB
c_t4_t411,c_t4_t4_t41,c_t4_t4_t51,SUB
c_t4_t5000,c_t2200,c_t2000,ADD
c_t4_t5001,c_t2201,c_t2001,ADD
c_t4_t5010,c_t2210,c_t2010,ADD
c_t4_t5011,c_t2211,c_t2011,ADD
c_t4_t5100,c_t3200,c_t3000,ADD
c_t4_t5101,c_t3201,c_t3001,ADD
c_t4_t5110,c_t3210,c_t3010,ADD
c_t4_t5111,c_t3211,c_t3011,ADD
c_t4_t5_t0_t0,c_t4_t5000,c_t4_t5100,MUL
c_t4_t5_t0_t1,c_t4_t5001,c_t4_t5101,MUL
c_t4_t5_t0_t2,c_t4_t5000,c_t4_t5001,ADD
c_t4_t5_t0_t3,c_t4_t5100,c_t4_t5101,ADD
c_t4_t5_t0_t4,c_t4_t5_t0_t2,c_t4_t5_t0_t3,MUL
c_t4_t5_t0_s00,c_t4_t5_t0_t1,c_t4_t5_t0_t1,ADD
c_t4_t5_t0_s01,c_t4_t5_t0_s00,c_t4_t5_t0_t1,ADD
c_t4_t5_t0_s02,c_t4_t5_t0_s01,c_t4_t5_t0_s01,ADD
c_t4_t5_t0_s03,c_t4_t5_t0_s02,c_t4_t5_t0_s02,ADD
c_t4_t5_t0_s04,c_t4_t5_t0_s03,c_t4_t5_t0_t1,ADD
c_t4_t5_t00,c_t4_t5_t0_t0,c_t4_t5_t0_s04,ADD
c_t4_t5_t0_t5,c_t4_t5_t0_t0,c_t4_t5_t0_t1,ADD
c_t4_t5_t01,c_t4_t5_t0_t4,c_t4_t5_t0_t5,SUB
c_t4_t5_t1_t0,c_t4_t5010,c_t4_t5110,MUL
c_t4_t5_t1_t1,c_t4_t5011,c_t4_t5111,MUL
c_t4_t5_t1_t2,c_t4_t5010,c_t4_t5011,ADD
c_t4_t5_t1_t3,c_t4_t5110,c_t4_t5111,ADD
c_t4_t5_t1_t4,c_t4_t5_t1_t2,c_t4_t5_t1_t3,MUL
c_t4_t5_t1_s00,c_t4_t5_t1_t1,c_t4_t5_t1_t1,ADD
c_t4_t5_t1_s01,c_t4_t5_t1_s00,c_t4_t5_t1_t1,ADD
c_t4_t5_t1_s02,c_t4_t5_t1_s01,c_t4_t5_t1_s01,ADD
c_t4_t5_t1_s03,c_t4_t5_t1_s02,c_t4_t5_t1_s02,ADD
c_t4_t5_t1_s04,c_t4_t5_t1_s03,c_t4_t5_t1_t1,ADD
c_t4_t5_t10,c_t4_t5_t1_t0,c_t4_t5_t1_s04,ADD
c_t4_t5_t1_t5,c_t4_t5_t1_t0,c_t4_t5_t1_t1,ADD
c_t4_t5_t11,c_t4_t5_t1_t4,c_t4_t5_t1_t5,SUB
c_t4_t5_t20,c_t4_t5000,c_t4_t5010,ADD
c_t4_t5_t21,c_t4_t5001,c_t4_t5011,ADD
c_t4_t5_t30,c_t4_t5100,c_t4_t5110,ADD
c_t4_t5_t31,c_t4_t5101,c_t4_t5111,ADD
c_t4_t5_t4_t0,c_t4_t5_t20,c_t4_t5_t30,MUL
c_t4_t5_t4_t1,c_t4_t5_t21,c_t4_t5_t31,MUL
c_t4_t5_t4_t2,c_t4_t5_t20,c_t4_t5_t21,ADD
c_t4_t5_t4_t3,c_t4_t5_t30,c_t4_t5_t31,ADD
c_t4_t5_t4_t4,c_t4_t5_t4_t2,c_t4_t5_t4_t3,MUL
c_t4_t5_t4_s00,c_t4_t5_t4_t1,c_t4_t5_t4_t1,ADD
c_t4_t5_t4_s01,c_t4_t5_t4_s00,c_t4_t5_t4_t1,ADD
c_t4_t5_t4_s02,c_t4_t5_t4_s01,c_t4_t5_t4_s01,ADD
c_t4_t5_t4_s03,c_t4_t5_t4_s02,c_t4_t5_t4_s02,ADD
c_t4_t5_t4_s04,c_t4_t5_t4_s03,c_t4_t5_t4_t1,ADD
c_t4_t5_t40,c_t4_t5_t4_t0,c_t4_t5_t4_s04,ADD
c_t4_t5_t4_t5,c_t4_t5_t4_t0,c_t4_t5_t4_t1,ADD
c_t4_t5_t41,c_t4_t5_t4_t4,c_t4_t5_t4_t5,SUB
c_t4_t5_s0_y1_0,c_t4_t5_t11,c_t4_t5_t11,ADD
c_t4_t5_s0_y1_1,c_t4_t5_s0_y1_0,c_t4_t5_t11,ADD
c_t4_t5_s0_y1_2,c_t4_t5_s0_y1_1,c_t4_t5_s0_y1_1,ADD
c_t4_t5_s0_y1_3,c_t4_t5_s0_y1_2,c_t4_t5_s0_y1_2,ADD
c_t4_t5_s0_y1_4,c_t4_t5_s0_y1_3,c_t4_t5_t11,ADD
c_t4_t500,c_t4_t5_t00,c_t4_t5_s0_y1_4,ADD
c_t4_t501,c_t4_t5_t01,c_t4_t5_t10,ADD
c_t4_t5_t50,c_t4_t5_t00,c_t4_t5_t10,ADD
c_t4_t5_t51,c_t4_t5_t01,c_t4_t5_t11,ADD
c_t4_t510,c_t4_t5_t40,c_t4_t5_t50,SUB
c_t4_t511,c_t4_t5_t41,c_t4_t5_t51,SUB
c_t4_t6000,c_t4_t000,c_t4_t100,ADD
c_t4_t6001,c_t4_t001,c_t4_t101,ADD
c_t4_t6010,c_t4_t010,c_t4_t110,ADD
c_t4_t6011,c_t4_t011,c_t4_t111,ADD
c_t4_t600,c_t4_t300,c_t4_t6000,SUB
c_t4_t601,c_t4_t301,c_t4_t6001,SUB
c_t4_t610,c_t4_t310,c_t4_t6010,SUB
c_t4_t611,c_t4_t311,c_t4_t6011,SUB
c_t4_t9_y1__y1_0,c_t4_t211,c_t4_t211,ADD
c_t4_t9_y1__y1_1,c_t4_t9_y1__y1_0,c_t4_t211,ADD
c_t4_t9_y1__y1_2,c_t4_t9_y1__y1_1,c_t4_t9_y1__y1_1,ADD
c_t4_t9_y1__y1_3,c_t4_t9_y1__y1_2,c_t4_t9_y1__y1_2,ADD
c_t4_t9_y1__y1_4,c_t4_t9_y1__y1_3,c_t4_t211,ADD
c_t4100,c_t4_t600,c_t4_t9_y1__y1_4,ADD
c_t4101,c_t4_t601,c_t4_t210,ADD
c_t4110,c_t4_t610,c_t4_t200,ADD
c_t4111,c_t4_t611,c_t4_t201,ADD
c_t4_t7000,c_t4_t100,c_t4_t200,ADD
c_t4_t7001,c_t4_t101,c_t4_t201,ADD
c_t4_t7010,c_t4_t110,c_t4_t210,ADD
c_t4_t7011,c_t4_t111,c_t4_t211,ADD
c_t4_t7100,c_t4_t400,c_t4_t7000,SUB
c_t4_t7101,c_t4_t401,c_t4_t7001,SUB
c_t4_t7110,c_t4_t410,c_t4_t7010,SUB
c_t4_t7111,c_t4_t411,c_t4_t7011,SUB
c_t4_t7_y1__y1_0,c_t4_t7111,c_t4_t7111,ADD
c_t4_t7_y1__y1_1,c_t4_t7_y1__y1_0,c_t4_t7111,ADD
c_t4_t7_y1__y1_2,c_t4_t7_y1__y1_1,c_t4_t7_y1__y1_1,ADD
c_t4_t7_y1__y1_3,c_t4_t7_y1__y1_2,c_t4_t7_y1__y1_2,ADD
c_t4_t7_y1__y1_4,c_t4_t7_y1__y1_3,c_t4_t7111,ADD
c_t4000,c_t4_t000,c_t4_t7_y1__y1_4,ADD
c_t4001,c_t4_t001,c_t4_t7110,ADD
c_t4010,c_t4_t010,c_t4_t7100,ADD
c_t4011,c_t4_t011,c_t4_t7101,ADD
c_t4_t8000,c_t4_t200,c_t4_t000,ADD
c_t4_t8001,c_t4_t201,c_t4_t001,ADD
c_t4_t8010,c_t4_t210,c_t4_t010,ADD
c_t4_t8011,c_t4_t211,c_t4_t011,ADD
c_t4_t800,c_t4_t500,c_t4_t8000,SUB
c_t4_t801,c_t4_t501,c_t4_t8001,SUB
c_t4_t810,c_t4_t510,c_t4_t8010,SUB
c_t4_t811,c_t4_t511,c_t4_t8011,SUB
c_t4200,c_t4_t800,c_t4_t100,ADD
c_t4201,c_t4_t801,c_t4_t101,ADD
c_t4210,c_t4_t810,c_t4_t110,ADD
c_t4211,c_t4_t811,c_t4_t111,ADD
c_s00_y1__y1_0,c_t1211,c_t1211,ADD
c_s00_y1__y1_1,c_s00_y1__y1_0,c_t1211,ADD
c_s00_y1__y1_2,c_s00_y1__y1_1,c_s00_y1__y1_1,ADD
c_s00_y1__y1_3,c_s00_y1__y1_2,c_s00_y1__y1_2,ADD
c_s00_y1__y1_4,c_s00_y1__y1_3,c_t1211,ADD
c0000,c_t0000,c_s00_y1__y1_4,ADD
c0001,c_t0001,c_t1210,ADD
c0010,c_t0010,c_t1200,ADD
c0011,c_t0011,c_t1201,ADD
c0100,c_t0100,c_t1000,ADD
c0101,c_t0101,c_t1001,ADD
c0110,c_t0110,c_t1010,ADD
c0111,c_t0111,c_t1011,ADD
c0200,c_t0200,c_t1100,ADD
c0201,c_t0201,c_t1101,ADD
c0210,c_t0210,c_t1110,ADD
c0211,c_t0211,c_t1111,ADD
c_t5000,c_t0000,c_t1000,ADD
c_t5001,c_t0001,c_t1001,ADD
c_t5010,c_t0010,c_t1010,ADD
c_t5011,c_t0011,c_t1011,ADD
c_t5100,c_t0100,c_t1100,ADD
c_t5101,c_t0101,c_t1101,ADD
c_t5110,c_t0110,c_t1110,ADD
c_t5111,c_t0111,c_t1111,ADD
c_t5200,c_t0200,c_t1200,ADD
c_t5201,c_t0201,c_t1201,ADD
c_t5210,c_t0210,c_t1210,ADD
c_t5211,c_t0211,c_t1211,ADD
c1000,c_t4000,c_t5000,SUB
c1001,c_t4001,c_t5001,SUB
c1010,c_t4010,c_t5010,SUB
c1011,c_t4011,c_t5011,SUB
c1100,c_t4100,c_t5100,SUB
c1101,c_t4101,c_t5101,SUB
c1110,c_t4110,c_t5110,SUB
c1111,c_t4111,c_t5111,SUB
c1200,c_t4200,c_t5200,SUB
c1201,c_t4201,c_t5201,SUB
c1210,c_t4210,c_t5210,SUB
c1211,c_t4211,c_t5211,SUB
