t0_t0_t0,yq00,zt00,MUL
t0_t0_t1,yq01,zt01,MUL
t0_t0_t2,yq00,yq01,ADD
t0_t0_t3,zt00,zt01,ADD
t0_t0_t4,t0_t0_t2,t0_t0_t3,MUL
t0_t0_s0,ZERO,t0_t0_t1,SUB
t0_t00,t0_t0_t0,t0_t0_s0,ADD
t0_t0_t5,t0_t0_t0,t0_t0_t1,ADD
t0_t01,t0_t0_t4,t0_t0_t5,SUB
t0_t1_t0,yq10,zt10,MUL
t0_t1_t1,yq11,zt11,MUL
t0_t1_t2,yq10,yq11,ADD
t0_t1_t3,zt10,zt11,ADD
t0_t1_t4,t0_t1_t2,t0_t1_t3,MUL
t0_t1_s0,ZERO,t0_t1_t1,SUB
t0_t10,t0_t1_t0,t0_t1_s0,ADD
t0_t1_t5,t0_t1_t0,t0_t1_t1,ADD
t0_t11,t0_t1_t4,t0_t1_t5,SUB
t0_t20,yq00,yq10,ADD
t0_t21,yq01,yq11,ADD
t0_t30,zt00,zt10,ADD
t0_t31,zt01,zt11,ADD
t0_t4_t0,t0_t20,t0_t30,MUL
t0_t4_t1,t0_t21,t0_t31,MUL
t0_t4_t2,t0_t20,t0_t21,ADD
t0_t4_t3,t0_t30,t0_t31,ADD
t0_t4_t4,t0_t4_t2,t0_t4_t3,MUL
t0_t4_s0,ZERO,t0_t4_t1,SUB
t0_t40,t0_t4_t0,t0_t4_s0,ADD
t0_t4_t5,t0_t4_t0,t0_t4_t1,ADD
t0_t41,t0_t4_t4,t0_t4_t5,SUB
t0_s0_y1_,ZERO,t0_t11,SUB
t0_s00,t0_t10,t0_s0_y1_,ADD
t0_s01,t0_t11,t0_t10,ADD
t000,t0_t00,t0_s00,ADD
t001,t0_t01,t0_s01,ADD
t0_t50,t0_t00,t0_t10,ADD
t0_t51,t0_t01,t0_t11,ADD
t010,t0_t40,t0_t50,SUB
t011,t0_t41,t0_t51,SUB
t100,yt00,t000,SUB
t101,yt01,t001,SUB
t110,yt10,t010,SUB
t111,yt11,t011,SUB
t2_t0_t0,xq00,zt00,MUL
t2_t0_t1,xq01,zt01,MUL
t2_t0_t2,xq00,xq01,ADD
t2_t0_t3,zt00,zt01,ADD
t2_t0_t4,t2_t0_t2,t2_t0_t3,MUL
t2_t0_s0,ZERO,t2_t0_t1,SUB
t2_t00,t2_t0_t0,t2_t0_s0,ADD
t2_t0_t5,t2_t0_t0,t2_t0_t1,ADD
t2_t01,t2_t0_t4,t2_t0_t5,SUB
t2_t1_t0,xq10,zt10,MUL
t2_t1_t1,xq11,zt11,MUL
t2_t1_t2,xq10,xq11,ADD
t2_t1_t3,zt10,zt11,ADD
t2_t1_t4,t2_t1_t2,t2_t1_t3,MUL
t2_t1_s0,ZERO,t2_t1_t1,SUB
t2_t10,t2_t1_t0,t2_t1_s0,ADD
t2_t1_t5,t2_t1_t0,t2_t1_t1,ADD
t2_t11,t2_t1_t4,t2_t1_t5,SUB
t2_t20,xq00,xq10,ADD
t2_t21,xq01,xq11,ADD
t2_t30,zt00,zt10,ADD
t2_t31,zt01,zt11,ADD
t2_t4_t0,t2_t20,t2_t30,MUL
t2_t4_t1,t2_t21,t2_t31,MUL
t2_t4_t2,t2_t20,t2_t21,ADD
t2_t4_t3,t2_t30,t2_t31,ADD
t2_t4_t4,t2_t4_t2,t2_t4_t3,MUL
t2_t4_s0,ZERO,t2_t4_t1,SUB
t2_t40,t2_t4_t0,t2_t4_s0,ADD
t2_t4_t5,t2_t4_t0,t2_t4_t1,ADD
t2_t41,t2_t4_t4,t2_t4_t5,SUB
t2_s0_y1_,ZERO,t2_t11,SUB
t2_s00,t2_t10,t2_s0_y1_,ADD
t2_s01,t2_t11,t2_t10,ADD
t200,t2_t00,t2_s00,ADD
t201,t2_t01,t2_s01,ADD
t2_t50,t2_t00,t2_t10,ADD
t2_t51,t2_t01,t2_t11,ADD
t210,t2_t40,t2_t50,SUB
t211,t2_t41,t2_t51,SUB
t300,xt00,t200,SUB
t301,xt01,t201,SUB
t310,xt10,t210,SUB
t311,xt11,t211,SUB
t4_a1__y1_,ZERO,t111,SUB
t4_a1_0,t110,t4_a1__y1_,ADD
t4_a1_1,t111,t110,ADD
t4_t00,t100,t4_a1_0,ADD
t4_t01,t101,t4_a1_1,ADD
t4_t10,t100,t110,ADD
t4_t11,t101,t111,ADD
t4_t2_t0,t4_t00,t4_t10,MUL
t4_t2_t1,t4_t01,t4_t11,MUL
t4_t2_t2,t4_t00,t4_t01,ADD
t4_t2_t3,t4_t10,t4_t11,ADD
t4_t2_t4,t4_t2_t2,t4_t2_t3,MUL
t4_t2_s0,ZERO,t4_t2_t1,SUB
t4_t20,t4_t2_t0,t4_t2_s0,ADD
t4_t2_t5,t4_t2_t0,t4_t2_t1,ADD
t4_t21,t4_t2_t4,t4_t2_t5,SUB
t4_t3_t0,t100,t110,MUL
t4_t3_t1,t101,t111,MUL
t4_t3_t2,t100,t101,ADD
t4_t3_t3,t110,t111,ADD
t4_t3_t4,t4_t3_t2,t4_t3_t3,MUL
t4_t3_s0,ZERO,t4_t3_t1,SUB
t4_t30,t4_t3_t0,t4_t3_s0,ADD
t4_t3_t5,t4_t3_t0,t4_t3_t1,ADD
t4_t31,t4_t3_t4,t4_t3_t5,SUB
t4_t4_y1_,ZERO,t4_t31,SUB
t4_t40,t4_t30,t4_t4_y1_,ADD
t4_t41,t4_t31,t4_t30,ADD
t4_t50,t4_t30,t4_t40,ADD
t4_t51,t4_t31,t4_t41,ADD
t400,t4_t20,t4_t50,SUB
t401,t4_t21,t4_t51,SUB
t410,t4_t30,t4_t30,ADD
t411,t4_t31,t4_t31,ADD
t5_a1__y1_,ZERO,t311,SUB
t5_a1_0,t310,t5_a1__y1_,ADD
t5_a1_1,t311,t310,ADD
t5_t00,t300,t5_a1_0,ADD
t5_t01,t301,t5_a1_1,ADD
t5_t10,t300,t310,ADD
t5_t11,t301,t311,ADD
t5_t2_t0,t5_t00,t5_t10,MUL
t5_t2_t1,t5_t01,t5_t11,MUL
t5_t2_t2,t5_t00,t5_t01,ADD
t5_t2_t3,t5_t10,t5_t11,ADD
t5_t2_t4,t5_t2_t2,t5_t2_t3,MUL
t5_t2_s0,ZERO,t5_t2_t1,SUB
t5_t20,t5_t2_t0,t5_t2_s0,ADD
t5_t2_t5,t5_t2_t0,t5_t2_t1,ADD
t5_t21,t5_t2_t4,t5_t2_t5,SUB
t5_t3_t0,t300,t310,MUL
t5_t3_t1,t301,t311,MUL
t5_t3_t2,t300,t301,ADD
t5_t3_t3,t310,t311,ADD
t5_t3_t4,t5_t3_t2,t5_t3_t3,MUL
t5_t3_s0,ZERO,t5_t3_t1,SUB
t5_t30,t5_t3_t0,t5_t3_s0,ADD
t5_t3_t5,t5_t3_t0,t5_t3_t1,ADD
t5_t31,t5_t3_t4,t5_t3_t5,SUB
t5_t4_y1_,ZERO,t5_t31,SUB
t5_t40,t5_t30,t5_t4_y1_,ADD
t5_t41,t5_t31,t5_t30,ADD
t5_t50,t5_t30,t5_t40,ADD
t5_t51,t5_t31,t5_t41,ADD
t500,t5_t20,t5_t50,SUB
t501,t5_t21,t5_t51,SUB
t510,t5_t30,t5_t30,ADD
t511,t5_t31,t5_t31,ADD
t6_t0_t0,t300,t500,MUL
t6_t0_t1,t301,t501,MUL
t6_t0_t2,t300,t301,ADD
t6_t0_t3,t500,t501,ADD
t6_t0_t4,t6_t0_t2,t6_t0_t3,MUL
t6_t0_s0,ZERO,t6_t0_t1,SUB
t6_t00,t6_t0_t0,t6_t0_s0,ADD
t6_t0_t5,t6_t0_t0,t6_t0_t1,ADD
t6_t01,t6_t0_t4,t6_t0_t5,SUB
t6_t1_t0,t310,t510,MUL
t6_t1_t1,t311,t511,MUL
t6_t1_t2,t310,t311,ADD
t6_t1_t3,t510,t511,ADD
t6_t1_t4,t6_t1_t2,t6_t1_t3,MUL
t6_t1_s0,ZERO,t6_t1_t1,SUB
t6_t10,t6_t1_t0,t6_t1_s0,ADD
t6_t1_t5,t6_t1_t0,t6_t1_t1,ADD
t6_t11,t6_t1_t4,t6_t1_t5,SUB
t6_t20,t300,t310,ADD
t6_t21,t301,t311,ADD
t6_t30,t500,t510,ADD
t6_t31,t501,t511,ADD
t6_t4_t0,t6_t20,t6_t30,MUL
t6_t4_t1,t6_t21,t6_t31,MUL
t6_t4_t2,t6_t20,t6_t21,ADD
t6_t4_t3,t6_t30,t6_t31,ADD
t6_t4_t4,t6_t4_t2,t6_t4_t3,MUL
t6_t4_s0,ZERO,t6_t4_t1,SUB
t6_t40,t6_t4_t0,t6_t4_s0,ADD
t6_t4_t5,t6_t4_t0,t6_t4_t1,ADD
t6_t41,t6_t4_t4,t6_t4_t5,SUB
t6_s0_y1_,ZERO,t6_t11,SUB
t6_s00,t6_t10,t6_s0_y1_,ADD
t6_s01,t6_t11,t6_t10,ADD
t600,t6_t00,t6_s00,ADD
t601,t6_t01,t6_s01,ADD
t6_t50,t6_t00,t6_t10,ADD
t6_t51,t6_t01,t6_t11,ADD
t610,t6_t40,t6_t50,SUB
t611,t6_t41,t6_t51,SUB
t7_t0_t0,zt00,t400,MUL
t7_t0_t1,zt01,t401,MUL
t7_t0_t2,zt00,zt01,ADD
t7_t0_t3,t400,t401,ADD
t7_t0_t4,t7_t0_t2,t7_t0_t3,MUL
t7_t0_s0,ZERO,t7_t0_t1,SUB
t7_t00,t7_t0_t0,t7_t0_s0,ADD
t7_t0_t5,t7_t0_t0,t7_t0_t1,ADD
t7_t01,t7_t0_t4,t7_t0_t5,SUB
t7_t1_t0,zt10,t410,MUL
t7_t1_t1,zt11,t411,MUL
t7_t1_t2,zt10,zt11,ADD
t7_t1_t3,t410,t411,ADD
t7_t1_t4,t7_t1_t2,t7_t1_t3,MUL
t7_t1_s0,ZERO,t7_t1_t1,SUB
t7_t10,t7_t1_t0,t7_t1_s0,ADD
t7_t1_t5,t7_t1_t0,t7_t1_t1,ADD
t7_t11,t7_t1_t4,t7_t1_t5,SUB
t7_t20,zt00,zt10,ADD
t7_t21,zt01,zt11,ADD
t7_t30,t400,t410,ADD
t7_t31,t401,t411,ADD
t7_t4_t0,t7_t20,t7_t30,MUL
t7_t4_t1,t7_t21,t7_t31,MUL
t7_t4_t2,t7_t20,t7_t21,ADD
t7_t4_t3,t7_t30,t7_t31,ADD
t7_t4_t4,t7_t4_t2,t7_t4_t3,MUL
t7_t4_s0,ZERO,t7_t4_t1,SUB
t7_t40,t7_t4_t0,t7_t4_s0,ADD
t7_t4_t5,t7_t4_t0,t7_t4_t1,ADD
t7_t41,t7_t4_t4,t7_t4_t5,SUB
t7_s0_y1_,ZERO,t7_t11,SUB
t7_s00,t7_t10,t7_s0_y1_,ADD
t7_s01,t7_t11,t7_t10,ADD
t700,t7_t00,t7_s00,ADD
t701,t7_t01,t7_s01,ADD
t7_t50,t7_t00,t7_t10,ADD
t7_t51,t7_t01,t7_t11,ADD
t710,t7_t40,t7_t50,SUB
t711,t7_t41,t7_t51,SUB
t800,t600,t700,ADD
t801,t601,t701,ADD
t810,t610,t710,ADD
t811,t611,t711,ADD
t9_t0_t0,xt00,t500,MUL
t9_t0_t1,xt01,t501,MUL
t9_t0_t2,xt00,xt01,ADD
t9_t0_t3,t500,t501,ADD
t9_t0_t4,t9_t0_t2,t9_t0_t3,MUL
t9_t0_s0,ZERO,t9_t0_t1,SUB
t9_t00,t9_t0_t0,t9_t0_s0,ADD
t9_t0_t5,t9_t0_t0,t9_t0_t1,ADD
t9_t01,t9_t0_t4,t9_t0_t5,SUB
t9_t1_t0,xt10,t510,MUL
t9_t1_t1,xt11,t511,MUL
t9_t1_t2,xt10,xt11,ADD
t9_t1_t3,t510,t511,ADD
t9_t1_t4,t9_t1_t2,t9_t1_t3,MUL
t9_t1_s0,ZERO,t9_t1_t1,SUB
t9_t10,t9_t1_t0,t9_t1_s0,ADD
t9_t1_t5,t9_t1_t0,t9_t1_t1,ADD
t9_t11,t9_t1_t4,t9_t1_t5,SUB
t9_t20,xt00,xt10,ADD
t9_t21,xt01,xt11,ADD
t9_t30,t500,t510,ADD
t9_t31,t501,t511,ADD
t9_t4_t0,t9_t20,t9_t30,MUL
t9_t4_t1,t9_t21,t9_t31,MUL
t9_t4_t2,t9_t20,t9_t21,ADD
t9_t4_t3,t9_t30,t9_t31,ADD
t9_t4_t4,t9_t4_t2,t9_t4_t3,MUL
t9_t4_s0,ZERO,t9_t4_t1,SUB
t9_t40,t9_t4_t0,t9_t4_s0,ADD
t9_t4_t5,t9_t4_t0,t9_t4_t1,ADD
t9_t41,t9_t4_t4,t9_t4_t5,SUB
t9_s0_y1_,ZERO,t9_t11,SUB
t9_s00,t9_t10,t9_s0_y1_,ADD
t9_s01,t9_t11,t9_t10,ADD
t900,t9_t00,t9_s00,ADD
t901,t9_t01,t9_s01,ADD
t9_t50,t9_t00,t9_t10,ADD
t9_t51,t9_t01,t9_t11,ADD
t910,t9_t40,t9_t50,SUB
t911,t9_t41,t9_t51,SUB
t1000,t900,t900,ADD
t1001,t901,t901,ADD
t1010,t910,t910,ADD
t1011,t911,t911,ADD
t1100,t800,t1000,SUB
t1101,t801,t1001,SUB
t1110,t810,t1010,SUB
t1111,t811,t1011,SUB
t1200,t1100,t900,SUB
t1201,t1101,t901,SUB
t1210,t1110,t910,SUB
t1211,t1111,t911,SUB
new_xt_t0_t0,t300,t1100,MUL
new_xt_t0_t1,t301,t1101,MUL
new_xt_t0_t2,t300,t301,ADD
new_xt_t0_t3,t1100,t1101,ADD
new_xt_t0_t4,new_xt_t0_t2,new_xt_t0_t3,MUL
new_xt_t0_s0,ZERO,new_xt_t0_t1,SUB
new_xt_t00,new_xt_t0_t0,new_xt_t0_s0,ADD
new_xt_t0_t5,new_xt_t0_t0,new_xt_t0_t1,ADD
new_xt_t01,new_xt_t0_t4,new_xt_t0_t5,SUB
new_xt_t1_t0,t310,t1110,MUL
new_xt_t1_t1,t311,t1111,MUL
new_xt_t1_t2,t310,t311,ADD
new_xt_t1_t3,t1110,t1111,ADD
new_xt_t1_t4,new_xt_t1_t2,new_xt_t1_t3,MUL
new_xt_t1_s0,ZERO,new_xt_t1_t1,SUB
new_xt_t10,new_xt_t1_t0,new_xt_t1_s0,ADD
new_xt_t1_t5,new_xt_t1_t0,new_xt_t1_t1,ADD
new_xt_t11,new_xt_t1_t4,new_xt_t1_t5,SUB
new_xt_t20,t300,t310,ADD
new_xt_t21,t301,t311,ADD
new_xt_t30,t1100,t1110,ADD
new_xt_t31,t1101,t1111,ADD
new_xt_t4_t0,new_xt_t20,new_xt_t30,MUL
new_xt_t4_t1,new_xt_t21,new_xt_t31,MUL
new_xt_t4_t2,new_xt_t20,new_xt_t21,ADD
new_xt_t4_t3,new_xt_t30,new_xt_t31,ADD
new_xt_t4_t4,new_xt_t4_t2,new_xt_t4_t3,MUL
new_xt_t4_s0,ZERO,new_xt_t4_t1,SUB
new_xt_t40,new_xt_t4_t0,new_xt_t4_s0,ADD
new_xt_t4_t5,new_xt_t4_t0,new_xt_t4_t1,ADD
new_xt_t41,new_xt_t4_t4,new_xt_t4_t5,SUB
new_xt_s0_y1_,ZERO,new_xt_t11,SUB
new_xt_s00,new_xt_t10,new_xt_s0_y1_,ADD
new_xt_s01,new_xt_t11,new_xt_t10,ADD
new_xt00,new_xt_t00,new_xt_s00,ADD
new_xt01,new_xt_t01,new_xt_s01,ADD
new_xt_t50,new_xt_t00,new_xt_t10,ADD
new_xt_t51,new_xt_t01,new_xt_t11,ADD
new_xt10,new_xt_t40,new_xt_t50,SUB
new_xt11,new_xt_t41,new_xt_t51,SUB
t13_t0_t0,t100,t1200,MUL
t13_t0_t1,t101,t1201,MUL
t13_t0_t2,t100,t101,ADD
t13_t0_t3,t1200,t1201,ADD
t13_t0_t4,t13_t0_t2,t13_t0_t3,MUL
t13_t0_s0,ZERO,t13_t0_t1,SUB
t13_t00,t13_t0_t0,t13_t0_s0,ADD
t13_t0_t5,t13_t0_t0,t13_t0_t1,ADD
t13_t01,t13_t0_t4,t13_t0_t5,SUB
t13_t1_t0,t110,t1210,MUL
t13_t1_t1,t111,t1211,MUL
t13_t1_t2,t110,t111,ADD
t13_t1_t3,t1210,t1211,ADD
t13_t1_t4,t13_t1_t2,t13_t1_t3,MUL
t13_t1_s0,ZERO,t13_t1_t1,SUB
t13_t10,t13_t1_t0,t13_t1_s0,ADD
t13_t1_t5,t13_t1_t0,t13_t1_t1,ADD
t13_t11,t13_t1_t4,t13_t1_t5,SUB
t13_t20,t100,t110,ADD
t13_t21,t101,t111,ADD
t13_t30,t1200,t1210,ADD
t13_t31,t1201,t1211,ADD
t13_t4_t0,t13_t20,t13_t30,MUL
t13_t4_t1,t13_t21,t13_t31,MUL
t13_t4_t2,t13_t20,t13_t21,ADD
t13_t4_t3,t13_t30,t13_t31,ADD
t13_t4_t4,t13_t4_t2,t13_t4_t3,MUL
t13_t4_s0,ZERO,t13_t4_t1,SUB
t13_t40,t13_t4_t0,t13_t4_s0,ADD
t13_t4_t5,t13_t4_t0,t13_t4_t1,ADD
t13_t41,t13_t4_t4,t13_t4_t5,SUB
t13_s0_y1_,ZERO,t13_t11,SUB
t13_s00,t13_t10,t13_s0_y1_,ADD
t13_s01,t13_t11,t13_t10,ADD
t1300,t13_t00,t13_s00,ADD
t1301,t13_t01,t13_s01,ADD
t13_t50,t13_t00,t13_t10,ADD
t13_t51,t13_t01,t13_t11,ADD
t1310,t13_t40,t13_t50,SUB
t1311,t13_t41,t13_t51,SUB
t14_t0_t0,yt00,t600,MUL
t14_t0_t1,yt01,t601,MUL
t14_t0_t2,yt00,yt01,ADD
t14_t0_t3,t600,t601,ADD
t14_t0_t4,t14_t0_t2,t14_t0_t3,MUL
t14_t0_s0,ZERO,t14_t0_t1,SUB
t14_t00,t14_t0_t0,t14_t0_s0,ADD
t14_t0_t5,t14_t0_t0,t14_t0_t1,ADD
t14_t01,t14_t0_t4,t14_t0_t5,SUB
t14_t1_t0,yt10,t610,MUL
t14_t1_t1,yt11,t611,MUL
t14_t1_t2,yt10,yt11,ADD
t14_t1_t3,t610,t611,ADD
t14_t1_t4,t14_t1_t2,t14_t1_t3,MUL
t14_t1_s0,ZERO,t14_t1_t1,SUB
t14_t10,t14_t1_t0,t14_t1_s0,ADD
t14_t1_t5,t14_t1_t0,t14_t1_t1,ADD
t14_t11,t14_t1_t4,t14_t1_t5,SUB
t14_t20,yt00,yt10,ADD
t14_t21,yt01,yt11,ADD
t14_t30,t600,t610,ADD
t14_t31,t601,t611,ADD
t14_t4_t0,t14_t20,t14_t30,MUL
t14_t4_t1,t14_t21,t14_t31,MUL
t14_t4_t2,t14_t20,t14_t21,ADD
t14_t4_t3,t14_t30,t14_t31,ADD
t14_t4_t4,t14_t4_t2,t14_t4_t3,MUL
t14_t4_s0,ZERO,t14_t4_t1,SUB
t14_t40,t14_t4_t0,t14_t4_s0,ADD
t14_t4_t5,t14_t4_t0,t14_t4_t1,ADD
t14_t41,t14_t4_t4,t14_t4_t5,SUB
t14_s0_y1_,ZERO,t14_t11,SUB
t14_s00,t14_t10,t14_s0_y1_,ADD
t14_s01,t14_t11,t14_t10,ADD
t1400,t14_t00,t14_s00,ADD
t1401,t14_t01,t14_s01,ADD
t14_t50,t14_t00,t14_t10,ADD
t14_t51,t14_t01,t14_t11,ADD
t1410,t14_t40,t14_t50,SUB
t1411,t14_t41,t14_t51,SUB
t1500,t1300,t1400,ADD
t1501,t1301,t1401,ADD
t1510,t1310,t1410,ADD
t1511,t1311,t1411,ADD
new_yt00,ZERO,t1300,SUB
new_yt01,ZERO,t1301,SUB
new_yt10,ZERO,t1310,SUB
new_yt11,ZERO,t1311,SUB
new_zt_t0_t0,zt00,t600,MUL
new_zt_t0_t1,zt01,t601,MUL
new_zt_t0_t2,zt00,zt01,ADD
new_zt_t0_t3,t600,t601,ADD
new_zt_t0_t4,new_zt_t0_t2,new_zt_t0_t3,MUL
new_zt_t0_s0,ZERO,new_zt_t0_t1,SUB
new_zt_t00,new_zt_t0_t0,new_zt_t0_s0,ADD
new_zt_t0_t5,new_zt_t0_t0,new_zt_t0_t1,ADD
new_zt_t01,new_zt_t0_t4,new_zt_t0_t5,SUB
new_zt_t1_t0,zt10,t610,MUL
new_zt_t1_t1,zt11,t611,MUL
new_zt_t1_t2,zt10,zt11,ADD
new_zt_t1_t3,t610,t611,ADD
new_zt_t1_t4,new_zt_t1_t2,new_zt_t1_t3,MUL
new_zt_t1_s0,ZERO,new_zt_t1_t1,SUB
new_zt_t10,new_zt_t1_t0,new_zt_t1_s0,ADD
new_zt_t1_t5,new_zt_t1_t0,new_zt_t1_t1,ADD
new_zt_t11,new_zt_t1_t4,new_zt_t1_t5,SUB
new_zt_t20,zt00,zt10,ADD
new_zt_t21,zt01,zt11,ADD
new_zt_t30,t600,t610,ADD
new_zt_t31,t601,t611,ADD
new_zt_t4_t0,new_zt_t20,new_zt_t30,MUL
new_zt_t4_t1,new_zt_t21,new_zt_t31,MUL
new_zt_t4_t2,new_zt_t20,new_zt_t21,ADD
new_zt_t4_t3,new_zt_t30,new_zt_t31,ADD
new_zt_t4_t4,new_zt_t4_t2,new_zt_t4_t3,MUL
new_zt_t4_s0,ZERO,new_zt_t4_t1,SUB
new_zt_t40,new_zt_t4_t0,new_zt_t4_s0,ADD
new_zt_t4_t5,new_zt_t4_t0,new_zt_t4_t1,ADD
new_zt_t41,new_zt_t4_t4,new_zt_t4_t5,SUB
new_zt_s0_y1_,ZERO,new_zt_t11,SUB
new_zt_s00,new_zt_t10,new_zt_s0_y1_,ADD
new_zt_s01,new_zt_t11,new_zt_t10,ADD
new_zt00,new_zt_t00,new_zt_s00,ADD
new_zt01,new_zt_t01,new_zt_s01,ADD
new_zt_t50,new_zt_t00,new_zt_t10,ADD
new_zt_t51,new_zt_t01,new_zt_t11,ADD
new_zt10,new_zt_t40,new_zt_t50,SUB
new_zt11,new_zt_t41,new_zt_t51,SUB
l0000,t300,yp,MUL
l0001,t301,yp,MUL
l0010,t310,yp,MUL
l0011,t311,yp,MUL
l1000,t100,xp,MUL
l1001,t101,xp,MUL
l1010,t110,xp,MUL
l1011,t111,xp,MUL
t16_t0_t0,yq00,t300,MUL
t16_t0_t1,yq01,t301,MUL
t16_t0_t2,yq00,yq01,ADD
t16_t0_t3,t300,t301,ADD
t16_t0_t4,t16_t0_t2,t16_t0_t3,MUL
t16_t0_s0,ZERO,t16_t0_t1,SUB
t16_t00,t16_t0_t0,t16_t0_s0,ADD
t16_t0_t5,t16_t0_t0,t16_t0_t1,ADD
t16_t01,t16_t0_t4,t16_t0_t5,SUB
t16_t1_t0,yq10,t310,MUL
t16_t1_t1,yq11,t311,MUL
t16_t1_t2,yq10,yq11,ADD
t16_t1_t3,t310,t311,ADD
t16_t1_t4,t16_t1_t2,t16_t1_t3,MUL
t16_t1_s0,ZERO,t16_t1_t1,SUB
t16_t10,t16_t1_t0,t16_t1_s0,ADD
t16_t1_t5,t16_t1_t0,t16_t1_t1,ADD
t16_t11,t16_t1_t4,t16_t1_t5,SUB
t16_t20,yq00,yq10,ADD
t16_t21,yq01,yq11,ADD
t16_t30,t300,t310,ADD
t16_t31,t301,t311,ADD
t16_t4_t0,t16_t20,t16_t30,MUL
t16_t4_t1,t16_t21,t16_t31,MUL
t16_t4_t2,t16_t20,t16_t21,ADD
t16_t4_t3,t16_t30,t16_t31,ADD
t16_t4_t4,t16_t4_t2,t16_t4_t3,MUL
t16_t4_s0,ZERO,t16_t4_t1,SUB
t16_t40,t16_t4_t0,t16_t4_s0,ADD
t16_t4_t5,t16_t4_t0,t16_t4_t1,ADD
t16_t41,t16_t4_t4,t16_t4_t5,SUB
t16_s0_y1_,ZERO,t16_t11,SUB
t16_s00,t16_t10,t16_s0_y1_,ADD
t16_s01,t16_t11,t16_t10,ADD
t1600,t16_t00,t16_s00,ADD
t1601,t16_t01,t16_s01,ADD
t16_t50,t16_t00,t16_t10,ADD
t16_t51,t16_t01,t16_t11,ADD
t1610,t16_t40,t16_t50,SUB
t1611,t16_t41,t16_t51,SUB
t17_t0_t0,xq00,t100,MUL
t17_t0_t1,xq01,t101,MUL
t17_t0_t2,xq00,xq01,ADD
t17_t0_t3,t100,t101,ADD
t17_t0_t4,t17_t0_t2,t17_t0_t3,MUL
t17_t0_s0,ZERO,t17_t0_t1,SUB
t17_t00,t17_t0_t0,t17_t0_s0,ADD
t17_t0_t5,t17_t0_t0,t17_t0_t1,ADD
t17_t01,t17_t0_t4,t17_t0_t5,SUB
t17_t1_t0,xq10,t110,MUL
t17_t1_t1,xq11,t111,MUL
t17_t1_t2,xq10,xq11,ADD
t17_t1_t3,t110,t111,ADD
t17_t1_t4,t17_t1_t2,t17_t1_t3,MUL
t17_t1_s0,ZERO,t17_t1_t1,SUB
t17_t10,t17_t1_t0,t17_t1_s0,ADD
t17_t1_t5,t17_t1_t0,t17_t1_t1,ADD
t17_t11,t17_t1_t4,t17_t1_t5,SUB
t17_t20,xq00,xq10,ADD
t17_t21,xq01,xq11,ADD
t17_t30,t100,t110,ADD
t17_t31,t101,t111,ADD
t17_t4_t0,t17_t20,t17_t30,MUL
t17_t4_t1,t17_t21,t17_t31,MUL
t17_t4_t2,t17_t20,t17_t21,ADD
t17_t4_t3,t17_t30,t17_t31,ADD
t17_t4_t4,t17_t4_t2,t17_t4_t3,MUL
t17_t4_s0,ZERO,t17_t4_t1,SUB
t17_t40,t17_t4_t0,t17_t4_s0,ADD
t17_t4_t5,t17_t4_t0,t17_t4_t1,ADD
t17_t41,t17_t4_t4,t17_t4_t5,SUB
t17_s0_y1_,ZERO,t17_t11,SUB
t17_s00,t17_t10,t17_s0_y1_,ADD
t17_s01,t17_t11,t17_t10,ADD
t1700,t17_t00,t17_s00,ADD
t1701,t17_t01,t17_s01,ADD
t17_t50,t17_t00,t17_t10,ADD
t17_t51,t17_t01,t17_t11,ADD
t1710,t17_t40,t17_t50,SUB
t1711,t17_t41,t17_t51,SUB
l0100,t1600,t1700,SUB
l0101,t1601,t1701,SUB
l0110,t1610,t1710,SUB
l0111,t1611,t1711,SUB
