t0_a1__y1_,ZERO,yt11,SUB
t0_a1_0,yt10,t0_a1__y1_,ADD
t0_a1_1,yt11,yt10,ADD
t0_t00,yt00,t0_a1_0,ADD
t0_t01,yt01,t0_a1_1,ADD
t0_t10,yt00,yt10,ADD
t0_t11,yt01,yt11,ADD
t0_t2_t0,t0_t00,t0_t10,MUL
t0_t2_t1,t0_t01,t0_t11,MUL
t0_t2_t2,t0_t00,t0_t01,ADD
t0_t2_t3,t0_t10,t0_t11,ADD
t0_t2_t4,t0_t2_t2,t0_t2_t3,MUL
t0_t2_s0,ZERO,t0_t2_t1,SUB
t0_t20,t0_t2_t0,t0_t2_s0,ADD
t0_t2_t5,t0_t2_t0,t0_t2_t1,ADD
t0_t21,t0_t2_t4,t0_t2_t5,SUB
t0_t3_t0,yt00,yt10,MUL
t0_t3_t1,yt01,yt11,MUL
t0_t3_t2,yt00,yt01,ADD
t0_t3_t3,yt10,yt11,ADD
t0_t3_t4,t0_t3_t2,t0_t3_t3,MUL
t0_t3_s0,ZERO,t0_t3_t1,SUB
t0_t30,t0_t3_t0,t0_t3_s0,ADD
t0_t3_t5,t0_t3_t0,t0_t3_t1,ADD
t0_t31,t0_t3_t4,t0_t3_t5,SUB
t0_t4_y1_,ZERO,t0_t31,SUB
t0_t40,t0_t30,t0_t4_y1_,ADD
t0_t41,t0_t31,t0_t30,ADD
t0_t50,t0_t30,t0_t40,ADD
t0_t51,t0_t31,t0_t41,ADD
t000,t0_t20,t0_t50,SUB
t001,t0_t21,t0_t51,SUB
t010,t0_t30,t0_t30,ADD
t011,t0_t31,t0_t31,ADD
t1_a1__y1_,ZERO,zt11,SUB
t1_a1_0,zt10,t1_a1__y1_,ADD
t1_a1_1,zt11,zt10,ADD
t1_t00,zt00,t1_a1_0,ADD
t1_t01,zt01,t1_a1_1,ADD
t1_t10,zt00,zt10,ADD
t1_t11,zt01,zt11,ADD
t1_t2_t0,t1_t00,t1_t10,MUL
t1_t2_t1,t1_t01,t1_t11,MUL
t1_t2_t2,t1_t00,t1_t01,ADD
t1_t2_t3,t1_t10,t1_t11,ADD
t1_t2_t4,t1_t2_t2,t1_t2_t3,MUL
t1_t2_s0,ZERO,t1_t2_t1,SUB
t1_t20,t1_t2_t0,t1_t2_s0,ADD
t1_t2_t5,t1_t2_t0,t1_t2_t1,ADD
t1_t21,t1_t2_t4,t1_t2_t5,SUB
t1_t3_t0,zt00,zt10,MUL
t1_t3_t1,zt01,zt11,MUL
t1_t3_t2,zt00,zt01,ADD
t1_t3_t3,zt10,zt11,ADD
t1_t3_t4,t1_t3_t2,t1_t3_t3,MUL
t1_t3_s0,ZERO,t1_t3_t1,SUB
t1_t30,t1_t3_t0,t1_t3_s0,ADD
t1_t3_t5,t1_t3_t0,t1_t3_t1,ADD
t1_t31,t1_t3_t4,t1_t3_t5,SUB
t1_t4_y1_,ZERO,t1_t31,SUB
t1_t40,t1_t30,t1_t4_y1_,ADD
t1_t41,t1_t31,t1_t30,ADD
t1_t50,t1_t30,t1_t40,ADD
t1_t51,t1_t31,t1_t41,ADD
t100,t1_t20,t1_t50,SUB
t101,t1_t21,t1_t51,SUB
t110,t1_t30,t1_t30,ADD
t111,t1_t31,t1_t31,ADD
t2_t0_t0,b_t00,t100,MUL
t2_t0_t1,b_t01,t101,MUL
t2_t0_t2,b_t00,b_t01,ADD
t2_t0_t3,t100,t101,ADD
t2_t0_t4,t2_t0_t2,t2_t0_t3,MUL
t2_t0_s0,ZERO,t2_t0_t1,SUB
t2_t00,t2_t0_t0,t2_t0_s0,ADD
t2_t0_t5,t2_t0_t0,t2_t0_t1,ADD
t2_t01,t2_t0_t4,t2_t0_t5,SUB
t2_t1_t0,b_t10,t110,MUL
t2_t1_t1,b_t11,t111,MUL
t2_t1_t2,b_t10,b_t11,ADD
t2_t1_t3,t110,t111,ADD
t2_t1_t4,t2_t1_t2,t2_t1_t3,MUL
t2_t1_s0,ZERO,t2_t1_t1,SUB
t2_t10,t2_t1_t0,t2_t1_s0,ADD
t2_t1_t5,t2_t1_t0,t2_t1_t1,ADD
t2_t11,t2_t1_t4,t2_t1_t5,SUB
t2_t20,b_t00,b_t10,ADD
t2_t21,b_t01,b_t11,ADD
t2_t30,t100,t110,ADD
t2_t31,t101,t111,ADD
t2_t4_t0,t2_t20,t2_t30,MUL
t2_t4_t1,t2_t21,t2_t31,MUL
t2_t4_t2,t2_t20,t2_t21,ADD
t2_t4_t3,t2_t30,t2_t31,ADD
t2_t4_t4,t2_t4_t2,t2_t4_t3,MUL
t2_t4_s0,ZERO,t2_t4_t1,SUB
t2_t40,t2_t4_t0,t2_t4_s0,ADD
t2_t4_t5,t2_t4_t0,t2_t4_t1,ADD
t2_t41,t2_t4_t4,t2_t4_t5,SUB
t2_s0_y1_,ZERO,t2_t11,SUB
t2_s00,t2_t10,t2_s0_y1_,ADD
t2_s01,t2_t11,t2_t10,ADD
t200,t2_t00,t2_s00,ADD
t201,t2_t01,t2_s01,ADD
t2_t50,t2_t00,t2_t10,ADD
t2_t51,t2_t01,t2_t11,ADD
t210,t2_t40,t2_t50,SUB
t211,t2_t41,t2_t51,SUB
t300,t200,t200,ADD
t301,t201,t201,ADD
t310,t210,t210,ADD
t311,t211,t211,ADD
t400,t300,t200,ADD
t401,t301,t201,ADD
t410,t310,t210,ADD
t411,t311,t211,ADD
t5_t0_t0,xt00,yt00,MUL
t5_t0_t1,xt01,yt01,MUL
t5_t0_t2,xt00,xt01,ADD
t5_t0_t3,yt00,yt01,ADD
t5_t0_t4,t5_t0_t2,t5_t0_t3,MUL
t5_t0_s0,ZERO,t5_t0_t1,SUB
t5_t00,t5_t0_t0,t5_t0_s0,ADD
t5_t0_t5,t5_t0_t0,t5_t0_t1,ADD
t5_t01,t5_t0_t4,t5_t0_t5,SUB
t5_t1_t0,xt10,yt10,MUL
t5_t1_t1,xt11,yt11,MUL
t5_t1_t2,xt10,xt11,ADD
t5_t1_t3,yt10,yt11,ADD
t5_t1_t4,t5_t1_t2,t5_t1_t3,MUL
t5_t1_s0,ZERO,t5_t1_t1,SUB
t5_t10,t5_t1_t0,t5_t1_s0,ADD
t5_t1_t5,t5_t1_t0,t5_t1_t1,ADD
t5_t11,t5_t1_t4,t5_t1_t5,SUB
t5_t20,xt00,xt10,ADD
t5_t21,xt01,xt11,ADD
t5_t30,yt00,yt10,ADD
t5_t31,yt01,yt11,ADD
t5_t4_t0,t5_t20,t5_t30,MUL
t5_t4_t1,t5_t21,t5_t31,MUL
t5_t4_t2,t5_t20,t5_t21,ADD
t5_t4_t3,t5_t30,t5_t31,ADD
t5_t4_t4,t5_t4_t2,t5_t4_t3,MUL
t5_t4_s0,ZERO,t5_t4_t1,SUB
t5_t40,t5_t4_t0,t5_t4_s0,ADD
t5_t4_t5,t5_t4_t0,t5_t4_t1,ADD
t5_t41,t5_t4_t4,t5_t4_t5,SUB
t5_s0_y1_,ZERO,t5_t11,SUB
t5_s00,t5_t10,t5_s0_y1_,ADD
t5_s01,t5_t11,t5_t10,ADD
t500,t5_t00,t5_s00,ADD
t501,t5_t01,t5_s01,ADD
t5_t50,t5_t00,t5_t10,ADD
t5_t51,t5_t01,t5_t11,ADD
t510,t5_t40,t5_t50,SUB
t511,t5_t41,t5_t51,SUB
t600,t500,t500,ADD
t601,t501,t501,ADD
t610,t510,t510,ADD
t611,t511,t511,ADD
t7_a1__y1_,ZERO,xt11,SUB
t7_a1_0,xt10,t7_a1__y1_,ADD
t7_a1_1,xt11,xt10,ADD
t7_t00,xt00,t7_a1_0,ADD
t7_t01,xt01,t7_a1_1,ADD
t7_t10,xt00,xt10,ADD
t7_t11,xt01,xt11,ADD
t7_t2_t0,t7_t00,t7_t10,MUL
t7_t2_t1,t7_t01,t7_t11,MUL
t7_t2_t2,t7_t00,t7_t01,ADD
t7_t2_t3,t7_t10,t7_t11,ADD
t7_t2_t4,t7_t2_t2,t7_t2_t3,MUL
t7_t2_s0,ZERO,t7_t2_t1,SUB
t7_t20,t7_t2_t0,t7_t2_s0,ADD
t7_t2_t5,t7_t2_t0,t7_t2_t1,ADD
t7_t21,t7_t2_t4,t7_t2_t5,SUB
t7_t3_t0,xt00,xt10,MUL
t7_t3_t1,xt01,xt11,MUL
t7_t3_t2,xt00,xt01,ADD
t7_t3_t3,xt10,xt11,ADD
t7_t3_t4,t7_t3_t2,t7_t3_t3,MUL
t7_t3_s0,ZERO,t7_t3_t1,SUB
t7_t30,t7_t3_t0,t7_t3_s0,ADD
t7_t3_t5,t7_t3_t0,t7_t3_t1,ADD
t7_t31,t7_t3_t4,t7_t3_t5,SUB
t7_t4_y1_,ZERO,t7_t31,SUB
t7_t40,t7_t30,t7_t4_y1_,ADD
t7_t41,t7_t31,t7_t30,ADD
t7_t50,t7_t30,t7_t40,ADD
t7_t51,t7_t31,t7_t41,ADD
t700,t7_t20,t7_t50,SUB
t701,t7_t21,t7_t51,SUB
t710,t7_t30,t7_t30,ADD
t711,t7_t31,t7_t31,ADD
t800,t700,t700,ADD
t801,t701,t701,ADD
t810,t710,t710,ADD
t811,t711,t711,ADD
t900,t800,t700,ADD
t901,t801,t701,ADD
t910,t810,t710,ADD
t911,t811,t711,ADD
t10_t0_t0,yt00,zt00,MUL
t10_t0_t1,yt01,zt01,MUL
t10_t0_t2,yt00,yt01,ADD
t10_t0_t3,zt00,zt01,ADD
t10_t0_t4,t10_t0_t2,t10_t0_t3,MUL
t10_t0_s0,ZERO,t10_t0_t1,SUB
t10_t00,t10_t0_t0,t10_t0_s0,ADD
t10_t0_t5,t10_t0_t0,t10_t0_t1,ADD
t10_t01,t10_t0_t4,t10_t0_t5,SUB
t10_t1_t0,yt10,zt10,MUL
t10_t1_t1,yt11,zt11,MUL
t10_t1_t2,yt10,yt11,ADD
t10_t1_t3,zt10,zt11,ADD
t10_t1_t4,t10_t1_t2,t10_t1_t3,MUL
t10_t1_s0,ZERO,t10_t1_t1,SUB
t10_t10,t10_t1_t0,t10_t1_s0,ADD
t10_t1_t5,t10_t1_t0,t10_t1_t1,ADD
t10_t11,t10_t1_t4,t10_t1_t5,SUB
t10_t20,yt00,yt10,ADD
t10_t21,yt01,yt11,ADD
t10_t30,zt00,zt10,ADD
t10_t31,zt01,zt11,ADD
t10_t4_t0,t10_t20,t10_t30,MUL
t10_t4_t1,t10_t21,t10_t31,MUL
t10_t4_t2,t10_t20,t10_t21,ADD
t10_t4_t3,t10_t30,t10_t31,ADD
t10_t4_t4,t10_t4_t2,t10_t4_t3,MUL
t10_t4_s0,ZERO,t10_t4_t1,SUB
t10_t40,t10_t4_t0,t10_t4_s0,ADD
t10_t4_t5,t10_t4_t0,t10_t4_t1,ADD
t10_t41,t10_t4_t4,t10_t4_t5,SUB
t10_s0_y1_,ZERO,t10_t11,SUB
t10_s00,t10_t10,t10_s0_y1_,ADD
t10_s01,t10_t11,t10_t10,ADD
t1000,t10_t00,t10_s00,ADD
t1001,t10_t01,t10_s01,ADD
t10_t50,t10_t00,t10_t10,ADD
t10_t51,t10_t01,t10_t11,ADD
t1010,t10_t40,t10_t50,SUB
t1011,t10_t41,t10_t51,SUB
t1100,t1000,t1000,ADD
t1101,t1001,t1001,ADD
t1110,t1010,t1010,ADD
t1111,t1011,t1011,ADD
t12_t0_t0,t000,t1100,MUL
t12_t0_t1,t001,t1101,MUL
t12_t0_t2,t000,t001,ADD
t12_t0_t3,t1100,t1101,ADD
t12_t0_t4,t12_t0_t2,t12_t0_t3,MUL
t12_t0_s0,ZERO,t12_t0_t1,SUB
t12_t00,t12_t0_t0,t12_t0_s0,ADD
t12_t0_t5,t12_t0_t0,t12_t0_t1,ADD
t12_t01,t12_t0_t4,t12_t0_t5,SUB
t12_t1_t0,t010,t1110,MUL
t12_t1_t1,t011,t1111,MUL
t12_t1_t2,t010,t011,ADD
t12_t1_t3,t1110,t1111,ADD
t12_t1_t4,t12_t1_t2,t12_t1_t3,MUL
t12_t1_s0,ZERO,t12_t1_t1,SUB
t12_t10,t12_t1_t0,t12_t1_s0,ADD
t12_t1_t5,t12_t1_t0,t12_t1_t1,ADD
t12_t11,t12_t1_t4,t12_t1_t5,SUB
t12_t20,t000,t010,ADD
t12_t21,t001,t011,ADD
t12_t30,t1100,t1110,ADD
t12_t31,t1101,t1111,ADD
t12_t4_t0,t12_t20,t12_t30,MUL
t12_t4_t1,t12_t21,t12_t31,MUL
t12_t4_t2,t12_t20,t12_t21,ADD
t12_t4_t3,t12_t30,t12_t31,ADD
t12_t4_t4,t12_t4_t2,t12_t4_t3,MUL
t12_t4_s0,ZERO,t12_t4_t1,SUB
t12_t40,t12_t4_t0,t12_t4_s0,ADD
t12_t4_t5,t12_t4_t0,t12_t4_t1,ADD
t12_t41,t12_t4_t4,t12_t4_t5,SUB
t12_s0_y1_,ZERO,t12_t11,SUB
t12_s00,t12_t10,t12_s0_y1_,ADD
t12_s01,t12_t11,t12_t10,ADD
t1200,t12_t00,t12_s00,ADD
t1201,t12_t01,t12_s01,ADD
t12_t50,t12_t00,t12_t10,ADD
t12_t51,t12_t01,t12_t11,ADD
t1210,t12_t40,t12_t50,SUB
t1211,t12_t41,t12_t51,SUB
t1300,t1200,t1200,ADD
t1301,t1201,t1201,ADD
t1310,t1210,t1210,ADD
t1311,t1211,t1211,ADD
new_zt00,t1300,t1300,ADD
new_zt01,t1301,t1301,ADD
new_zt10,t1310,t1310,ADD
new_zt11,t1311,t1311,ADD
l0100,t000,t400,SUB
l0101,t001,t401,SUB
l0110,t010,t410,SUB
l0111,t011,t411,SUB
t1400,t400,t400,ADD
t1401,t401,t401,ADD
t1410,t410,t410,ADD
t1411,t411,t411,ADD
t1500,l0100,t1400,SUB
t1501,l0101,t1401,SUB
t1510,l0110,t1410,SUB
t1511,l0111,t1411,SUB
new_xt_t0_t0,t1500,t600,MUL
new_xt_t0_t1,t1501,t601,MUL
new_xt_t0_t2,t1500,t1501,ADD
new_xt_t0_t3,t600,t601,ADD
new_xt_t0_t4,new_xt_t0_t2,new_xt_t0_t3,MUL
new_xt_t0_s0,ZERO,new_xt_t0_t1,SUB
new_xt_t00,new_xt_t0_t0,new_xt_t0_s0,ADD
new_xt_t0_t5,new_xt_t0_t0,new_xt_t0_t1,ADD
new_xt_t01,new_xt_t0_t4,new_xt_t0_t5,SUB
new_xt_t1_t0,t1510,t610,MUL
new_xt_t1_t1,t1511,t611,MUL
new_xt_t1_t2,t1510,t1511,ADD
new_xt_t1_t3,t610,t611,ADD
new_xt_t1_t4,new_xt_t1_t2,new_xt_t1_t3,MUL
new_xt_t1_s0,ZERO,new_xt_t1_t1,SUB
new_xt_t10,new_xt_t1_t0,new_xt_t1_s0,ADD
new_xt_t1_t5,new_xt_t1_t0,new_xt_t1_t1,ADD
new_xt_t11,new_xt_t1_t4,new_xt_t1_t5,SUB
new_xt_t20,t1500,t1510,ADD
new_xt_t21,t1501,t1511,ADD
new_xt_t30,t600,t610,ADD
new_xt_t31,t601,t611,ADD
new_xt_t4_t0,new_xt_t20,new_xt_t30,MUL
new_xt_t4_t1,new_xt_t21,new_xt_t31,MUL
new_xt_t4_t2,new_xt_t20,new_xt_t21,ADD
new_xt_t4_t3,new_xt_t30,new_xt_t31,ADD
new_xt_t4_t4,new_xt_t4_t2,new_xt_t4_t3,MUL
new_xt_t4_s0,ZERO,new_xt_t4_t1,SUB
new_xt_t40,new_xt_t4_t0,new_xt_t4_s0,ADD
new_xt_t4_t5,new_xt_t4_t0,new_xt_t4_t1,ADD
new_xt_t41,new_xt_t4_t4,new_xt_t4_t5,SUB
new_xt_s0_y1_,ZERO,new_xt_t11,SUB
new_xt_s00,new_xt_t10,new_xt_s0_y1_,ADD
new_xt_s01,new_xt_t11,new_xt_t10,ADD
new_xt00,new_xt_t00,new_xt_s00,ADD
new_xt01,new_xt_t01,new_xt_s01,ADD
new_xt_t50,new_xt_t00,new_xt_t10,ADD
new_xt_t51,new_xt_t01,new_xt_t11,ADD
new_xt10,new_xt_t40,new_xt_t50,SUB
new_xt11,new_xt_t41,new_xt_t51,SUB
t1600,t000,l0100,ADD
t1601,t001,l0101,ADD
t1610,t010,l0110,ADD
t1611,t011,l0111,ADD
b300,t1400,t400,ADD
b301,t1401,t401,ADD
b310,t1410,t410,ADD
b311,t1411,t411,ADD
t17_t0_t0,b300,t1600,MUL
t17_t0_t1,b301,t1601,MUL
t17_t0_t2,b300,b301,ADD
t17_t0_t3,t1600,t1601,ADD
t17_t0_t4,t17_t0_t2,t17_t0_t3,MUL
t17_t0_s0,ZERO,t17_t0_t1,SUB
t17_t00,t17_t0_t0,t17_t0_s0,ADD
t17_t0_t5,t17_t0_t0,t17_t0_t1,ADD
t17_t01,t17_t0_t4,t17_t0_t5,SUB
t17_t1_t0,b310,t1610,MUL
t17_t1_t1,b311,t1611,MUL
t17_t1_t2,b310,b311,ADD
t17_t1_t3,t1610,t1611,ADD
t17_t1_t4,t17_t1_t2,t17_t1_t3,MUL
t17_t1_s0,ZERO,t17_t1_t1,SUB
t17_t10,t17_t1_t0,t17_t1_s0,ADD
t17_t1_t5,t17_t1_t0,t17_t1_t1,ADD
t17_t11,t17_t1_t4,t17_t1_t5,SUB
t17_t20,b300,b310,ADD
t17_t21,b301,b311,ADD
t17_t30,t1600,t1610,ADD
t17_t31,t1601,t1611,ADD
t17_t4_t0,t17_t20,t17_t30,MUL
t17_t4_t1,t17_t21,t17_t31,MUL
t17_t4_t2,t17_t20,t17_t21,ADD
t17_t4_t3,t17_t30,t17_t31,ADD
t17_t4_t4,t17_t4_t2,t17_t4_t3,MUL
t17_t4_s0,ZERO,t17_t4_t1,SUB
t17_t40,t17_t4_t0,t17_t4_s0,ADD
t17_t4_t5,t17_t4_t0,t17_t4_t1,ADD
t17_t41,t17_t4_t4,t17_t4_t5,SUB
t17_s0_y1_,ZERO,t17_t11,SUB
t17_s00,t17_t10,t17_s0_y1_,ADD
t17_s01,t17_t11,t17_t10,ADD
t1700,t17_t00,t17_s00,ADD
t1701,t17_t01,t17_s01,ADD
t17_t50,t17_t00,t17_t10,ADD
t17_t51,t17_t01,t17_t11,ADD
t1710,t17_t40,t17_t50,SUB
t1711,t17_t41,t17_t51,SUB
t18_a1__y1_,ZERO,t011,SUB
t18_a1_0,t010,t18_a1__y1_,ADD
t18_a1_1,t011,t010,ADD
t18_t00,t000,t18_a1_0,ADD
t18_t01,t001,t18_a1_1,ADD
t18_t10,t000,t010,ADD
t18_t11,t001,t011,ADD
t18_t2_t0,t18_t00,t18_t10,MUL
t18_t2_t1,t18_t01,t18_t11,MUL
t18_t2_t2,t18_t00,t18_t01,ADD
t18_t2_t3,t18_t10,t18_t11,ADD
t18_t2_t4,t18_t2_t2,t18_t2_t3,MUL
t18_t2_s0,ZERO,t18_t2_t1,SUB
t18_t20,t18_t2_t0,t18_t2_s0,ADD
t18_t2_t5,t18_t2_t0,t18_t2_t1,ADD
t18_t21,t18_t2_t4,t18_t2_t5,SUB
t18_t3_t0,t000,t010,MUL
t18_t3_t1,t001,t011,MUL
t18_t3_t2,t000,t001,ADD
t18_t3_t3,t010,t011,ADD
t18_t3_t4,t18_t3_t2,t18_t3_t3,MUL
t18_t3_s0,ZERO,t18_t3_t1,SUB
t18_t30,t18_t3_t0,t18_t3_s0,ADD
t18_t3_t5,t18_t3_t0,t18_t3_t1,ADD
t18_t31,t18_t3_t4,t18_t3_t5,SUB
t18_t4_y1_,ZERO,t18_t31,SUB
t18_t40,t18_t30,t18_t4_y1_,ADD
t18_t41,t18_t31,t18_t30,ADD
t18_t50,t18_t30,t18_t40,ADD
t18_t51,t18_t31,t18_t41,ADD
t1800,t18_t20,t18_t50,SUB
t1801,t18_t21,t18_t51,SUB
t1810,t18_t30,t18_t30,ADD
t1811,t18_t31,t18_t31,ADD
new_yt00,t1700,t1800,ADD
new_yt01,t1701,t1801,ADD
new_yt10,t1710,t1810,ADD
new_yt11,t1711,t1811,ADD
l0000,t1100,yp,MUL
l0001,t1101,yp,MUL
l0010,t1110,yp,MUL
l0011,t1111,yp,MUL
l1000,t900,xp,MUL
l1001,t901,xp,MUL
l1010,t910,xp,MUL
l1011,t911,xp,MUL
