t0_t0_t0,a0000,b0000,MUL
t0_t0_t1,a0001,b0001,MUL
t0_t0_t2,a0000,a0001,ADD
t0_t0_t3,b0000,b0001,ADD
t0_t0_t4,t0_t0_t2,t0_t0_t3,MUL
t0_t0_s0,ZERO,t0_t0_t1,SUB
t0_t00,t0_t0_t0,t0_t0_s0,ADD
t0_t0_t5,t0_t0_t0,t0_t0_t1,ADD
t0_t01,t0_t0_t4,t0_t0_t5,SUB
t0_t1_t0,a0010,b0010,MUL
t0_t1_t1,a0011,b0011,MUL
t0_t1_t2,a0010,a0011,ADD
t0_t1_t3,b0010,b0011,ADD
t0_t1_t4,t0_t1_t2,t0_t1_t3,MUL
t0_t1_s0,ZERO,t0_t1_t1,SUB
t0_t10,t0_t1_t0,t0_t1_s0,ADD
t0_t1_t5,t0_t1_t0,t0_t1_t1,ADD
t0_t11,t0_t1_t4,t0_t1_t5,SUB
t0_t20,a0000,a0010,ADD
t0_t21,a0001,a0011,ADD
t0_t30,b0000,b0010,ADD
t0_t31,b0001,b0011,ADD
t0_t4_t0,t0_t20,t0_t30,MUL
t0_t4_t1,t0_t21,t0_t31,MUL
t0_t4_t2,t0_t20,t0_t21,ADD
t0_t4_t3,t0_t30,t0_t31,ADD
t0_t4_t4,t0_t4_t2,t0_t4_t3,MUL
t0_t4_s0,ZERO,t0_t4_t1,SUB
t0_t40,t0_t4_t0,t0_t4_s0,ADD
t0_t4_t5,t0_t4_t0,t0_t4_t1,ADD
t0_t41,t0_t4_t4,t0_t4_t5,SUB
t0_s0_y1_,ZERO,t0_t11,SUB
t0_s00,t0_t10,t0_s0_y1_,ADD
t0_s01,t0_t11,t0_t10,ADD
t000,t0_t00,t0_s00,ADD
t001,t0_t01,t0_s01,ADD
t0_t50,t0_t00,t0_t10,ADD
t0_t51,t0_t01,t0_t11,ADD
t010,t0_t40,t0_t50,SUB
t011,t0_t41,t0_t51,SUB
t1_t0_t0,a0000,b0100,MUL
t1_t0_t1,a0001,b0101,MUL
t1_t0_t2,a0000,a0001,ADD
t1_t0_t3,b0100,b0101,ADD
t1_t0_t4,t1_t0_t2,t1_t0_t3,MUL
t1_t0_s0,ZERO,t1_t0_t1,SUB
t1_t00,t1_t0_t0,t1_t0_s0,ADD
t1_t0_t5,t1_t0_t0,t1_t0_t1,ADD
t1_t01,t1_t0_t4,t1_t0_t5,SUB
t1_t1_t0,a0010,b0110,MUL
t1_t1_t1,a0011,b0111,MUL
t1_t1_t2,a0010,a0011,ADD
t1_t1_t3,b0110,b0111,ADD
t1_t1_t4,t1_t1_t2,t1_t1_t3,MUL
t1_t1_s0,ZERO,t1_t1_t1,SUB
t1_t10,t1_t1_t0,t1_t1_s0,ADD
t1_t1_t5,t1_t1_t0,t1_t1_t1,ADD
t1_t11,t1_t1_t4,t1_t1_t5,SUB
t1_t20,a0000,a0010,ADD
t1_t21,a0001,a0011,ADD
t1_t30,b0100,b0110,ADD
t1_t31,b0101,b0111,ADD
t1_t4_t0,t1_t20,t1_t30,MUL
t1_t4_t1,t1_t21,t1_t31,MUL
t1_t4_t2,t1_t20,t1_t21,ADD
t1_t4_t3,t1_t30,t1_t31,ADD
t1_t4_t4,t1_t4_t2,t1_t4_t3,MUL
t1_t4_s0,ZERO,t1_t4_t1,SUB
t1_t40,t1_t4_t0,t1_t4_s0,ADD
t1_t4_t5,t1_t4_t0,t1_t4_t1,ADD
t1_t41,t1_t4_t4,t1_t4_t5,SUB
t1_s0_y1_,ZERO,t1_t11,SUB
t1_s00,t1_t10,t1_s0_y1_,ADD
t1_s01,t1_t11,t1_t10,ADD
t100,t1_t00,t1_s00,ADD
t101,t1_t01,t1_s01,ADD
t1_t50,t1_t00,t1_t10,ADD
t1_t51,t1_t01,t1_t11,ADD
t110,t1_t40,t1_t50,SUB
t111,t1_t41,t1_t51,SUB
t2_t0_t0,a0000,b0200,MUL
t2_t0_t1,a0001,b0201,MUL
t2_t0_t2,a0000,a0001,ADD
t2_t0_t3,b0200,b0201,ADD
t2_t0_t4,t2_t0_t2,t2_t0_t3,MUL
t2_t0_s0,ZERO,t2_t0_t1,SUB
t2_t00,t2_t0_t0,t2_t0_s0,ADD
t2_t0_t5,t2_t0_t0,t2_t0_t1,ADD
t2_t01,t2_t0_t4,t2_t0_t5,SUB
t2_t1_t0,a0010,b0210,MUL
t2_t1_t1,a0011,b0211,MUL
t2_t1_t2,a0010,a0011,ADD
t2_t1_t3,b0210,b0211,ADD
t2_t1_t4,t2_t1_t2,t2_t1_t3,MUL
t2_t1_s0,ZERO,t2_t1_t1,SUB
t2_t10,t2_t1_t0,t2_t1_s0,ADD
t2_t1_t5,t2_t1_t0,t2_t1_t1,ADD
t2_t11,t2_t1_t4,t2_t1_t5,SUB
t2_t20,a0000,a0010,ADD
t2_t21,a0001,a0011,ADD
t2_t30,b0200,b0210,ADD
t2_t31,b0201,b0211,ADD
t2_t4_t0,t2_t20,t2_t30,MUL
t2_t4_t1,t2_t21,t2_t31,MUL
t2_t4_t2,t2_t20,t2_t21,ADD
t2_t4_t3,t2_t30,t2_t31,ADD
t2_t4_t4,t2_t4_t2,t2_t4_t3,MUL
t2_t4_s0,ZERO,t2_t4_t1,SUB
t2_t40,t2_t4_t0,t2_t4_s0,ADD
t2_t4_t5,t2_t4_t0,t2_t4_t1,ADD
t2_t41,t2_t4_t4,t2_t4_t5,SUB
t2_s0_y1_,ZERO,t2_t11,SUB
t2_s00,t2_t10,t2_s0_y1_,ADD
t2_s01,t2_t11,t2_t10,ADD
t200,t2_t00,t2_s00,ADD
t201,t2_t01,t2_s01,ADD
t2_t50,t2_t00,t2_t10,ADD
t2_t51,t2_t01,t2_t11,ADD
t210,t2_t40,t2_t50,SUB
t211,t2_t41,t2_t51,SUB
t4_t0_t0_t0,a1000,b1000,MUL
t4_t0_t0_t1,a1001,b1001,MUL
t4_t0_t0_t2,a1000,a1001,ADD
t4_t0_t0_t3,b1000,b1001,ADD
t4_t0_t0_t4,t4_t0_t0_t2,t4_t0_t0_t3,MUL
t4_t0_t0_s0,ZERO,t4_t0_t0_t1,SUB
t4_t0_t00,t4_t0_t0_t0,t4_t0_t0_s0,ADD
t4_t0_t0_t5,t4_t0_t0_t0,t4_t0_t0_t1,ADD
t4_t0_t01,t4_t0_t0_t4,t4_t0_t0_t5,SUB
t4_t0_t1_t0,a1010,b1010,MUL
t4_t0_t1_t1,a1011,b1011,MUL
t4_t0_t1_t2,a1010,a1011,ADD
t4_t0_t1_t3,b1010,b1011,ADD
t4_t0_t1_t4,t4_t0_t1_t2,t4_t0_t1_t3,MUL
t4_t0_t1_s0,ZERO,t4_t0_t1_t1,SUB
t4_t0_t10,t4_t0_t1_t0,t4_t0_t1_s0,ADD
t4_t0_t1_t5,t4_t0_t1_t0,t4_t0_t1_t1,ADD
t4_t0_t11,t4_t0_t1_t4,t4_t0_t1_t5,SUB
t4_t0_t20,a1000,a1010,ADD
t4_t0_t21,a1001,a1011,ADD
t4_t0_t30,b1000,b1010,ADD
t4_t0_t31,b1001,b1011,ADD
t4_t0_t4_t0,t4_t0_t20,t4_t0_t30,MUL
t4_t0_t4_t1,t4_t0_t21,t4_t0_t31,MUL
t4_t0_t4_t2,t4_t0_t20,t4_t0_t21,ADD
t4_t0_t4_t3,t4_t0_t30,t4_t0_t31,ADD
t4_t0_t4_t4,t4_t0_t4_t2,t4_t0_t4_t3,MUL
t4_t0_t4_s0,ZERO,t4_t0_t4_t1,SUB
t4_t0_t40,t4_t0_t4_t0,t4_t0_t4_s0,ADD
t4_t0_t4_t5,t4_t0_t4_t0,t4_t0_t4_t1,ADD
t4_t0_t41,t4_t0_t4_t4,t4_t0_t4_t5,SUB
t4_t0_s0_y1_,ZERO,t4_t0_t11,SUB
t4_t0_s00,t4_t0_t10,t4_t0_s0_y1_,ADD
t4_t0_s01,t4_t0_t11,t4_t0_t10,ADD
t4_t000,t4_t0_t00,t4_t0_s00,ADD
t4_t001,t4_t0_t01,t4_t0_s01,ADD
t4_t0_t50,t4_t0_t00,t4_t0_t10,ADD
t4_t0_t51,t4_t0_t01,t4_t0_t11,ADD
t4_t010,t4_t0_t40,t4_t0_t50,SUB
t4_t011,t4_t0_t41,t4_t0_t51,SUB
t4_t1_t0_t0,a1100,b1100,MUL
t4_t1_t0_t1,a1101,b1101,MUL
t4_t1_t0_t2,a1100,a1101,ADD
t4_t1_t0_t3,b1100,b1101,ADD
t4_t1_t0_t4,t4_t1_t0_t2,t4_t1_t0_t3,MUL
t4_t1_t0_s0,ZERO,t4_t1_t0_t1,SUB
t4_t1_t00,t4_t1_t0_t0,t4_t1_t0_s0,ADD
t4_t1_t0_t5,t4_t1_t0_t0,t4_t1_t0_t1,ADD
t4_t1_t01,t4_t1_t0_t4,t4_t1_t0_t5,SUB
t4_t1_t1_t0,a1110,b1110,MUL
t4_t1_t1_t1,a1111,b1111,MUL
t4_t1_t1_t2,a1110,a1111,ADD
t4_t1_t1_t3,b1110,b1111,ADD
t4_t1_t1_t4,t4_t1_t1_t2,t4_t1_t1_t3,MUL
t4_t1_t1_s0,ZERO,t4_t1_t1_t1,SUB
t4_t1_t10,t4_t1_t1_t0,t4_t1_t1_s0,ADD
t4_t1_t1_t5,t4_t1_t1_t0,t4_t1_t1_t1,ADD
t4_t1_t11,t4_t1_t1_t4,t4_t1_t1_t5,SUB
t4_t1_t20,a1100,a1110,ADD
t4_t1_t21,a1101,a1111,ADD
t4_t1_t30,b1100,b1110,ADD
t4_t1_t31,b1101,b1111,ADD
t4_t1_t4_t0,t4_t1_t20,t4_t1_t30,MUL
t4_t1_t4_t1,t4_t1_t21,t4_t1_t31,MUL
t4_t1_t4_t2,t4_t1_t20,t4_t1_t21,ADD
t4_t1_t4_t3,t4_t1_t30,t4_t1_t31,ADD
t4_t1_t4_t4,t4_t1_t4_t2,t4_t1_t4_t3,MUL
t4_t1_t4_s0,ZERO,t4_t1_t4_t1,SUB
t4_t1_t40,t4_t1_t4_t0,t4_t1_t4_s0,ADD
t4_t1_t4_t5,t4_t1_t4_t0,t4_t1_t4_t1,ADD
t4_t1_t41,t4_t1_t4_t4,t4_t1_t4_t5,SUB
t4_t1_s0_y1_,ZERO,t4_t1_t11,SUB
t4_t1_s00,t4_t1_t10,t4_t1_s0_y1_,ADD
t4_t1_s01,t4_t1_t11,t4_t1_t10,ADD
t4_t100,t4_t1_t00,t4_t1_s00,ADD
t4_t101,t4_t1_t01,t4_t1_s01,ADD
t4_t1_t50,t4_t1_t00,t4_t1_t10,ADD
t4_t1_t51,t4_t1_t01,t4_t1_t11,ADD
t4_t110,t4_t1_t40,t4_t1_t50,SUB
t4_t111,t4_t1_t41,t4_t1_t51,SUB
t4_t2_t0_t0,a1100,b1200,MUL
t4_t2_t0_t1,a1101,b1201,MUL
t4_t2_t0_t2,a1100,a1101,ADD
t4_t2_t0_t3,b1200,b1201,ADD
t4_t2_t0_t4,t4_t2_t0_t2,t4_t2_t0_t3,MUL
t4_t2_t0_s0,ZERO,t4_t2_t0_t1,SUB
t4_t2_t00,t4_t2_t0_t0,t4_t2_t0_s0,ADD
t4_t2_t0_t5,t4_t2_t0_t0,t4_t2_t0_t1,ADD
t4_t2_t01,t4_t2_t0_t4,t4_t2_t0_t5,SUB
t4_t2_t1_t0,a1110,b1210,MUL
t4_t2_t1_t1,a1111,b1211,MUL
t4_t2_t1_t2,a1110,a1111,ADD
t4_t2_t1_t3,b1210,b1211,ADD
t4_t2_t1_t4,t4_t2_t1_t2,t4_t2_t1_t3,MUL
t4_t2_t1_s0,ZERO,t4_t2_t1_t1,SUB
t4_t2_t10,t4_t2_t1_t0,t4_t2_t1_s0,ADD
t4_t2_t1_t5,t4_t2_t1_t0,t4_t2_t1_t1,ADD
t4_t2_t11,t4_t2_t1_t4,t4_t2_t1_t5,SUB
t4_t2_t20,a1100,a1110,ADD
t4_t2_t21,a1101,a1111,ADD
t4_t2_t30,b1200,b1210,ADD
t4_t2_t31,b1201,b1211,ADD
t4_t2_t4_t0,t4_t2_t20,t4_t2_t30,MUL
t4_t2_t4_t1,t4_t2_t21,t4_t2_t31,MUL
t4_t2_t4_t2,t4_t2_t20,t4_t2_t21,ADD
t4_t2_t4_t3,t4_t2_t30,t4_t2_t31,ADD
t4_t2_t4_t4,t4_t2_t4_t2,t4_t2_t4_t3,MUL
t4_t2_t4_s0,ZERO,t4_t2_t4_t1,SUB
t4_t2_t40,t4_t2_t4_t0,t4_t2_t4_s0,ADD
t4_t2_t4_t5,t4_t2_t4_t0,t4_t2_t4_t1,ADD
t4_t2_t41,t4_t2_t4_t4,t4_t2_t4_t5,SUB
t4_t2_s0_y1_,ZERO,t4_t2_t11,SUB
t4_t2_s00,t4_t2_t10,t4_t2_s0_y1_,ADD
t4_t2_s01,t4_t2_t11,t4_t2_t10,ADD
t4_t200,t4_t2_t00,t4_t2_s00,ADD
t4_t201,t4_t2_t01,t4_t2_s01,ADD
t4_t2_t50,t4_t2_t00,t4_t2_t10,ADD
t4_t2_t51,t4_t2_t01,t4_t2_t11,ADD
t4_t210,t4_t2_t40,t4_t2_t50,SUB
t4_t211,t4_t2_t41,t4_t2_t51,SUB
t4_t10_y1__y1_,ZERO,t4_t211,SUB
t4_t10_y1_0,t4_t210,t4_t10_y1__y1_,ADD
t4_t10_y1_1,t4_t211,t4_t210,ADD
t4000,t4_t000,t4_t10_y1_0,ADD
t4001,t4_t001,t4_t10_y1_1,ADD
t4010,t4_t010,t4_t200,ADD
t4011,t4_t011,t4_t201,ADD
t4_t400,a1000,a1100,ADD
t4_t401,a1001,a1101,ADD
t4_t410,a1010,a1110,ADD
t4_t411,a1011,a1111,ADD
t4_t500,b1000,b1100,ADD
t4_t501,b1001,b1101,ADD
t4_t510,b1010,b1110,ADD
t4_t511,b1011,b1111,ADD
t4_t6_t0_t0,t4_t400,t4_t500,MUL
t4_t6_t0_t1,t4_t401,t4_t501,MUL
t4_t6_t0_t2,t4_t400,t4_t401,ADD
t4_t6_t0_t3,t4_t500,t4_t501,ADD
t4_t6_t0_t4,t4_t6_t0_t2,t4_t6_t0_t3,MUL
t4_t6_t0_s0,ZERO,t4_t6_t0_t1,SUB
t4_t6_t00,t4_t6_t0_t0,t4_t6_t0_s0,ADD
t4_t6_t0_t5,t4_t6_t0_t0,t4_t6_t0_t1,ADD
t4_t6_t01,t4_t6_t0_t4,t4_t6_t0_t5,SUB
t4_t6_t1_t0,t4_t410,t4_t510,MUL
t4_t6_t1_t1,t4_t411,t4_t511,MUL
t4_t6_t1_t2,t4_t410,t4_t411,ADD
t4_t6_t1_t3,t4_t510,t4_t511,ADD
t4_t6_t1_t4,t4_t6_t1_t2,t4_t6_t1_t3,MUL
t4_t6_t1_s0,ZERO,t4_t6_t1_t1,SUB
t4_t6_t10,t4_t6_t1_t0,t4_t6_t1_s0,ADD
t4_t6_t1_t5,t4_t6_t1_t0,t4_t6_t1_t1,ADD
t4_t6_t11,t4_t6_t1_t4,t4_t6_t1_t5,SUB
t4_t6_t20,t4_t400,t4_t410,ADD
t4_t6_t21,t4_t401,t4_t411,ADD
t4_t6_t30,t4_t500,t4_t510,ADD
t4_t6_t31,t4_t501,t4_t511,ADD
t4_t6_t4_t0,t4_t6_t20,t4_t6_t30,MUL
t4_t6_t4_t1,t4_t6_t21,t4_t6_t31,MUL
t4_t6_t4_t2,t4_t6_t20,t4_t6_t21,ADD
t4_t6_t4_t3,t4_t6_t30,t4_t6_t31,ADD
t4_t6_t4_t4,t4_t6_t4_t2,t4_t6_t4_t3,MUL
t4_t6_t4_s0,ZERO,t4_t6_t4_t1,SUB
t4_t6_t40,t4_t6_t4_t0,t4_t6_t4_s0,ADD
t4_t6_t4_t5,t4_t6_t4_t0,t4_t6_t4_t1,ADD
t4_t6_t41,t4_t6_t4_t4,t4_t6_t4_t5,SUB
t4_t6_s0_y1_,ZERO,t4_t6_t11,SUB
t4_t6_s00,t4_t6_t10,t4_t6_s0_y1_,ADD
t4_t6_s01,t4_t6_t11,t4_t6_t10,ADD
t4_t600,t4_t6_t00,t4_t6_s00,ADD
t4_t601,t4_t6_t01,t4_t6_s01,ADD
t4_t6_t50,t4_t6_t00,t4_t6_t10,ADD
t4_t6_t51,t4_t6_t01,t4_t6_t11,ADD
t4_t610,t4_t6_t40,t4_t6_t50,SUB
t4_t611,t4_t6_t41,t4_t6_t51,SUB
t4_t700,t4_t000,t4_t100,ADD
t4_t701,t4_t001,t4_t101,ADD
t4_t710,t4_t010,t4_t110,ADD
t4_t711,t4_t011,t4_t111,ADD
t4100,t4_t600,t4_t700,SUB
t4101,t4_t601,t4_t701,SUB
t4110,t4_t610,t4_t710,SUB
t4111,t4_t611,t4_t711,SUB
t4_t8_t0_t0,a1000,b1200,MUL
t4_t8_t0_t1,a1001,b1201,MUL
t4_t8_t0_t2,a1000,a1001,ADD
t4_t8_t0_t3,b1200,b1201,ADD
t4_t8_t0_t4,t4_t8_t0_t2,t4_t8_t0_t3,MUL
t4_t8_t0_s0,ZERO,t4_t8_t0_t1,SUB
t4_t8_t00,t4_t8_t0_t0,t4_t8_t0_s0,ADD
t4_t8_t0_t5,t4_t8_t0_t0,t4_t8_t0_t1,ADD
t4_t8_t01,t4_t8_t0_t4,t4_t8_t0_t5,SUB
t4_t8_t1_t0,a1010,b1210,MUL
t4_t8_t1_t1,a1011,b1211,MUL
t4_t8_t1_t2,a1010,a1011,ADD
t4_t8_t1_t3,b1210,b1211,ADD
t4_t8_t1_t4,t4_t8_t1_t2,t4_t8_t1_t3,MUL
t4_t8_t1_s0,ZERO,t4_t8_t1_t1,SUB
t4_t8_t10,t4_t8_t1_t0,t4_t8_t1_s0,ADD
t4_t8_t1_t5,t4_t8_t1_t0,t4_t8_t1_t1,ADD
t4_t8_t11,t4_t8_t1_t4,t4_t8_t1_t5,SUB
t4_t8_t20,a1000,a1010,ADD
t4_t8_t21,a1001,a1011,ADD
t4_t8_t30,b1200,b1210,ADD
t4_t8_t31,b1201,b1211,ADD
t4_t8_t4_t0,t4_t8_t20,t4_t8_t30,MUL
t4_t8_t4_t1,t4_t8_t21,t4_t8_t31,MUL
t4_t8_t4_t2,t4_t8_t20,t4_t8_t21,ADD
t4_t8_t4_t3,t4_t8_t30,t4_t8_t31,ADD
t4_t8_t4_t4,t4_t8_t4_t2,t4_t8_t4_t3,MUL
t4_t8_t4_s0,ZERO,t4_t8_t4_t1,SUB
t4_t8_t40,t4_t8_t4_t0,t4_t8_t4_s0,ADD
t4_t8_t4_t5,t4_t8_t4_t0,t4_t8_t4_t1,ADD
t4_t8_t41,t4_t8_t4_t4,t4_t8_t4_t5,SUB
t4_t8_s0_y1_,ZERO,t4_t8_t11,SUB
t4_t8_s00,t4_t8_t10,t4_t8_s0_y1_,ADD
t4_t8_s01,t4_t8_t11,t4_t8_t10,ADD
t4_t800,t4_t8_t00,t4_t8_s00,ADD
t4_t801,t4_t8_t01,t4_t8_s01,ADD
t4_t8_t50,t4_t8_t00,t4_t8_t10,ADD
t4_t8_t51,t4_t8_t01,t4_t8_t11,ADD
t4_t810,t4_t8_t40,t4_t8_t50,SUB
t4_t811,t4_t8_t41,t4_t8_t51,SUB
t4200,t4_t800,t4_t100,ADD
t4201,t4_t801,t4_t101,ADD
t4210,t4_t810,t4_t110,ADD
t4211,t4_t811,t4_t111,ADD
t700,a0000,a1000,ADD
t701,a0001,a1001,ADD
t710,a0010,a1010,ADD
t711,a0011,a1011,ADD
t800,b0000,b1000,ADD
t801,b0001,b1001,ADD
t810,b0010,b1010,ADD
t811,b0011,b1011,ADD
t900,b0100,b1100,ADD
t901,b0101,b1101,ADD
t910,b0110,b1110,ADD
t911,b0111,b1111,ADD
t1000,b0200,b1200,ADD
t1001,b0201,b1201,ADD
t1010,b0210,b1210,ADD
t1011,b0211,b1211,ADD
t5_t0_t0_t0,t700,t800,MUL
t5_t0_t0_t1,t701,t801,MUL
t5_t0_t0_t2,t700,t701,ADD
t5_t0_t0_t3,t800,t801,ADD
t5_t0_t0_t4,t5_t0_t0_t2,t5_t0_t0_t3,MUL
t5_t0_t0_s0,ZERO,t5_t0_t0_t1,SUB
t5_t0_t00,t5_t0_t0_t0,t5_t0_t0_s0,ADD
t5_t0_t0_t5,t5_t0_t0_t0,t5_t0_t0_t1,ADD
t5_t0_t01,t5_t0_t0_t4,t5_t0_t0_t5,SUB
t5_t0_t1_t0,t710,t810,MUL
t5_t0_t1_t1,t711,t811,MUL
t5_t0_t1_t2,t710,t711,ADD
t5_t0_t1_t3,t810,t811,ADD
t5_t0_t1_t4,t5_t0_t1_t2,t5_t0_t1_t3,MUL
t5_t0_t1_s0,ZERO,t5_t0_t1_t1,SUB
t5_t0_t10,t5_t0_t1_t0,t5_t0_t1_s0,ADD
t5_t0_t1_t5,t5_t0_t1_t0,t5_t0_t1_t1,ADD
t5_t0_t11,t5_t0_t1_t4,t5_t0_t1_t5,SUB
t5_t0_t20,t700,t710,ADD
t5_t0_t21,t701,t711,ADD
t5_t0_t30,t800,t810,ADD
t5_t0_t31,t801,t811,ADD
t5_t0_t4_t0,t5_t0_t20,t5_t0_t30,MUL
t5_t0_t4_t1,t5_t0_t21,t5_t0_t31,MUL
t5_t0_t4_t2,t5_t0_t20,t5_t0_t21,ADD
t5_t0_t4_t3,t5_t0_t30,t5_t0_t31,ADD
t5_t0_t4_t4,t5_t0_t4_t2,t5_t0_t4_t3,MUL
t5_t0_t4_s0,ZERO,t5_t0_t4_t1,SUB
t5_t0_t40,t5_t0_t4_t0,t5_t0_t4_s0,ADD
t5_t0_t4_t5,t5_t0_t4_t0,t5_t0_t4_t1,ADD
t5_t0_t41,t5_t0_t4_t4,t5_t0_t4_t5,SUB
t5_t0_s0_y1_,ZERO,t5_t0_t11,SUB
t5_t0_s00,t5_t0_t10,t5_t0_s0_y1_,ADD
t5_t0_s01,t5_t0_t11,t5_t0_t10,ADD
t5_t000,t5_t0_t00,t5_t0_s00,ADD
t5_t001,t5_t0_t01,t5_t0_s01,ADD
t5_t0_t50,t5_t0_t00,t5_t0_t10,ADD
t5_t0_t51,t5_t0_t01,t5_t0_t11,ADD
t5_t010,t5_t0_t40,t5_t0_t50,SUB
t5_t011,t5_t0_t41,t5_t0_t51,SUB
t5_t1_t0_t0,a1100,t900,MUL
t5_t1_t0_t1,a1101,t901,MUL
t5_t1_t0_t2,a1100,a1101,ADD
t5_t1_t0_t3,t900,t901,ADD
t5_t1_t0_t4,t5_t1_t0_t2,t5_t1_t0_t3,MUL
t5_t1_t0_s0,ZERO,t5_t1_t0_t1,SUB
t5_t1_t00,t5_t1_t0_t0,t5_t1_t0_s0,ADD
t5_t1_t0_t5,t5_t1_t0_t0,t5_t1_t0_t1,ADD
t5_t1_t01,t5_t1_t0_t4,t5_t1_t0_t5,SUB
t5_t1_t1_t0,a1110,t910,MUL
t5_t1_t1_t1,a1111,t911,MUL
t5_t1_t1_t2,a1110,a1111,ADD
t5_t1_t1_t3,t910,t911,ADD
t5_t1_t1_t4,t5_t1_t1_t2,t5_t1_t1_t3,MUL
t5_t1_t1_s0,ZERO,t5_t1_t1_t1,SUB
t5_t1_t10,t5_t1_t1_t0,t5_t1_t1_s0,ADD
t5_t1_t1_t5,t5_t1_t1_t0,t5_t1_t1_t1,ADD
t5_t1_t11,t5_t1_t1_t4,t5_t1_t1_t5,SUB
t5_t1_t20,a1100,a1110,ADD
t5_t1_t21,a1101,a1111,ADD
t5_t1_t30,t900,t910,ADD
t5_t1_t31,t901,t911,ADD
t5_t1_t4_t0,t5_t1_t20,t5_t1_t30,MUL
t5_t1_t4_t1,t5_t1_t21,t5_t1_t31,MUL
t5_t1_t4_t2,t5_t1_t20,t5_t1_t21,ADD
t5_t1_t4_t3,t5_t1_t30,t5_t1_t31,ADD
t5_t1_t4_t4,t5_t1_t4_t2,t5_t1_t4_t3,MUL
t5_t1_t4_s0,ZERO,t5_t1_t4_t1,SUB
t5_t1_t40,t5_t1_t4_t0,t5_t1_t4_s0,ADD
t5_t1_t4_t5,t5_t1_t4_t0,t5_t1_t4_t1,ADD
t5_t1_t41,t5_t1_t4_t4,t5_t1_t4_t5,SUB
t5_t1_s0_y1_,ZERO,t5_t1_t11,SUB
t5_t1_s00,t5_t1_t10,t5_t1_s0_y1_,ADD
t5_t1_s01,t5_t1_t11,t5_t1_t10,ADD
t5_t100,t5_t1_t00,t5_t1_s00,ADD
t5_t101,t5_t1_t01,t5_t1_s01,ADD
t5_t1_t50,t5_t1_t00,t5_t1_t10,ADD
t5_t1_t51,t5_t1_t01,t5_t1_t11,ADD
t5_t110,t5_t1_t40,t5_t1_t50,SUB
t5_t111,t5_t1_t41,t5_t1_t51,SUB
t5_t2_t0_t0,a1100,t1000,MUL
t5_t2_t0_t1,a1101,t1001,MUL
t5_t2_t0_t2,a1100,a1101,ADD
t5_t2_t0_t3,t1000,t1001,ADD
t5_t2_t0_t4,t5_t2_t0_t2,t5_t2_t0_t3,MUL
t5_t2_t0_s0,ZERO,t5_t2_t0_t1,SUB
t5_t2_t00,t5_t2_t0_t0,t5_t2_t0_s0,ADD
t5_t2_t0_t5,t5_t2_t0_t0,t5_t2_t0_t1,ADD
t5_t2_t01,t5_t2_t0_t4,t5_t2_t0_t5,SUB
t5_t2_t1_t0,a1110,t1010,MUL
t5_t2_t1_t1,a1111,t1011,MUL
t5_t2_t1_t2,a1110,a1111,ADD
t5_t2_t1_t3,t1010,t1011,ADD
t5_t2_t1_t4,t5_t2_t1_t2,t5_t2_t1_t3,MUL
t5_t2_t1_s0,ZERO,t5_t2_t1_t1,SUB
t5_t2_t10,t5_t2_t1_t0,t5_t2_t1_s0,ADD
t5_t2_t1_t5,t5_t2_t1_t0,t5_t2_t1_t1,ADD
t5_t2_t11,t5_t2_t1_t4,t5_t2_t1_t5,SUB
t5_t2_t20,a1100,a1110,ADD
t5_t2_t21,a1101,a1111,ADD
t5_t2_t30,t1000,t1010,ADD
t5_t2_t31,t1001,t1011,ADD
t5_t2_t4_t0,t5_t2_t20,t5_t2_t30,MUL
t5_t2_t4_t1,t5_t2_t21,t5_t2_t31,MUL
t5_t2_t4_t2,t5_t2_t20,t5_t2_t21,ADD
t5_t2_t4_t3,t5_t2_t30,t5_t2_t31,ADD
t5_t2_t4_t4,t5_t2_t4_t2,t5_t2_t4_t3,MUL
t5_t2_t4_s0,ZERO,t5_t2_t4_t1,SUB
t5_t2_t40,t5_t2_t4_t0,t5_t2_t4_s0,ADD
t5_t2_t4_t5,t5_t2_t4_t0,t5_t2_t4_t1,ADD
t5_t2_t41,t5_t2_t4_t4,t5_t2_t4_t5,SUB
t5_t2_s0_y1_,ZERO,t5_t2_t11,SUB
t5_t2_s00,t5_t2_t10,t5_t2_s0_y1_,ADD
t5_t2_s01,t5_t2_t11,t5_t2_t10,ADD
t5_t200,t5_t2_t00,t5_t2_s00,ADD
t5_t201,t5_t2_t01,t5_t2_s01,ADD
t5_t2_t50,t5_t2_t00,t5_t2_t10,ADD
t5_t2_t51,t5_t2_t01,t5_t2_t11,ADD
t5_t210,t5_t2_t40,t5_t2_t50,SUB
t5_t211,t5_t2_t41,t5_t2_t51,SUB
t5_t10_y1__y1_,ZERO,t5_t211,SUB
t5_t10_y1_0,t5_t210,t5_t10_y1__y1_,ADD
t5_t10_y1_1,t5_t211,t5_t210,ADD
t5000,t5_t000,t5_t10_y1_0,ADD
t5001,t5_t001,t5_t10_y1_1,ADD
t5010,t5_t010,t5_t200,ADD
t5011,t5_t011,t5_t201,ADD
t5_t400,t700,a1100,ADD
t5_t401,t701,a1101,ADD
t5_t410,t710,a1110,ADD
t5_t411,t711,a1111,ADD
t5_t500,t800,t900,ADD
t5_t501,t801,t901,ADD
t5_t510,t810,t910,ADD
t5_t511,t811,t911,ADD
t5_t6_t0_t0,t5_t400,t5_t500,MUL
t5_t6_t0_t1,t5_t401,t5_t501,MUL
t5_t6_t0_t2,t5_t400,t5_t401,ADD
t5_t6_t0_t3,t5_t500,t5_t501,ADD
t5_t6_t0_t4,t5_t6_t0_t2,t5_t6_t0_t3,MUL
t5_t6_t0_s0,ZERO,t5_t6_t0_t1,SUB
t5_t6_t00,t5_t6_t0_t0,t5_t6_t0_s0,ADD
t5_t6_t0_t5,t5_t6_t0_t0,t5_t6_t0_t1,ADD
t5_t6_t01,t5_t6_t0_t4,t5_t6_t0_t5,SUB
t5_t6_t1_t0,t5_t410,t5_t510,MUL
t5_t6_t1_t1,t5_t411,t5_t511,MUL
t5_t6_t1_t2,t5_t410,t5_t411,ADD
t5_t6_t1_t3,t5_t510,t5_t511,ADD
t5_t6_t1_t4,t5_t6_t1_t2,t5_t6_t1_t3,MUL
t5_t6_t1_s0,ZERO,t5_t6_t1_t1,SUB
t5_t6_t10,t5_t6_t1_t0,t5_t6_t1_s0,ADD
t5_t6_t1_t5,t5_t6_t1_t0,t5_t6_t1_t1,ADD
t5_t6_t11,t5_t6_t1_t4,t5_t6_t1_t5,SUB
t5_t6_t20,t5_t400,t5_t410,ADD
t5_t6_t21,t5_t401,t5_t411,ADD
t5_t6_t30,t5_t500,t5_t510,ADD
t5_t6_t31,t5_t501,t5_t511,ADD
t5_t6_t4_t0,t5_t6_t20,t5_t6_t30,MUL
t5_t6_t4_t1,t5_t6_t21,t5_t6_t31,MUL
t5_t6_t4_t2,t5_t6_t20,t5_t6_t21,ADD
t5_t6_t4_t3,t5_t6_t30,t5_t6_t31,ADD
t5_t6_t4_t4,t5_t6_t4_t2,t5_t6_t4_t3,MUL
t5_t6_t4_s0,ZERO,t5_t6_t4_t1,SUB
t5_t6_t40,t5_t6_t4_t0,t5_t6_t4_s0,ADD
t5_t6_t4_t5,t5_t6_t4_t0,t5_t6_t4_t1,ADD
t5_t6_t41,t5_t6_t4_t4,t5_t6_t4_t5,SUB
t5_t6_s0_y1_,ZERO,t5_t6_t11,SUB
t5_t6_s00,t5_t6_t10,t5_t6_s0_y1_,ADD
t5_t6_s01,t5_t6_t11,t5_t6_t10,ADD
t5_t600,t5_t6_t00,t5_t6_s00,ADD
t5_t601,t5_t6_t01,t5_t6_s01,ADD
t5_t6_t50,t5_t6_t00,t5_t6_t10,ADD
t5_t6_t51,t5_t6_t01,t5_t6_t11,ADD
t5_t610,t5_t6_t40,t5_t6_t50,SUB
t5_t611,t5_t6_t41,t5_t6_t51,SUB
t5_t700,t5_t000,t5_t100,ADD
t5_t701,t5_t001,t5_t101,ADD
t5_t710,t5_t010,t5_t110,ADD
t5_t711,t5_t011,t5_t111,ADD
t5100,t5_t600,t5_t700,SUB
t5101,t5_t601,t5_t701,SUB
t5110,t5_t610,t5_t710,SUB
t5111,t5_t611,t5_t711,SUB
t5_t8_t0_t0,t700,t1000,MUL
t5_t8_t0_t1,t701,t1001,MUL
t5_t8_t0_t2,t700,t701,ADD
t5_t8_t0_t3,t1000,t1001,ADD
t5_t8_t0_t4,t5_t8_t0_t2,t5_t8_t0_t3,MUL
t5_t8_t0_s0,ZERO,t5_t8_t0_t1,SUB
t5_t8_t00,t5_t8_t0_t0,t5_t8_t0_s0,ADD
t5_t8_t0_t5,t5_t8_t0_t0,t5_t8_t0_t1,ADD
t5_t8_t01,t5_t8_t0_t4,t5_t8_t0_t5,SUB
t5_t8_t1_t0,t710,t1010,MUL
t5_t8_t1_t1,t711,t1011,MUL
t5_t8_t1_t2,t710,t711,ADD
t5_t8_t1_t3,t1010,t1011,ADD
t5_t8_t1_t4,t5_t8_t1_t2,t5_t8_t1_t3,MUL
t5_t8_t1_s0,ZERO,t5_t8_t1_t1,SUB
t5_t8_t10,t5_t8_t1_t0,t5_t8_t1_s0,ADD
t5_t8_t1_t5,t5_t8_t1_t0,t5_t8_t1_t1,ADD
t5_t8_t11,t5_t8_t1_t4,t5_t8_t1_t5,SUB
t5_t8_t20,t700,t710,ADD
t5_t8_t21,t701,t711,ADD
t5_t8_t30,t1000,t1010,ADD
t5_t8_t31,t1001,t1011,ADD
t5_t8_t4_t0,t5_t8_t20,t5_t8_t30,MUL
t5_t8_t4_t1,t5_t8_t21,t5_t8_t31,MUL
t5_t8_t4_t2,t5_t8_t20,t5_t8_t21,ADD
t5_t8_t4_t3,t5_t8_t30,t5_t8_t31,ADD
t5_t8_t4_t4,t5_t8_t4_t2,t5_t8_t4_t3,MUL
t5_t8_t4_s0,ZERO,t5_t8_t4_t1,SUB
t5_t8_t40,t5_t8_t4_t0,t5_t8_t4_s0,ADD
t5_t8_t4_t5,t5_t8_t4_t0,t5_t8_t4_t1,ADD
t5_t8_t41,t5_t8_t4_t4,t5_t8_t4_t5,SUB
t5_t8_s0_y1_,ZERO,t5_t8_t11,SUB
t5_t8_s00,t5_t8_t10,t5_t8_s0_y1_,ADD
t5_t8_s01,t5_t8_t11,t5_t8_t10,ADD
t5_t800,t5_t8_t00,t5_t8_s00,ADD
t5_t801,t5_t8_t01,t5_t8_s01,ADD
t5_t8_t50,t5_t8_t00,t5_t8_t10,ADD
t5_t8_t51,t5_t8_t01,t5_t8_t11,ADD
t5_t810,t5_t8_t40,t5_t8_t50,SUB
t5_t811,t5_t8_t41,t5_t8_t51,SUB
t5200,t5_t800,t5_t100,ADD
t5201,t5_t801,t5_t101,ADD
t5210,t5_t810,t5_t110,ADD
t5211,t5_t811,t5_t111,ADD
t1400,t000,t4000,ADD
t1401,t001,t4001,ADD
t1410,t010,t4010,ADD
t1411,t011,t4011,ADD
t1500,t100,t4100,ADD
t1501,t101,t4101,ADD
t1510,t110,t4110,ADD
t1511,t111,t4111,ADD
t1600,t200,t4200,ADD
t1601,t201,t4201,ADD
t1610,t210,t4210,ADD
t1611,t211,t4211,ADD
c1000,t5000,t1400,SUB
c1001,t5001,t1401,SUB
c1010,t5010,t1410,SUB
c1011,t5011,t1411,SUB
c1100,t5100,t1500,SUB
c1101,t5101,t1501,SUB
c1110,t5110,t1510,SUB
c1111,t5111,t1511,SUB
c1200,t5200,t1600,SUB
c1201,t5201,t1601,SUB
c1210,t5210,t1610,SUB
c1211,t5211,t1611,SUB
t17_y1__y1_,ZERO,t4211,SUB
t17_y1_0,t4210,t17_y1__y1_,ADD
t17_y1_1,t4211,t4210,ADD
c0000,t000,t17_y1_0,ADD
c0001,t001,t17_y1_1,ADD
c0010,t010,t4200,ADD
c0011,t011,t4201,ADD
c0100,t100,t4000,ADD
c0101,t101,t4001,ADD
c0110,t110,t4010,ADD
c0111,t111,t4011,ADD
c0200,t200,t4100,ADD
c0201,t201,t4101,ADD
c0210,t210,t4110,ADD
c0211,t211,t4111,ADD
