c_aa_t0_t0_t0,a0000,a0000,MUL
c_aa_t0_t0_t1,a0001,a0001,MUL
c_aa_t0_t0_t2,a0000,a0001,ADD
c_aa_t0_t0_t3,a0000,a0001,ADD
c_aa_t0_t0_t4,c_aa_t0_t0_t2,c_aa_t0_t0_t3,MUL
c_aa_t0_t00,c_aa_t0_t0_t0,c_aa_t0_t0_t1,SUB
c_aa_t0_t0_t5,c_aa_t0_t0_t0,c_aa_t0_t0_t1,ADD
c_aa_t0_t01,c_aa_t0_t0_t4,c_aa_t0_t0_t5,SUB
c_aa_t0_t1_t0,a0010,a0010,MUL
c_aa_t0_t1_t1,a0011,a0011,MUL
c_aa_t0_t1_t2,a0010,a0011,ADD
c_aa_t0_t1_t3,a0010,a0011,ADD
c_aa_t0_t1_t4,c_aa_t0_t1_t2,c_aa_t0_t1_t3,MUL
c_aa_t0_t10,c_aa_t0_t1_t0,c_aa_t0_t1_t1,SUB
c_aa_t0_t1_t5,c_aa_t0_t1_t0,c_aa_t0_t1_t1,ADD
c_aa_t0_t11,c_aa_t0_t1_t4,c_aa_t0_t1_t5,SUB
c_aa_t0_t20,a0000,a0010,ADD
c_aa_t0_t21,a0001,a0011,ADD
c_aa_t0_t30,a0000,a0010,ADD
c_aa_t0_t31,a0001,a0011,ADD
c_aa_t0_t4_t0,c_aa_t0_t20,c_aa_t0_t30,MUL
c_aa_t0_t4_t1,c_aa_t0_t21,c_aa_t0_t31,MUL
c_aa_t0_t4_t2,c_aa_t0_t20,c_aa_t0_t21,ADD
c_aa_t0_t4_t3,c_aa_t0_t30,c_aa_t0_t31,ADD
c_aa_t0_t4_t4,c_aa_t0_t4_t2,c_aa_t0_t4_t3,MUL
c_aa_t0_t40,c_aa_t0_t4_t0,c_aa_t0_t4_t1,SUB
c_aa_t0_t4_t5,c_aa_t0_t4_t0,c_aa_t0_t4_t1,ADD
c_aa_t0_t41,c_aa_t0_t4_t4,c_aa_t0_t4_t5,SUB
c_aa_t0_s00,c_aa_t0_t10,c_aa_t0_t11,SUB
c_aa_t0_s01,c_aa_t0_t11,c_aa_t0_t10,ADD
c_aa_t000,c_aa_t0_t00,c_aa_t0_s00,ADD
c_aa_t001,c_aa_t0_t01,c_aa_t0_s01,ADD
c_aa_t0_t50,c_aa_t0_t00,c_aa_t0_t10,ADD
c_aa_t0_t51,c_aa_t0_t01,c_aa_t0_t11,ADD
c_aa_t010,c_aa_t0_t40,c_aa_t0_t50,SUB
c_aa_t011,c_aa_t0_t41,c_aa_t0_t51,SUB
c_aa_t1_t0_t0,a0100,a0100,MUL
c_aa_t1_t0_t1,a0101,a0101,MUL
c_aa_t1_t0_t2,a0100,a0101,ADD
c_aa_t1_t0_t3,a0100,a0101,ADD
c_aa_t1_t0_t4,c_aa_t1_t0_t2,c_aa_t1_t0_t3,MUL
c_aa_t1_t00,c_aa_t1_t0_t0,c_aa_t1_t0_t1,SUB
c_aa_t1_t0_t5,c_aa_t1_t0_t0,c_aa_t1_t0_t1,ADD
c_aa_t1_t01,c_aa_t1_t0_t4,c_aa_t1_t0_t5,SUB
c_aa_t1_t1_t0,a0110,a0110,MUL
c_aa_t1_t1_t1,a0111,a0111,MUL
c_aa_t1_t1_t2,a0110,a0111,ADD
c_aa_t1_t1_t3,a0110,a0111,ADD
c_aa_t1_t1_t4,c_aa_t1_t1_t2,c_aa_t1_t1_t3,MUL
c_aa_t1_t10,c_aa_t1_t1_t0,c_aa_t1_t1_t1,SUB
c_aa_t1_t1_t5,c_aa_t1_t1_t0,c_aa_t1_t1_t1,ADD
c_aa_t1_t11,c_aa_t1_t1_t4,c_aa_t1_t1_t5,SUB
c_aa_t1_t20,a0100,a0110,ADD
c_aa_t1_t21,a0101,a0111,ADD
c_aa_t1_t30,a0100,a0110,ADD
c_aa_t1_t31,a0101,a0111,ADD
c_aa_t1_t4_t0,c_aa_t1_t20,c_aa_t1_t30,MUL
c_aa_t1_t4_t1,c_aa_t1_t21,c_aa_t1_t31,MUL
c_aa_t1_t4_t2,c_aa_t1_t20,c_aa_t1_t21,ADD
c_aa_t1_t4_t3,c_aa_t1_t30,c_aa_t1_t31,ADD
c_aa_t1_t4_t4,c_aa_t1_t4_t2,c_aa_t1_t4_t3,MUL
c_aa_t1_t40,c_aa_t1_t4_t0,c_aa_t1_t4_t1,SUB
c_aa_t1_t4_t5,c_aa_t1_t4_t0,c_aa_t1_t4_t1,ADD
c_aa_t1_t41,c_aa_t1_t4_t4,c_aa_t1_t4_t5,SUB
c_aa_t1_s00,c_aa_t1_t10,c_aa_t1_t11,SUB
c_aa_t1_s01,c_aa_t1_t11,c_aa_t1_t10,ADD
c_aa_t100,c_aa_t1_t00,c_aa_t1_s00,ADD
c_aa_t101,c_aa_t1_t01,c_aa_t1_s01,ADD
c_aa_t1_t50,c_aa_t1_t00,c_aa_t1_t10,ADD
c_aa_t1_t51,c_aa_t1_t01,c_aa_t1_t11,ADD
c_aa_t110,c_aa_t1_t40,c_aa_t1_t50,SUB
c_aa_t111,c_aa_t1_t41,c_aa_t1_t51,SUB
c_aa_t2_t0_t0,a0200,a0200,MUL
c_aa_t2_t0_t1,a0201,a0201,MUL
c_aa_t2_t0_t2,a0200,a0201,ADD
c_aa_t2_t0_t3,a0200,a0201,ADD
c_aa_t2_t0_t4,c_aa_t2_t0_t2,c_aa_t2_t0_t3,MUL
c_aa_t2_t00,c_aa_t2_t0_t0,c_aa_t2_t0_t1,SUB
c_aa_t2_t0_t5,c_aa_t2_t0_t0,c_aa_t2_t0_t1,ADD
c_aa_t2_t01,c_aa_t2_t0_t4,c_aa_t2_t0_t5,SUB
c_aa_t2_t1_t0,a0210,a0210,MUL
c_aa_t2_t1_t1,a0211,a0211,MUL
c_aa_t2_t1_t2,a0210,a0211,ADD
c_aa_t2_t1_t3,a0210,a0211,ADD
c_aa_t2_t1_t4,c_aa_t2_t1_t2,c_aa_t2_t1_t3,MUL
c_aa_t2_t10,c_aa_t2_t1_t0,c_aa_t2_t1_t1,SUB
c_aa_t2_t1_t5,c_aa_t2_t1_t0,c_aa_t2_t1_t1,ADD
c_aa_t2_t11,c_aa_t2_t1_t4,c_aa_t2_t1_t5,SUB
c_aa_t2_t20,a0200,a0210,ADD
c_aa_t2_t21,a0201,a0211,ADD
c_aa_t2_t30,a0200,a0210,ADD
c_aa_t2_t31,a0201,a0211,ADD
c_aa_t2_t4_t0,c_aa_t2_t20,c_aa_t2_t30,MUL
c_aa_t2_t4_t1,c_aa_t2_t21,c_aa_t2_t31,MUL
c_aa_t2_t4_t2,c_aa_t2_t20,c_aa_t2_t21,ADD
c_aa_t2_t4_t3,c_aa_t2_t30,c_aa_t2_t31,ADD
c_aa_t2_t4_t4,c_aa_t2_t4_t2,c_aa_t2_t4_t3,MUL
c_aa_t2_t40,c_aa_t2_t4_t0,c_aa_t2_t4_t1,SUB
c_aa_t2_t4_t5,c_aa_t2_t4_t0,c_aa_t2_t4_t1,ADD
c_aa_t2_t41,c_aa_t2_t4_t4,c_aa_t2_t4_t5,SUB
c_aa_t2_s00,c_aa_t2_t10,c_aa_t2_t11,SUB
c_aa_t2_s01,c_aa_t2_t11,c_aa_t2_t10,ADD
c_aa_t200,c_aa_t2_t00,c_aa_t2_s00,ADD
c_aa_t201,c_aa_t2_t01,c_aa_t2_s01,ADD
c_aa_t2_t50,c_aa_t2_t00,c_aa_t2_t10,ADD
c_aa_t2_t51,c_aa_t2_t01,c_aa_t2_t11,ADD
c_aa_t210,c_aa_t2_t40,c_aa_t2_t50,SUB
c_aa_t211,c_aa_t2_t41,c_aa_t2_t51,SUB
c_aa_t3000,a0000,a0100,ADD
c_aa_t3001,a0001,a0101,ADD
c_aa_t3010,a0010,a0110,ADD
c_aa_t3011,a0011,a0111,ADD
c_aa_t3100,a0000,a0100,ADD
c_aa_t3101,a0001,a0101,ADD
c_aa_t3110,a0010,a0110,ADD
c_aa_t3111,a0011,a0111,ADD
c_aa_t3_t0_t0,c_aa_t3000,c_aa_t3100,MUL
c_aa_t3_t0_t1,c_aa_t3001,c_aa_t3101,MUL
c_aa_t3_t0_t2,c_aa_t3000,c_aa_t3001,ADD
c_aa_t3_t0_t3,c_aa_t3100,c_aa_t3101,ADD
c_aa_t3_t0_t4,c_aa_t3_t0_t2,c_aa_t3_t0_t3,MUL
c_aa_t3_t00,c_aa_t3_t0_t0,c_aa_t3_t0_t1,SUB
c_aa_t3_t0_t5,c_aa_t3_t0_t0,c_aa_t3_t0_t1,ADD
c_aa_t3_t01,c_aa_t3_t0_t4,c_aa_t3_t0_t5,SUB
c_aa_t3_t1_t0,c_aa_t3010,c_aa_t3110,MUL
c_aa_t3_t1_t1,c_aa_t3011,c_aa_t3111,MUL
c_aa_t3_t1_t2,c_aa_t3010,c_aa_t3011,ADD
c_aa_t3_t1_t3,c_aa_t3110,c_aa_t3111,ADD
c_aa_t3_t1_t4,c_aa_t3_t1_t2,c_aa_t3_t1_t3,MUL
c_aa_t3_t10,c_aa_t3_t1_t0,c_aa_t3_t1_t1,SUB
c_aa_t3_t1_t5,c_aa_t3_t1_t0,c_aa_t3_t1_t1,ADD
c_aa_t3_t11,c_aa_t3_t1_t4,c_aa_t3_t1_t5,SUB
c_aa_t3_t20,c_aa_t3000,c_aa_t3010,ADD
c_aa_t3_t21,c_aa_t3001,c_aa_t3011,ADD
c_aa_t3_t30,c_aa_t3100,c_aa_t3110,ADD
c_aa_t3_t31,c_aa_t3101,c_aa_t3111,ADD
c_aa_t3_t4_t0,c_aa_t3_t20,c_aa_t3_t30,MUL
c_aa_t3_t4_t1,c_aa_t3_t21,c_aa_t3_t31,MUL
c_aa_t3_t4_t2,c_aa_t3_t20,c_aa_t3_t21,ADD
c_aa_t3_t4_t3,c_aa_t3_t30,c_aa_t3_t31,ADD
c_aa_t3_t4_t4,c_aa_t3_t4_t2,c_aa_t3_t4_t3,MUL
c_aa_t3_t40,c_aa_t3_t4_t0,c_aa_t3_t4_t1,SUB
c_aa_t3_t4_t5,c_aa_t3_t4_t0,c_aa_t3_t4_t1,ADD
c_aa_t3_t41,c_aa_t3_t4_t4,c_aa_t3_t4_t5,SUB
c_aa_t3_s00,c_aa_t3_t10,c_aa_t3_t11,SUB
c_aa_t3_s01,c_aa_t3_t11,c_aa_t3_t10,ADD
c_aa_t300,c_aa_t3_t00,c_aa_t3_s00,ADD
c_aa_t301,c_aa_t3_t01,c_aa_t3_s01,ADD
c_aa_t3_t50,c_aa_t3_t00,c_aa_t3_t10,ADD
c_aa_t3_t51,c_aa_t3_t01,c_aa_t3_t11,ADD
c_aa_t310,c_aa_t3_t40,c_aa_t3_t50,SUB
c_aa_t311,c_aa_t3_t41,c_aa_t3_t51,SUB
c_aa_t4000,a0100,a0200,ADD
c_aa_t4001,a0101,a0201,ADD
c_aa_t4010,a0110,a0210,ADD
c_aa_t4011,a0111,a0211,ADD
c_aa_t4100,a0100,a0200,ADD
c_aa_t4101,a0101,a0201,ADD
c_aa_t4110,a0110,a0210,ADD
c_aa_t4111,a0111,a0211,ADD
c_aa_t4_t0_t0,c_aa_t4000,c_aa_t4100,MUL
c_aa_t4_t0_t1,c_aa_t4001,c_aa_t4101,MUL
c_aa_t4_t0_t2,c_aa_t4000,c_aa_t4001,ADD
c_aa_t4_t0_t3,c_aa_t4100,c_aa_t4101,ADD
c_aa_t4_t0_t4,c_aa_t4_t0_t2,c_aa_t4_t0_t3,MUL
c_aa_t4_t00,c_aa_t4_t0_t0,c_aa_t4_t0_t1,SUB
c_aa_t4_t0_t5,c_aa_t4_t0_t0,c_aa_t4_t0_t1,ADD
c_aa_t4_t01,c_aa_t4_t0_t4,c_aa_t4_t0_t5,SUB
c_aa_t4_t1_t0,c_aa_t4010,c_aa_t4110,MUL
c_aa_t4_t1_t1,c_aa_t4011,c_aa_t4111,MUL
c_aa_t4_t1_t2,c_aa_t4010,c_aa_t4011,ADD
c_aa_t4_t1_t3,c_aa_t4110,c_aa_t4111,ADD
c_aa_t4_t1_t4,c_aa_t4_t1_t2,c_aa_t4_t1_t3,MUL
c_aa_t4_t10,c_aa_t4_t1_t0,c_aa_t4_t1_t1,SUB
c_aa_t4_t1_t5,c_aa_t4_t1_t0,c_aa_t4_t1_t1,ADD
c_aa_t4_t11,c_aa_t4_t1_t4,c_aa_t4_t1_t5,SUB
c_aa_t4_t20,c_aa_t4000,c_aa_t4010,ADD
c_aa_t4_t21,c_aa_t4001,c_aa_t4011,ADD
c_aa_t4_t30,c_aa_t4100,c_aa_t4110,ADD
c_aa_t4_t31,c_aa_t4101,c_aa_t4111,ADD
c_aa_t4_t4_t0,c_aa_t4_t20,c_aa_t4_t30,MUL
c_aa_t4_t4_t1,c_aa_t4_t21,c_aa_t4_t31,MUL
c_aa_t4_t4_t2,c_aa_t4_t20,c_aa_t4_t21,ADD
c_aa_t4_t4_t3,c_aa_t4_t30,c_aa_t4_t31,ADD
c_aa_t4_t4_t4,c_aa_t4_t4_t2,c_aa_t4_t4_t3,MUL
c_aa_t4_t40,c_aa_t4_t4_t0,c_aa_t4_t4_t1,SUB
c_aa_t4_t4_t5,c_aa_t4_t4_t0,c_aa_t4_t4_t1,ADD
c_aa_t4_t41,c_aa_t4_t4_t4,c_aa_t4_t4_t5,SUB
c_aa_t4_s00,c_aa_t4_t10,c_aa_t4_t11,SUB
c_aa_t4_s01,c_aa_t4_t11,c_aa_t4_t10,ADD
c_aa_t400,c_aa_t4_t00,c_aa_t4_s00,ADD
c_aa_t401,c_aa_t4_t01,c_aa_t4_s01,ADD
c_aa_t4_t50,c_aa_t4_t00,c_aa_t4_t10,ADD
c_aa_t4_t51,c_aa_t4_t01,c_aa_t4_t11,ADD
c_aa_t410,c_aa_t4_t40,c_aa_t4_t50,SUB
c_aa_t411,c_aa_t4_t41,c_aa_t4_t51,SUB
c_aa_t5000,a0200,a0000,ADD
c_aa_t5001,a0201,a0001,ADD
c_aa_t5010,a0210,a0010,ADD
c_aa_t5011,a0211,a0011,ADD
c_aa_t5100,a0200,a0000,ADD
c_aa_t5101,a0201,a0001,ADD
c_aa_t5110,a0210,a0010,ADD
c_aa_t5111,a0211,a0011,ADD
c_aa_t5_t0_t0,c_aa_t5000,c_aa_t5100,MUL
c_aa_t5_t0_t1,c_aa_t5001,c_aa_t5101,MUL
c_aa_t5_t0_t2,c_aa_t5000,c_aa_t5001,ADD
c_aa_t5_t0_t3,c_aa_t5100,c_aa_t5101,ADD
c_aa_t5_t0_t4,c_aa_t5_t0_t2,c_aa_t5_t0_t3,MUL
c_aa_t5_t00,c_aa_t5_t0_t0,c_aa_t5_t0_t1,SUB
c_aa_t5_t0_t5,c_aa_t5_t0_t0,c_aa_t5_t0_t1,ADD
c_aa_t5_t01,c_aa_t5_t0_t4,c_aa_t5_t0_t5,SUB
c_aa_t5_t1_t0,c_aa_t5010,c_aa_t5110,MUL
c_aa_t5_t1_t1,c_aa_t5011,c_aa_t5111,MUL
c_aa_t5_t1_t2,c_aa_t5010,c_aa_t5011,ADD
c_aa_t5_t1_t3,c_aa_t5110,c_aa_t5111,ADD
c_aa_t5_t1_t4,c_aa_t5_t1_t2,c_aa_t5_t1_t3,MUL
c_aa_t5_t10,c_aa_t5_t1_t0,c_aa_t5_t1_t1,SUB
c_aa_t5_t1_t5,c_aa_t5_t1_t0,c_aa_t5_t1_t1,ADD
c_aa_t5_t11,c_aa_t5_t1_t4,c_aa_t5_t1_t5,SUB
c_aa_t5_t20,c_aa_t5000,c_aa_t5010,ADD
c_aa_t5_t21,c_aa_t5001,c_aa_t5011,ADD
c_aa_t5_t30,c_aa_t5100,c_aa_t5110,ADD
c_aa_t5_t31,c_aa_t5101,c_aa_t5111,ADD
c_aa_t5_t4_t0,c_aa_t5_t20,c_aa_t5_t30,MUL
c_aa_t5_t4_t1,c_aa_t5_t21,c_aa_t5_t31,MUL
c_aa_t5_t4_t2,c_aa_t5_t20,c_aa_t5_t21,ADD
c_aa_t5_t4_t3,c_aa_t5_t30,c_aa_t5_t31,ADD
c_aa_t5_t4_t4,c_aa_t5_t4_t2,c_aa_t5_t4_t3,MUL
c_aa_t5_t40,c_aa_t5_t4_t0,c_aa_t5_t4_t1,SUB
c_aa_t5_t4_t5,c_aa_t5_t4_t0,c_aa_t5_t4_t1,ADD
c_aa_t5_t41,c_aa_t5_t4_t4,c_aa_t5_t4_t5,SUB
c_aa_t5_s00,c_aa_t5_t10,c_aa_t5_t11,SUB
c_aa_t5_s01,c_aa_t5_t11,c_aa_t5_t10,ADD
c_aa_t500,c_aa_t5_t00,c_aa_t5_s00,ADD
c_aa_t501,c_aa_t5_t01,c_aa_t5_s01,ADD
c_aa_t5_t50,c_aa_t5_t00,c_aa_t5_t10,ADD
c_aa_t5_t51,c_aa_t5_t01,c_aa_t5_t11,ADD
c_aa_t510,c_aa_t5_t40,c_aa_t5_t50,SUB
c_aa_t511,c_aa_t5_t41,c_aa_t5_t51,SUB
c_aa_t6000,c_aa_t000,c_aa_t100,ADD
c_aa_t6001,c_aa_t001,c_aa_t101,ADD
c_aa_t6010,c_aa_t010,c_aa_t110,ADD
c_aa_t6011,c_aa_t011,c_aa_t111,ADD
c_aa_t600,c_aa_t300,c_aa_t6000,SUB
c_aa_t601,c_aa_t301,c_aa_t6001,SUB
c_aa_t610,c_aa_t310,c_aa_t6010,SUB
c_aa_t611,c_aa_t311,c_aa_t6011,SUB
c_aa_t9_x000,c_aa_t200,c_aa_t200,ADD
c_aa_t9_x010,c_aa_t201,c_aa_t201,ADD
c_aa_t9_x100,c_aa_t210,c_aa_t210,ADD
c_aa_t9_x110,c_aa_t211,c_aa_t211,ADD
c_aa_t9_y1_0,c_aa_t210,c_aa_t211,SUB
c_aa_t9_y1_1,c_aa_t211,c_aa_t210,ADD
c_aa_t900,c_aa_t9_x000,c_aa_t9_y1_0,ADD
c_aa_t901,c_aa_t9_x010,c_aa_t9_y1_1,ADD
c_aa_t910,c_aa_t9_x100,c_aa_t200,ADD
c_aa_t911,c_aa_t9_x110,c_aa_t201,ADD
c_aa100,c_aa_t600,c_aa_t900,ADD
c_aa101,c_aa_t601,c_aa_t901,ADD
c_aa110,c_aa_t610,c_aa_t910,ADD
c_aa111,c_aa_t611,c_aa_t911,ADD
c_aa_t7000,c_aa_t100,c_aa_t200,ADD
c_aa_t7001,c_aa_t101,c_aa_t201,ADD
c_aa_t7010,c_aa_t110,c_aa_t210,ADD
c_aa_t7011,c_aa_t111,c_aa_t211,ADD
c_aa_t7100,c_aa_t400,c_aa_t7000,SUB
c_aa_t7101,c_aa_t401,c_aa_t7001,SUB
c_aa_t7110,c_aa_t410,c_aa_t7010,SUB
c_aa_t7111,c_aa_t411,c_aa_t7011,SUB
c_aa_t7_x000,c_aa_t7100,c_aa_t7100,ADD
c_aa_t7_x010,c_aa_t7101,c_aa_t7101,ADD
c_aa_t7_x100,c_aa_t7110,c_aa_t7110,ADD
c_aa_t7_x110,c_aa_t7111,c_aa_t7111,ADD
c_aa_t7_y1_0,c_aa_t7110,c_aa_t7111,SUB
c_aa_t7_y1_1,c_aa_t7111,c_aa_t7110,ADD
c_aa_t700,c_aa_t7_x000,c_aa_t7_y1_0,ADD
c_aa_t701,c_aa_t7_x010,c_aa_t7_y1_1,ADD
c_aa_t710,c_aa_t7_x100,c_aa_t7100,ADD
c_aa_t711,c_aa_t7_x110,c_aa_t7101,ADD
c_aa000,c_aa_t000,c_aa_t700,ADD
c_aa001,c_aa_t001,c_aa_t701,ADD
c_aa010,c_aa_t010,c_aa_t710,ADD
c_aa011,c_aa_t011,c_aa_t711,ADD
c_aa_t8000,c_aa_t200,c_aa_t000,ADD
c_aa_t8001,c_aa_t201,c_aa_t001,ADD
c_aa_t8010,c_aa_t210,c_aa_t010,ADD
c_aa_t8011,c_aa_t211,c_aa_t011,ADD
c_aa_t800,c_aa_t500,c_aa_t8000,SUB
c_aa_t801,c_aa_t501,c_aa_t8001,SUB
c_aa_t810,c_aa_t510,c_aa_t8010,SUB
c_aa_t811,c_aa_t511,c_aa_t8011,SUB
c_aa200,c_aa_t800,c_aa_t100,ADD
c_aa201,c_aa_t801,c_aa_t101,ADD
c_aa210,c_aa_t810,c_aa_t110,ADD
c_aa211,c_aa_t811,c_aa_t111,ADD
c_bb_t0_t0_t0,a1000,a1000,MUL
c_bb_t0_t0_t1,a1001,a1001,MUL
c_bb_t0_t0_t2,a1000,a1001,ADD
c_bb_t0_t0_t3,a1000,a1001,ADD
c_bb_t0_t0_t4,c_bb_t0_t0_t2,c_bb_t0_t0_t3,MUL
c_bb_t0_t00,c_bb_t0_t0_t0,c_bb_t0_t0_t1,SUB
c_bb_t0_t0_t5,c_bb_t0_t0_t0,c_bb_t0_t0_t1,ADD
c_bb_t0_t01,c_bb_t0_t0_t4,c_bb_t0_t0_t5,SUB
c_bb_t0_t1_t0,a1010,a1010,MUL
c_bb_t0_t1_t1,a1011,a1011,MUL
c_bb_t0_t1_t2,a1010,a1011,ADD
c_bb_t0_t1_t3,a1010,a1011,ADD
c_bb_t0_t1_t4,c_bb_t0_t1_t2,c_bb_t0_t1_t3,MUL
c_bb_t0_t10,c_bb_t0_t1_t0,c_bb_t0_t1_t1,SUB
c_bb_t0_t1_t5,c_bb_t0_t1_t0,c_bb_t0_t1_t1,ADD
c_bb_t0_t11,c_bb_t0_t1_t4,c_bb_t0_t1_t5,SUB
c_bb_t0_t20,a1000,a1010,ADD
c_bb_t0_t21,a1001,a1011,ADD
c_bb_t0_t30,a1000,a1010,ADD
c_bb_t0_t31,a1001,a1011,ADD
c_bb_t0_t4_t0,c_bb_t0_t20,c_bb_t0_t30,MUL
c_bb_t0_t4_t1,c_bb_t0_t21,c_bb_t0_t31,MUL
c_bb_t0_t4_t2,c_bb_t0_t20,c_bb_t0_t21,ADD
c_bb_t0_t4_t3,c_bb_t0_t30,c_bb_t0_t31,ADD
c_bb_t0_t4_t4,c_bb_t0_t4_t2,c_bb_t0_t4_t3,MUL
c_bb_t0_t40,c_bb_t0_t4_t0,c_bb_t0_t4_t1,SUB
c_bb_t0_t4_t5,c_bb_t0_t4_t0,c_bb_t0_t4_t1,ADD
c_bb_t0_t41,c_bb_t0_t4_t4,c_bb_t0_t4_t5,SUB
c_bb_t0_s00,c_bb_t0_t10,c_bb_t0_t11,SUB
c_bb_t0_s01,c_bb_t0_t11,c_bb_t0_t10,ADD
c_bb_t000,c_bb_t0_t00,c_bb_t0_s00,ADD
c_bb_t001,c_bb_t0_t01,c_bb_t0_s01,ADD
c_bb_t0_t50,c_bb_t0_t00,c_bb_t0_t10,ADD
c_bb_t0_t51,c_bb_t0_t01,c_bb_t0_t11,ADD
c_bb_t010,c_bb_t0_t40,c_bb_t0_t50,SUB
c_bb_t011,c_bb_t0_t41,c_bb_t0_t51,SUB
c_bb_t1_t0_t0,a1100,a1100,MUL
c_bb_t1_t0_t1,a1101,a1101,MUL
c_bb_t1_t0_t2,a1100,a1101,ADD
c_bb_t1_t0_t3,a1100,a1101,ADD
c_bb_t1_t0_t4,c_bb_t1_t0_t2,c_bb_t1_t0_t3,MUL
c_bb_t1_t00,c_bb_t1_t0_t0,c_bb_t1_t0_t1,SUB
c_bb_t1_t0_t5,c_bb_t1_t0_t0,c_bb_t1_t0_t1,ADD
c_bb_t1_t01,c_bb_t1_t0_t4,c_bb_t1_t0_t5,SUB
c_bb_t1_t1_t0,a1110,a1110,MUL
c_bb_t1_t1_t1,a1111,a1111,MUL
c_bb_t1_t1_t2,a1110,a1111,ADD
c_bb_t1_t1_t3,a1110,a1111,ADD
c_bb_t1_t1_t4,c_bb_t1_t1_t2,c_bb_t1_t1_t3,MUL
c_bb_t1_t10,c_bb_t1_t1_t0,c_bb_t1_t1_t1,SUB
c_bb_t1_t1_t5,c_bb_t1_t1_t0,c_bb_t1_t1_t1,ADD
c_bb_t1_t11,c_bb_t1_t1_t4,c_bb_t1_t1_t5,SUB
c_bb_t1_t20,a1100,a1110,ADD
c_bb_t1_t21,a1101,a1111,ADD
c_bb_t1_t30,a1100,a1110,ADD
c_bb_t1_t31,a1101,a1111,ADD
c_bb_t1_t4_t0,c_bb_t1_t20,c_bb_t1_t30,MUL
c_bb_t1_t4_t1,c_bb_t1_t21,c_bb_t1_t31,MUL
c_bb_t1_t4_t2,c_bb_t1_t20,c_bb_t1_t21,ADD
c_bb_t1_t4_t3,c_bb_t1_t30,c_bb_t1_t31,ADD
c_bb_t1_t4_t4,c_bb_t1_t4_t2,c_bb_t1_t4_t3,MUL
c_bb_t1_t40,c_bb_t1_t4_t0,c_bb_t1_t4_t1,SUB
c_bb_t1_t4_t5,c_bb_t1_t4_t0,c_bb_t1_t4_t1,ADD
c_bb_t1_t41,c_bb_t1_t4_t4,c_bb_t1_t4_t5,SUB
c_bb_t1_s00,c_bb_t1_t10,c_bb_t1_t11,SUB
c_bb_t1_s01,c_bb_t1_t11,c_bb_t1_t10,ADD
c_bb_t100,c_bb_t1_t00,c_bb_t1_s00,ADD
c_bb_t101,c_bb_t1_t01,c_bb_t1_s01,ADD
c_bb_t1_t50,c_bb_t1_t00,c_bb_t1_t10,ADD
c_bb_t1_t51,c_bb_t1_t01,c_bb_t1_t11,ADD
c_bb_t110,c_bb_t1_t40,c_bb_t1_t50,SUB
c_bb_t111,c_bb_t1_t41,c_bb_t1_t51,SUB
c_bb_t2_t0_t0,a1200,a1200,MUL
c_bb_t2_t0_t1,a1201,a1201,MUL
c_bb_t2_t0_t2,a1200,a1201,ADD
c_bb_t2_t0_t3,a1200,a1201,ADD
c_bb_t2_t0_t4,c_bb_t2_t0_t2,c_bb_t2_t0_t3,MUL
c_bb_t2_t00,c_bb_t2_t0_t0,c_bb_t2_t0_t1,SUB
c_bb_t2_t0_t5,c_bb_t2_t0_t0,c_bb_t2_t0_t1,ADD
c_bb_t2_t01,c_bb_t2_t0_t4,c_bb_t2_t0_t5,SUB
c_bb_t2_t1_t0,a1210,a1210,MUL
c_bb_t2_t1_t1,a1211,a1211,MUL
c_bb_t2_t1_t2,a1210,a1211,ADD
c_bb_t2_t1_t3,a1210,a1211,ADD
c_bb_t2_t1_t4,c_bb_t2_t1_t2,c_bb_t2_t1_t3,MUL
c_bb_t2_t10,c_bb_t2_t1_t0,c_bb_t2_t1_t1,SUB
c_bb_t2_t1_t5,c_bb_t2_t1_t0,c_bb_t2_t1_t1,ADD
c_bb_t2_t11,c_bb_t2_t1_t4,c_bb_t2_t1_t5,SUB
c_bb_t2_t20,a1200,a1210,ADD
c_bb_t2_t21,a1201,a1211,ADD
c_bb_t2_t30,a1200,a1210,ADD
c_bb_t2_t31,a1201,a1211,ADD
c_bb_t2_t4_t0,c_bb_t2_t20,c_bb_t2_t30,MUL
c_bb_t2_t4_t1,c_bb_t2_t21,c_bb_t2_t31,MUL
c_bb_t2_t4_t2,c_bb_t2_t20,c_bb_t2_t21,ADD
c_bb_t2_t4_t3,c_bb_t2_t30,c_bb_t2_t31,ADD
c_bb_t2_t4_t4,c_bb_t2_t4_t2,c_bb_t2_t4_t3,MUL
c_bb_t2_t40,c_bb_t2_t4_t0,c_bb_t2_t4_t1,SUB
c_bb_t2_t4_t5,c_bb_t2_t4_t0,c_bb_t2_t4_t1,ADD
c_bb_t2_t41,c_bb_t2_t4_t4,c_bb_t2_t4_t5,SUB
c_bb_t2_s00,c_bb_t2_t10,c_bb_t2_t11,SUB
c_bb_t2_s01,c_bb_t2_t11,c_bb_t2_t10,ADD
c_bb_t200,c_bb_t2_t00,c_bb_t2_s00,ADD
c_bb_t201,c_bb_t2_t01,c_bb_t2_s01,ADD
c_bb_t2_t50,c_bb_t2_t00,c_bb_t2_t10,ADD
c_bb_t2_t51,c_bb_t2_t01,c_bb_t2_t11,ADD
c_bb_t210,c_bb_t2_t40,c_bb_t2_t50,SUB
c_bb_t211,c_bb_t2_t41,c_bb_t2_t51,SUB
c_bb_t3000,a1000,a1100,ADD
c_bb_t3001,a1001,a1101,ADD
c_bb_t3010,a1010,a1110,ADD
c_bb_t3011,a1011,a1111,ADD
c_bb_t3100,a1000,a1100,ADD
c_bb_t3101,a1001,a1101,ADD
c_bb_t3110,a1010,a1110,ADD
c_bb_t3111,a1011,a1111,ADD
c_bb_t3_t0_t0,c_bb_t3000,c_bb_t3100,MUL
c_bb_t3_t0_t1,c_bb_t3001,c_bb_t3101,MUL
c_bb_t3_t0_t2,c_bb_t3000,c_bb_t3001,ADD
c_bb_t3_t0_t3,c_bb_t3100,c_bb_t3101,ADD
c_bb_t3_t0_t4,c_bb_t3_t0_t2,c_bb_t3_t0_t3,MUL
c_bb_t3_t00,c_bb_t3_t0_t0,c_bb_t3_t0_t1,SUB
c_bb_t3_t0_t5,c_bb_t3_t0_t0,c_bb_t3_t0_t1,ADD
c_bb_t3_t01,c_bb_t3_t0_t4,c_bb_t3_t0_t5,SUB
c_bb_t3_t1_t0,c_bb_t3010,c_bb_t3110,MUL
c_bb_t3_t1_t1,c_bb_t3011,c_bb_t3111,MUL
c_bb_t3_t1_t2,c_bb_t3010,c_bb_t3011,ADD
c_bb_t3_t1_t3,c_bb_t3110,c_bb_t3111,ADD
c_bb_t3_t1_t4,c_bb_t3_t1_t2,c_bb_t3_t1_t3,MUL
c_bb_t3_t10,c_bb_t3_t1_t0,c_bb_t3_t1_t1,SUB
c_bb_t3_t1_t5,c_bb_t3_t1_t0,c_bb_t3_t1_t1,ADD
c_bb_t3_t11,c_bb_t3_t1_t4,c_bb_t3_t1_t5,SUB
c_bb_t3_t20,c_bb_t3000,c_bb_t3010,ADD
c_bb_t3_t21,c_bb_t3001,c_bb_t3011,ADD
c_bb_t3_t30,c_bb_t3100,c_bb_t3110,ADD
c_bb_t3_t31,c_bb_t3101,c_bb_t3111,ADD
c_bb_t3_t4_t0,c_bb_t3_t20,c_bb_t3_t30,MUL
c_bb_t3_t4_t1,c_bb_t3_t21,c_bb_t3_t31,MUL
c_bb_t3_t4_t2,c_bb_t3_t20,c_bb_t3_t21,ADD
c_bb_t3_t4_t3,c_bb_t3_t30,c_bb_t3_t31,ADD
c_bb_t3_t4_t4,c_bb_t3_t4_t2,c_bb_t3_t4_t3,MUL
c_bb_t3_t40,c_bb_t3_t4_t0,c_bb_t3_t4_t1,SUB
c_bb_t3_t4_t5,c_bb_t3_t4_t0,c_bb_t3_t4_t1,ADD
c_bb_t3_t41,c_bb_t3_t4_t4,c_bb_t3_t4_t5,SUB
c_bb_t3_s00,c_bb_t3_t10,c_bb_t3_t11,SUB
c_bb_t3_s01,c_bb_t3_t11,c_bb_t3_t10,ADD
c_bb_t300,c_bb_t3_t00,c_bb_t3_s00,ADD
c_bb_t301,c_bb_t3_t01,c_bb_t3_s01,ADD
c_bb_t3_t50,c_bb_t3_t00,c_bb_t3_t10,ADD
c_bb_t3_t51,c_bb_t3_t01,c_bb_t3_t11,ADD
c_bb_t310,c_bb_t3_t40,c_bb_t3_t50,SUB
c_bb_t311,c_bb_t3_t41,c_bb_t3_t51,SUB
c_bb_t4000,a1100,a1200,ADD
c_bb_t4001,a1101,a1201,ADD
c_bb_t4010,a1110,a1210,ADD
c_bb_t4011,a1111,a1211,ADD
c_bb_t4100,a1100,a1200,ADD
c_bb_t4101,a1101,a1201,ADD
c_bb_t4110,a1110,a1210,ADD
c_bb_t4111,a1111,a1211,ADD
c_bb_t4_t0_t0,c_bb_t4000,c_bb_t4100,MUL
c_bb_t4_t0_t1,c_bb_t4001,c_bb_t4101,MUL
c_bb_t4_t0_t2,c_bb_t4000,c_bb_t4001,ADD
c_bb_t4_t0_t3,c_bb_t4100,c_bb_t4101,ADD
c_bb_t4_t0_t4,c_bb_t4_t0_t2,c_bb_t4_t0_t3,MUL
c_bb_t4_t00,c_bb_t4_t0_t0,c_bb_t4_t0_t1,SUB
c_bb_t4_t0_t5,c_bb_t4_t0_t0,c_bb_t4_t0_t1,ADD
c_bb_t4_t01,c_bb_t4_t0_t4,c_bb_t4_t0_t5,SUB
c_bb_t4_t1_t0,c_bb_t4010,c_bb_t4110,MUL
c_bb_t4_t1_t1,c_bb_t4011,c_bb_t4111,MUL
c_bb_t4_t1_t2,c_bb_t4010,c_bb_t4011,ADD
c_bb_t4_t1_t3,c_bb_t4110,c_bb_t4111,ADD
c_bb_t4_t1_t4,c_bb_t4_t1_t2,c_bb_t4_t1_t3,MUL
c_bb_t4_t10,c_bb_t4_t1_t0,c_bb_t4_t1_t1,SUB
c_bb_t4_t1_t5,c_bb_t4_t1_t0,c_bb_t4_t1_t1,ADD
c_bb_t4_t11,c_bb_t4_t1_t4,c_bb_t4_t1_t5,SUB
c_bb_t4_t20,c_bb_t4000,c_bb_t4010,ADD
c_bb_t4_t21,c_bb_t4001,c_bb_t4011,ADD
c_bb_t4_t30,c_bb_t4100,c_bb_t4110,ADD
c_bb_t4_t31,c_bb_t4101,c_bb_t4111,ADD
c_bb_t4_t4_t0,c_bb_t4_t20,c_bb_t4_t30,MUL
c_bb_t4_t4_t1,c_bb_t4_t21,c_bb_t4_t31,MUL
c_bb_t4_t4_t2,c_bb_t4_t20,c_bb_t4_t21,ADD
c_bb_t4_t4_t3,c_bb_t4_t30,c_bb_t4_t31,ADD
c_bb_t4_t4_t4,c_bb_t4_t4_t2,c_bb_t4_t4_t3,MUL
c_bb_t4_t40,c_bb_t4_t4_t0,c_bb_t4_t4_t1,SUB
c_bb_t4_t4_t5,c_bb_t4_t4_t0,c_bb_t4_t4_t1,ADD
c_bb_t4_t41,c_bb_t4_t4_t4,c_bb_t4_t4_t5,SUB
c_bb_t4_s00,c_bb_t4_t10,c_bb_t4_t11,SUB
c_bb_t4_s01,c_bb_t4_t11,c_bb_t4_t10,ADD
c_bb_t400,c_bb_t4_t00,c_bb_t4_s00,ADD
c_bb_t401,c_bb_t4_t01,c_bb_t4_s01,ADD
c_bb_t4_t50,c_bb_t4_t00,c_bb_t4_t10,ADD
c_bb_t4_t51,c_bb_t4_t01,c_bb_t4_t11,ADD
c_bb_t410,c_bb_t4_t40,c_bb_t4_t50,SUB
c_bb_t411,c_bb_t4_t41,c_bb_t4_t51,SUB
c_bb_t5000,a1200,a1000,ADD
c_bb_t5001,a1201,a1001,ADD
c_bb_t5010,a1210,a1010,ADD
c_bb_t5011,a1211,a1011,ADD
c_bb_t5100,a1200,a1000,ADD
c_bb_t5101,a1201,a1001,ADD
c_bb_t5110,a1210,a1010,ADD
c_bb_t5111,a1211,a1011,ADD
c_bb_t5_t0_t0,c_bb_t5000,c_bb_t5100,MUL
c_bb_t5_t0_t1,c_bb_t5001,c_bb_t5101,MUL
c_bb_t5_t0_t2,c_bb_t5000,c_bb_t5001,ADD
c_bb_t5_t0_t3,c_bb_t5100,c_bb_t5101,ADD
c_bb_t5_t0_t4,c_bb_t5_t0_t2,c_bb_t5_t0_t3,MUL
c_bb_t5_t00,c_bb_t5_t0_t0,c_bb_t5_t0_t1,SUB
c_bb_t5_t0_t5,c_bb_t5_t0_t0,c_bb_t5_t0_t1,ADD
c_bb_t5_t01,c_bb_t5_t0_t4,c_bb_t5_t0_t5,SUB
c_bb_t5_t1_t0,c_bb_t5010,c_bb_t5110,MUL
c_bb_t5_t1_t1,c_bb_t5011,c_bb_t5111,MUL
c_bb_t5_t1_t2,c_bb_t5010,c_bb_t5011,ADD
c_bb_t5_t1_t3,c_bb_t5110,c_bb_t5111,ADD
c_bb_t5_t1_t4,c_bb_t5_t1_t2,c_bb_t5_t1_t3,MUL
c_bb_t5_t10,c_bb_t5_t1_t0,c_bb_t5_t1_t1,SUB
c_bb_t5_t1_t5,c_bb_t5_t1_t0,c_bb_t5_t1_t1,ADD
c_bb_t5_t11,c_bb_t5_t1_t4,c_bb_t5_t1_t5,SUB
c_bb_t5_t20,c_bb_t5000,c_bb_t5010,ADD
c_bb_t5_t21,c_bb_t5001,c_bb_t5011,ADD
c_bb_t5_t30,c_bb_t5100,c_bb_t5110,ADD
c_bb_t5_t31,c_bb_t5101,c_bb_t5111,ADD
c_bb_t5_t4_t0,c_bb_t5_t20,c_bb_t5_t30,MUL
c_bb_t5_t4_t1,c_bb_t5_t21,c_bb_t5_t31,MUL
c_bb_t5_t4_t2,c_bb_t5_t20,c_bb_t5_t21,ADD
c_bb_t5_t4_t3,c_bb_t5_t30,c_bb_t5_t31,ADD
c_bb_t5_t4_t4,c_bb_t5_t4_t2,c_bb_t5_t4_t3,MUL
c_bb_t5_t40,c_bb_t5_t4_t0,c_bb_t5_t4_t1,SUB
c_bb_t5_t4_t5,c_bb_t5_t4_t0,c_bb_t5_t4_t1,ADD
c_bb_t5_t41,c_bb_t5_t4_t4,c_bb_t5_t4_t5,SUB
c_bb_t5_s00,c_bb_t5_t10,c_bb_t5_t11,SUB
c_bb_t5_s01,c_bb_t5_t11,c_bb_t5_t10,ADD
c_bb_t500,c_bb_t5_t00,c_bb_t5_s00,ADD
c_bb_t501,c_bb_t5_t01,c_bb_t5_s01,ADD
c_bb_t5_t50,c_bb_t5_t00,c_bb_t5_t10,ADD
c_bb_t5_t51,c_bb_t5_t01,c_bb_t5_t11,ADD
c_bb_t510,c_bb_t5_t40,c_bb_t5_t50,SUB
c_bb_t511,c_bb_t5_t41,c_bb_t5_t51,SUB
c_bb_t6000,c_bb_t000,c_bb_t100,ADD
c_bb_t6001,c_bb_t001,c_bb_t101,ADD
c_bb_t6010,c_bb_t010,c_bb_t110,ADD
c_bb_t6011,c_bb_t011,c_bb_t111,ADD
c_bb_t600,c_bb_t300,c_bb_t6000,SUB
c_bb_t601,c_bb_t301,c_bb_t6001,SUB
c_bb_t610,c_bb_t310,c_bb_t6010,SUB
c_bb_t611,c_bb_t311,c_bb_t6011,SUB
c_bb_t9_x000,c_bb_t200,c_bb_t200,ADD
c_bb_t9_x010,c_bb_t201,c_bb_t201,ADD
c_bb_t9_x100,c_bb_t210,c_bb_t210,ADD
c_bb_t9_x110,c_bb_t211,c_bb_t211,ADD
c_bb_t9_y1_0,c_bb_t210,c_bb_t211,SUB
c_bb_t9_y1_1,c_bb_t211,c_bb_t210,ADD
c_bb_t900,c_bb_t9_x000,c_bb_t9_y1_0,ADD
c_bb_t901,c_bb_t9_x010,c_bb_t9_y1_1,ADD
c_bb_t910,c_bb_t9_x100,c_bb_t200,ADD
c_bb_t911,c_bb_t9_x110,c_bb_t201,ADD
c_bb100,c_bb_t600,c_bb_t900,ADD
c_bb101,c_bb_t601,c_bb_t901,ADD
c_bb110,c_bb_t610,c_bb_t910,ADD
c_bb111,c_bb_t611,c_bb_t911,ADD
c_bb_t7000,c_bb_t100,c_bb_t200,ADD
c_bb_t7001,c_bb_t101,c_bb_t201,ADD
c_bb_t7010,c_bb_t110,c_bb_t210,ADD
c_bb_t7011,c_bb_t111,c_bb_t211,ADD
c_bb_t7100,c_bb_t400,c_bb_t7000,SUB
c_bb_t7101,c_bb_t401,c_bb_t7001,SUB
c_bb_t7110,c_bb_t410,c_bb_t7010,SUB
c_bb_t7111,c_bb_t411,c_bb_t7011,SUB
c_bb_t7_x000,c_bb_t7100,c_bb_t7100,ADD
c_bb_t7_x010,c_bb_t7101,c_bb_t7101,ADD
c_bb_t7_x100,c_bb_t7110,c_bb_t7110,ADD
c_bb_t7_x110,c_bb_t7111,c_bb_t7111,ADD
c_bb_t7_y1_0,c_bb_t7110,c_bb_t7111,SUB
c_bb_t7_y1_1,c_bb_t7111,c_bb_t7110,ADD
c_bb_t700,c_bb_t7_x000,c_bb_t7_y1_0,ADD
c_bb_t701,c_bb_t7_x010,c_bb_t7_y1_1,ADD
c_bb_t710,c_bb_t7_x100,c_bb_t7100,ADD
c_bb_t711,c_bb_t7_x110,c_bb_t7101,ADD
c_bb000,c_bb_t000,c_bb_t700,ADD
c_bb001,c_bb_t001,c_bb_t701,ADD
c_bb010,c_bb_t010,c_bb_t710,ADD
c_bb011,c_bb_t011,c_bb_t711,ADD
c_bb_t8000,c_bb_t200,c_bb_t000,ADD
c_bb_t8001,c_bb_t201,c_bb_t001,ADD
c_bb_t8010,c_bb_t210,c_bb_t010,ADD
c_bb_t8011,c_bb_t211,c_bb_t011,ADD
c_bb_t800,c_bb_t500,c_bb_t8000,SUB
c_bb_t801,c_bb_t501,c_bb_t8001,SUB
c_bb_t810,c_bb_t510,c_bb_t8010,SUB
c_bb_t811,c_bb_t511,c_bb_t8011,SUB
c_bb200,c_bb_t800,c_bb_t100,ADD
c_bb201,c_bb_t801,c_bb_t101,ADD
c_bb210,c_bb_t810,c_bb_t110,ADD
c_bb211,c_bb_t811,c_bb_t111,ADD
c_bbxi0_x000,c_bb200,c_bb200,ADD
c_bbxi0_x010,c_bb201,c_bb201,ADD
c_bbxi0_x100,c_bb210,c_bb210,ADD
c_bbxi0_x110,c_bb211,c_bb211,ADD
c_bbxi0_y1_0,c_bb210,c_bb211,SUB
c_bbxi0_y1_1,c_bb211,c_bb210,ADD
c_bbxi000,c_bbxi0_x000,c_bbxi0_y1_0,ADD
c_bbxi001,c_bbxi0_x010,c_bbxi0_y1_1,ADD
c_bbxi010,c_bbxi0_x100,c_bb200,ADD
c_bbxi011,c_bbxi0_x110,c_bb201,ADD
c_denom000,c_aa000,c_bbxi000,SUB
c_denom001,c_aa001,c_bbxi001,SUB
c_denom010,c_aa010,c_bbxi010,SUB
c_denom011,c_aa011,c_bbxi011,SUB
c_denom100,c_aa100,c_bb000,SUB
c_denom101,c_aa101,c_bb001,SUB
c_denom110,c_aa110,c_bb010,SUB
c_denom111,c_aa111,c_bb011,SUB
c_denom200,c_aa200,c_bb100,SUB
c_denom201,c_aa201,c_bb101,SUB
c_denom210,c_aa210,c_bb110,SUB
c_denom211,c_aa211,c_bb111,SUB
c_denom_inv_aa_a1_0,c_denom010,c_denom011,SUB
c_denom_inv_aa_a1_1,c_denom011,c_denom010,ADD
c_denom_inv_aa_t00,c_denom000,c_denom_inv_aa_a1_0,ADD
c_denom_inv_aa_t01,c_denom001,c_denom_inv_aa_a1_1,ADD
c_denom_inv_aa_t10,c_denom000,c_denom010,ADD
c_denom_inv_aa_t11,c_denom001,c_denom011,ADD
c_denom_inv_aa_t2_t0,c_denom_inv_aa_t00,c_denom_inv_aa_t10,MUL
c_denom_inv_aa_t2_t1,c_denom_inv_aa_t01,c_denom_inv_aa_t11,MUL
c_denom_inv_aa_t2_t2,c_denom_inv_aa_t00,c_denom_inv_aa_t01,ADD
c_denom_inv_aa_t2_t3,c_denom_inv_aa_t10,c_denom_inv_aa_t11,ADD
c_denom_inv_aa_t2_t4,c_denom_inv_aa_t2_t2,c_denom_inv_aa_t2_t3,MUL
c_denom_inv_aa_t20,c_denom_inv_aa_t2_t0,c_denom_inv_aa_t2_t1,SUB
c_denom_inv_aa_t2_t5,c_denom_inv_aa_t2_t0,c_denom_inv_aa_t2_t1,ADD
c_denom_inv_aa_t21,c_denom_inv_aa_t2_t4,c_denom_inv_aa_t2_t5,SUB
c_denom_inv_aa_t3_t0,c_denom000,c_denom010,MUL
c_denom_inv_aa_t3_t1,c_denom001,c_denom011,MUL
c_denom_inv_aa_t3_t2,c_denom000,c_denom001,ADD
c_denom_inv_aa_t3_t3,c_denom010,c_denom011,ADD
c_denom_inv_aa_t3_t4,c_denom_inv_aa_t3_t2,c_denom_inv_aa_t3_t3,MUL
c_denom_inv_aa_t30,c_denom_inv_aa_t3_t0,c_denom_inv_aa_t3_t1,SUB
c_denom_inv_aa_t3_t5,c_denom_inv_aa_t3_t0,c_denom_inv_aa_t3_t1,ADD
c_denom_inv_aa_t31,c_denom_inv_aa_t3_t4,c_denom_inv_aa_t3_t5,SUB
c_denom_inv_aa_t40,c_denom_inv_aa_t30,c_denom_inv_aa_t31,SUB
c_denom_inv_aa_t41,c_denom_inv_aa_t31,c_denom_inv_aa_t30,ADD
c_denom_inv_aa_t50,c_denom_inv_aa_t30,c_denom_inv_aa_t40,ADD
c_denom_inv_aa_t51,c_denom_inv_aa_t31,c_denom_inv_aa_t41,ADD
c_denom_inv_aa00,c_denom_inv_aa_t20,c_denom_inv_aa_t50,SUB
c_denom_inv_aa01,c_denom_inv_aa_t21,c_denom_inv_aa_t51,SUB
c_denom_inv_aa10,c_denom_inv_aa_t30,c_denom_inv_aa_t30,ADD
c_denom_inv_aa11,c_denom_inv_aa_t31,c_denom_inv_aa_t31,ADD
c_denom_inv_bb_a1_0,c_denom110,c_denom111,SUB
c_denom_inv_bb_a1_1,c_denom111,c_denom110,ADD
c_denom_inv_bb_t00,c_denom100,c_denom_inv_bb_a1_0,ADD
c_denom_inv_bb_t01,c_denom101,c_denom_inv_bb_a1_1,ADD
c_denom_inv_bb_t10,c_denom100,c_denom110,ADD
c_denom_inv_bb_t11,c_denom101,c_denom111,ADD
c_denom_inv_bb_t2_t0,c_denom_inv_bb_t00,c_denom_inv_bb_t10,MUL
c_denom_inv_bb_t2_t1,c_denom_inv_bb_t01,c_denom_inv_bb_t11,MUL
c_denom_inv_bb_t2_t2,c_denom_inv_bb_t00,c_denom_inv_bb_t01,ADD
c_denom_inv_bb_t2_t3,c_denom_inv_bb_t10,c_denom_inv_bb_t11,ADD
c_denom_inv_bb_t2_t4,c_denom_inv_bb_t2_t2,c_denom_inv_bb_t2_t3,MUL
c_denom_inv_bb_t20,c_denom_inv_bb_t2_t0,c_denom_inv_bb_t2_t1,SUB
c_denom_inv_bb_t2_t5,c_denom_inv_bb_t2_t0,c_denom_inv_bb_t2_t1,ADD
c_denom_inv_bb_t21,c_denom_inv_bb_t2_t4,c_denom_inv_bb_t2_t5,SUB
c_denom_inv_bb_t3_t0,c_denom100,c_denom110,MUL
c_denom_inv_bb_t3_t1,c_denom101,c_denom111,MUL
c_denom_inv_bb_t3_t2,c_denom100,c_denom101,ADD
c_denom_inv_bb_t3_t3,c_denom110,c_denom111,ADD
c_denom_inv_bb_t3_t4,c_denom_inv_bb_t3_t2,c_denom_inv_bb_t3_t3,MUL
c_denom_inv_bb_t30,c_denom_inv_bb_t3_t0,c_denom_inv_bb_t3_t1,SUB
c_denom_inv_bb_t3_t5,c_denom_inv_bb_t3_t0,c_denom_inv_bb_t3_t1,ADD
c_denom_inv_bb_t31,c_denom_inv_bb_t3_t4,c_denom_inv_bb_t3_t5,SUB
c_denom_inv_bb_t40,c_denom_inv_bb_t30,c_denom_inv_bb_t31,SUB
c_denom_inv_bb_t41,c_denom_inv_bb_t31,c_denom_inv_bb_t30,ADD
c_denom_inv_bb_t50,c_denom_inv_bb_t30,c_denom_inv_bb_t40,ADD
c_denom_inv_bb_t51,c_denom_inv_bb_t31,c_denom_inv_bb_t41,ADD
c_denom_inv_bb00,c_denom_inv_bb_t20,c_denom_inv_bb_t50,SUB
c_denom_inv_bb01,c_denom_inv_bb_t21,c_denom_inv_bb_t51,SUB
c_denom_inv_bb10,c_denom_inv_bb_t30,c_denom_inv_bb_t30,ADD
c_denom_inv_bb11,c_denom_inv_bb_t31,c_denom_inv_bb_t31,ADD
c_denom_inv_cc_a1_0,c_denom210,c_denom211,SUB
c_denom_inv_cc_a1_1,c_denom211,c_denom210,ADD
c_denom_inv_cc_t00,c_denom200,c_denom_inv_cc_a1_0,ADD
c_denom_inv_cc_t01,c_denom201,c_denom_inv_cc_a1_1,ADD
c_denom_inv_cc_t10,c_denom200,c_denom210,ADD
c_denom_inv_cc_t11,c_denom201,c_denom211,ADD
c_denom_inv_cc_t2_t0,c_denom_inv_cc_t00,c_denom_inv_cc_t10,MUL
c_denom_inv_cc_t2_t1,c_denom_inv_cc_t01,c_denom_inv_cc_t11,MUL
c_denom_inv_cc_t2_t2,c_denom_inv_cc_t00,c_denom_inv_cc_t01,ADD
c_denom_inv_cc_t2_t3,c_denom_inv_cc_t10,c_denom_inv_cc_t11,ADD
c_denom_inv_cc_t2_t4,c_denom_inv_cc_t2_t2,c_denom_inv_cc_t2_t3,MUL
c_denom_inv_cc_t20,c_denom_inv_cc_t2_t0,c_denom_inv_cc_t2_t1,SUB
c_denom_inv_cc_t2_t5,c_denom_inv_cc_t2_t0,c_denom_inv_cc_t2_t1,ADD
c_denom_inv_cc_t21,c_denom_inv_cc_t2_t4,c_denom_inv_cc_t2_t5,SUB
c_denom_inv_cc_t3_t0,c_denom200,c_denom210,MUL
c_denom_inv_cc_t3_t1,c_denom201,c_denom211,MUL
c_denom_inv_cc_t3_t2,c_denom200,c_denom201,ADD
c_denom_inv_cc_t3_t3,c_denom210,c_denom211,ADD
c_denom_inv_cc_t3_t4,c_denom_inv_cc_t3_t2,c_denom_inv_cc_t3_t3,MUL
c_denom_inv_cc_t30,c_denom_inv_cc_t3_t0,c_denom_inv_cc_t3_t1,SUB
c_denom_inv_cc_t3_t5,c_denom_inv_cc_t3_t0,c_denom_inv_cc_t3_t1,ADD
c_denom_inv_cc_t31,c_denom_inv_cc_t3_t4,c_denom_inv_cc_t3_t5,SUB
c_denom_inv_cc_t40,c_denom_inv_cc_t30,c_denom_inv_cc_t31,SUB
c_denom_inv_cc_t41,c_denom_inv_cc_t31,c_denom_inv_cc_t30,ADD
c_denom_inv_cc_t50,c_denom_inv_cc_t30,c_denom_inv_cc_t40,ADD
c_denom_inv_cc_t51,c_denom_inv_cc_t31,c_denom_inv_cc_t41,ADD
c_denom_inv_cc00,c_denom_inv_cc_t20,c_denom_inv_cc_t50,SUB
c_denom_inv_cc01,c_denom_inv_cc_t21,c_denom_inv_cc_t51,SUB
c_denom_inv_cc10,c_denom_inv_cc_t30,c_denom_inv_cc_t30,ADD
c_denom_inv_cc11,c_denom_inv_cc_t31,c_denom_inv_cc_t31,ADD
c_denom_inv_ab_t0_t0,c_denom000,c_denom100,MUL
c_denom_inv_ab_t0_t1,c_denom001,c_denom101,MUL
c_denom_inv_ab_t0_t2,c_denom000,c_denom001,ADD
c_denom_inv_ab_t0_t3,c_denom100,c_denom101,ADD
c_denom_inv_ab_t0_t4,c_denom_inv_ab_t0_t2,c_denom_inv_ab_t0_t3,MUL
c_denom_inv_ab_t00,c_denom_inv_ab_t0_t0,c_denom_inv_ab_t0_t1,SUB
c_denom_inv_ab_t0_t5,c_denom_inv_ab_t0_t0,c_denom_inv_ab_t0_t1,ADD
c_denom_inv_ab_t01,c_denom_inv_ab_t0_t4,c_denom_inv_ab_t0_t5,SUB
c_denom_inv_ab_t1_t0,c_denom010,c_denom110,MUL
c_denom_inv_ab_t1_t1,c_denom011,c_denom111,MUL
c_denom_inv_ab_t1_t2,c_denom010,c_denom011,ADD
c_denom_inv_ab_t1_t3,c_denom110,c_denom111,ADD
c_denom_inv_ab_t1_t4,c_denom_inv_ab_t1_t2,c_denom_inv_ab_t1_t3,MUL
c_denom_inv_ab_t10,c_denom_inv_ab_t1_t0,c_denom_inv_ab_t1_t1,SUB
c_denom_inv_ab_t1_t5,c_denom_inv_ab_t1_t0,c_denom_inv_ab_t1_t1,ADD
c_denom_inv_ab_t11,c_denom_inv_ab_t1_t4,c_denom_inv_ab_t1_t5,SUB
c_denom_inv_ab_t20,c_denom000,c_denom010,ADD
c_denom_inv_ab_t21,c_denom001,c_denom011,ADD
c_denom_inv_ab_t30,c_denom100,c_denom110,ADD
c_denom_inv_ab_t31,c_denom101,c_denom111,ADD
c_denom_inv_ab_t4_t0,c_denom_inv_ab_t20,c_denom_inv_ab_t30,MUL
c_denom_inv_ab_t4_t1,c_denom_inv_ab_t21,c_denom_inv_ab_t31,MUL
c_denom_inv_ab_t4_t2,c_denom_inv_ab_t20,c_denom_inv_ab_t21,ADD
c_denom_inv_ab_t4_t3,c_denom_inv_ab_t30,c_denom_inv_ab_t31,ADD
c_denom_inv_ab_t4_t4,c_denom_inv_ab_t4_t2,c_denom_inv_ab_t4_t3,MUL
c_denom_inv_ab_t40,c_denom_inv_ab_t4_t0,c_denom_inv_ab_t4_t1,SUB
c_denom_inv_ab_t4_t5,c_denom_inv_ab_t4_t0,c_denom_inv_ab_t4_t1,ADD
c_denom_inv_ab_t41,c_denom_inv_ab_t4_t4,c_denom_inv_ab_t4_t5,SUB
c_denom_inv_ab_s00,c_denom_inv_ab_t10,c_denom_inv_ab_t11,SUB
c_denom_inv_ab_s01,c_denom_inv_ab_t11,c_denom_inv_ab_t10,ADD
c_denom_inv_ab00,c_denom_inv_ab_t00,c_denom_inv_ab_s00,ADD
c_denom_inv_ab01,c_denom_inv_ab_t01,c_denom_inv_ab_s01,ADD
c_denom_inv_ab_t50,c_denom_inv_ab_t00,c_denom_inv_ab_t10,ADD
c_denom_inv_ab_t51,c_denom_inv_ab_t01,c_denom_inv_ab_t11,ADD
c_denom_inv_ab10,c_denom_inv_ab_t40,c_denom_inv_ab_t50,SUB
c_denom_inv_ab11,c_denom_inv_ab_t41,c_denom_inv_ab_t51,SUB
c_denom_inv_bc_t0_t0,c_denom100,c_denom200,MUL
c_denom_inv_bc_t0_t1,c_denom101,c_denom201,MUL
c_denom_inv_bc_t0_t2,c_denom100,c_denom101,ADD
c_denom_inv_bc_t0_t3,c_denom200,c_denom201,ADD
c_denom_inv_bc_t0_t4,c_denom_inv_bc_t0_t2,c_denom_inv_bc_t0_t3,MUL
c_denom_inv_bc_t00,c_denom_inv_bc_t0_t0,c_denom_inv_bc_t0_t1,SUB
c_denom_inv_bc_t0_t5,c_denom_inv_bc_t0_t0,c_denom_inv_bc_t0_t1,ADD
c_denom_inv_bc_t01,c_denom_inv_bc_t0_t4,c_denom_inv_bc_t0_t5,SUB
c_denom_inv_bc_t1_t0,c_denom110,c_denom210,MUL
c_denom_inv_bc_t1_t1,c_denom111,c_denom211,MUL
c_denom_inv_bc_t1_t2,c_denom110,c_denom111,ADD
c_denom_inv_bc_t1_t3,c_denom210,c_denom211,ADD
c_denom_inv_bc_t1_t4,c_denom_inv_bc_t1_t2,c_denom_inv_bc_t1_t3,MUL
c_denom_inv_bc_t10,c_denom_inv_bc_t1_t0,c_denom_inv_bc_t1_t1,SUB
c_denom_inv_bc_t1_t5,c_denom_inv_bc_t1_t0,c_denom_inv_bc_t1_t1,ADD
c_denom_inv_bc_t11,c_denom_inv_bc_t1_t4,c_denom_inv_bc_t1_t5,SUB
c_denom_inv_bc_t20,c_denom100,c_denom110,ADD
c_denom_inv_bc_t21,c_denom101,c_denom111,ADD
c_denom_inv_bc_t30,c_denom200,c_denom210,ADD
c_denom_inv_bc_t31,c_denom201,c_denom211,ADD
c_denom_inv_bc_t4_t0,c_denom_inv_bc_t20,c_denom_inv_bc_t30,MUL
c_denom_inv_bc_t4_t1,c_denom_inv_bc_t21,c_denom_inv_bc_t31,MUL
c_denom_inv_bc_t4_t2,c_denom_inv_bc_t20,c_denom_inv_bc_t21,ADD
c_denom_inv_bc_t4_t3,c_denom_inv_bc_t30,c_denom_inv_bc_t31,ADD
c_denom_inv_bc_t4_t4,c_denom_inv_bc_t4_t2,c_denom_inv_bc_t4_t3,MUL
c_denom_inv_bc_t40,c_denom_inv_bc_t4_t0,c_denom_inv_bc_t4_t1,SUB
c_denom_inv_bc_t4_t5,c_denom_inv_bc_t4_t0,c_denom_inv_bc_t4_t1,ADD
c_denom_inv_bc_t41,c_denom_inv_bc_t4_t4,c_denom_inv_bc_t4_t5,SUB
c_denom_inv_bc_s00,c_denom_inv_bc_t10,c_denom_inv_bc_t11,SUB
c_denom_inv_bc_s01,c_denom_inv_bc_t11,c_denom_inv_bc_t10,ADD
c_denom_inv_bc00,c_denom_inv_bc_t00,c_denom_inv_bc_s00,ADD
c_denom_inv_bc01,c_denom_inv_bc_t01,c_denom_inv_bc_s01,ADD
c_denom_inv_bc_t50,c_denom_inv_bc_t00,c_denom_inv_bc_t10,ADD
c_denom_inv_bc_t51,c_denom_inv_bc_t01,c_denom_inv_bc_t11,ADD
c_denom_inv_bc10,c_denom_inv_bc_t40,c_denom_inv_bc_t50,SUB
c_denom_inv_bc11,c_denom_inv_bc_t41,c_denom_inv_bc_t51,SUB
c_denom_inv_ac_t0_t0,c_denom200,c_denom000,MUL
c_denom_inv_ac_t0_t1,c_denom201,c_denom001,MUL
c_denom_inv_ac_t0_t2,c_denom200,c_denom201,ADD
c_denom_inv_ac_t0_t3,c_denom000,c_denom001,ADD
c_denom_inv_ac_t0_t4,c_denom_inv_ac_t0_t2,c_denom_inv_ac_t0_t3,MUL
c_denom_inv_ac_t00,c_denom_inv_ac_t0_t0,c_denom_inv_ac_t0_t1,SUB
c_denom_inv_ac_t0_t5,c_denom_inv_ac_t0_t0,c_denom_inv_ac_t0_t1,ADD
c_denom_inv_ac_t01,c_denom_inv_ac_t0_t4,c_denom_inv_ac_t0_t5,SUB
c_denom_inv_ac_t1_t0,c_denom210,c_denom010,MUL
c_denom_inv_ac_t1_t1,c_denom211,c_denom011,MUL
c_denom_inv_ac_t1_t2,c_denom210,c_denom211,ADD
c_denom_inv_ac_t1_t3,c_denom010,c_denom011,ADD
c_denom_inv_ac_t1_t4,c_denom_inv_ac_t1_t2,c_denom_inv_ac_t1_t3,MUL
c_denom_inv_ac_t10,c_denom_inv_ac_t1_t0,c_denom_inv_ac_t1_t1,SUB
c_denom_inv_ac_t1_t5,c_denom_inv_ac_t1_t0,c_denom_inv_ac_t1_t1,ADD
c_denom_inv_ac_t11,c_denom_inv_ac_t1_t4,c_denom_inv_ac_t1_t5,SUB
c_denom_inv_ac_t20,c_denom200,c_denom210,ADD
c_denom_inv_ac_t21,c_denom201,c_denom211,ADD
c_denom_inv_ac_t30,c_denom000,c_denom010,ADD
c_denom_inv_ac_t31,c_denom001,c_denom011,ADD
c_denom_inv_ac_t4_t0,c_denom_inv_ac_t20,c_denom_inv_ac_t30,MUL
c_denom_inv_ac_t4_t1,c_denom_inv_ac_t21,c_denom_inv_ac_t31,MUL
c_denom_inv_ac_t4_t2,c_denom_inv_ac_t20,c_denom_inv_ac_t21,ADD
c_denom_inv_ac_t4_t3,c_denom_inv_ac_t30,c_denom_inv_ac_t31,ADD
c_denom_inv_ac_t4_t4,c_denom_inv_ac_t4_t2,c_denom_inv_ac_t4_t3,MUL
c_denom_inv_ac_t40,c_denom_inv_ac_t4_t0,c_denom_inv_ac_t4_t1,SUB
c_denom_inv_ac_t4_t5,c_denom_inv_ac_t4_t0,c_denom_inv_ac_t4_t1,ADD
c_denom_inv_ac_t41,c_denom_inv_ac_t4_t4,c_denom_inv_ac_t4_t5,SUB
c_denom_inv_ac_s00,c_denom_inv_ac_t10,c_denom_inv_ac_t11,SUB
c_denom_inv_ac_s01,c_denom_inv_ac_t11,c_denom_inv_ac_t10,ADD
c_denom_inv_ac00,c_denom_inv_ac_t00,c_denom_inv_ac_s00,ADD
c_denom_inv_ac01,c_denom_inv_ac_t01,c_denom_inv_ac_s01,ADD
c_denom_inv_ac_t50,c_denom_inv_ac_t00,c_denom_inv_ac_t10,ADD
c_denom_inv_ac_t51,c_denom_inv_ac_t01,c_denom_inv_ac_t11,ADD
c_denom_inv_ac10,c_denom_inv_ac_t40,c_denom_inv_ac_t50,SUB
c_denom_inv_ac11,c_denom_inv_ac_t41,c_denom_inv_ac_t51,SUB
c_denom_inv_bcxi_x000,c_denom_inv_bc00,c_denom_inv_bc00,ADD
c_denom_inv_bcxi_x010,c_denom_inv_bc01,c_denom_inv_bc01,ADD
c_denom_inv_bcxi_x100,c_denom_inv_bc10,c_denom_inv_bc10,ADD
c_denom_inv_bcxi_x110,c_denom_inv_bc11,c_denom_inv_bc11,ADD
c_denom_inv_bcxi_y1_0,c_denom_inv_bc10,c_denom_inv_bc11,SUB
c_denom_inv_bcxi_y1_1,c_denom_inv_bc11,c_denom_inv_bc10,ADD
c_denom_inv_bcxi00,c_denom_inv_bcxi_x000,c_denom_inv_bcxi_y1_0,ADD
c_denom_inv_bcxi01,c_denom_inv_bcxi_x010,c_denom_inv_bcxi_y1_1,ADD
c_denom_inv_bcxi10,c_denom_inv_bcxi_x100,c_denom_inv_bc00,ADD
c_denom_inv_bcxi11,c_denom_inv_bcxi_x110,c_denom_inv_bc01,ADD
c_denom_inv_pa00,c_denom_inv_aa00,c_denom_inv_bcxi00,SUB
c_denom_inv_pa01,c_denom_inv_aa01,c_denom_inv_bcxi01,SUB
c_denom_inv_pa10,c_denom_inv_aa10,c_denom_inv_bcxi10,SUB
c_denom_inv_pa11,c_denom_inv_aa11,c_denom_inv_bcxi11,SUB
c_denom_inv_ccxi_x000,c_denom_inv_cc00,c_denom_inv_cc00,ADD
c_denom_inv_ccxi_x010,c_denom_inv_cc01,c_denom_inv_cc01,ADD
c_denom_inv_ccxi_x100,c_denom_inv_cc10,c_denom_inv_cc10,ADD
c_denom_inv_ccxi_x110,c_denom_inv_cc11,c_denom_inv_cc11,ADD
c_denom_inv_ccxi_y1_0,c_denom_inv_cc10,c_denom_inv_cc11,SUB
c_denom_inv_ccxi_y1_1,c_denom_inv_cc11,c_denom_inv_cc10,ADD
c_denom_inv_ccxi00,c_denom_inv_ccxi_x000,c_denom_inv_ccxi_y1_0,ADD
c_denom_inv_ccxi01,c_denom_inv_ccxi_x010,c_denom_inv_ccxi_y1_1,ADD
c_denom_inv_ccxi10,c_denom_inv_ccxi_x100,c_denom_inv_cc00,ADD
c_denom_inv_ccxi11,c_denom_inv_ccxi_x110,c_denom_inv_cc01,ADD
c_denom_inv_pb00,c_denom_inv_ccxi00,c_denom_inv_ab00,SUB
c_denom_inv_pb01,c_denom_inv_ccxi01,c_denom_inv_ab01,SUB
c_denom_inv_pb10,c_denom_inv_ccxi10,c_denom_inv_ab10,SUB
c_denom_inv_pb11,c_denom_inv_ccxi11,c_denom_inv_ab11,SUB
c_denom_inv_pc00,c_denom_inv_bb00,c_denom_inv_ac00,SUB
c_denom_inv_pc01,c_denom_inv_bb01,c_denom_inv_ac01,SUB
c_denom_inv_pc10,c_denom_inv_bb10,c_denom_inv_ac10,SUB
c_denom_inv_pc11,c_denom_inv_bb11,c_denom_inv_ac11,SUB
c_denom_inv_pbc_t0_t0,c_denom_inv_pb00,c_denom200,MUL
c_denom_inv_pbc_t0_t1,c_denom_inv_pb01,c_denom201,MUL
c_denom_inv_pbc_t0_t2,c_denom_inv_pb00,c_denom_inv_pb01,ADD
c_denom_inv_pbc_t0_t3,c_denom200,c_denom201,ADD
c_denom_inv_pbc_t0_t4,c_denom_inv_pbc_t0_t2,c_denom_inv_pbc_t0_t3,MUL
c_denom_inv_pbc_t00,c_denom_inv_pbc_t0_t0,c_denom_inv_pbc_t0_t1,SUB
c_denom_inv_pbc_t0_t5,c_denom_inv_pbc_t0_t0,c_denom_inv_pbc_t0_t1,ADD
c_denom_inv_pbc_t01,c_denom_inv_pbc_t0_t4,c_denom_inv_pbc_t0_t5,SUB
c_denom_inv_pbc_t1_t0,c_denom_inv_pb10,c_denom210,MUL
c_denom_inv_pbc_t1_t1,c_denom_inv_pb11,c_denom211,MUL
c_denom_inv_pbc_t1_t2,c_denom_inv_pb10,c_denom_inv_pb11,ADD
c_denom_inv_pbc_t1_t3,c_denom210,c_denom211,ADD
c_denom_inv_pbc_t1_t4,c_denom_inv_pbc_t1_t2,c_denom_inv_pbc_t1_t3,MUL
c_denom_inv_pbc_t10,c_denom_inv_pbc_t1_t0,c_denom_inv_pbc_t1_t1,SUB
c_denom_inv_pbc_t1_t5,c_denom_inv_pbc_t1_t0,c_denom_inv_pbc_t1_t1,ADD
c_denom_inv_pbc_t11,c_denom_inv_pbc_t1_t4,c_denom_inv_pbc_t1_t5,SUB
c_denom_inv_pbc_t20,c_denom_inv_pb00,c_denom_inv_pb10,ADD
c_denom_inv_pbc_t21,c_denom_inv_pb01,c_denom_inv_pb11,ADD
c_denom_inv_pbc_t30,c_denom200,c_denom210,ADD
c_denom_inv_pbc_t31,c_denom201,c_denom211,ADD
c_denom_inv_pbc_t4_t0,c_denom_inv_pbc_t20,c_denom_inv_pbc_t30,MUL
c_denom_inv_pbc_t4_t1,c_denom_inv_pbc_t21,c_denom_inv_pbc_t31,MUL
c_denom_inv_pbc_t4_t2,c_denom_inv_pbc_t20,c_denom_inv_pbc_t21,ADD
c_denom_inv_pbc_t4_t3,c_denom_inv_pbc_t30,c_denom_inv_pbc_t31,ADD
c_denom_inv_pbc_t4_t4,c_denom_inv_pbc_t4_t2,c_denom_inv_pbc_t4_t3,MUL
c_denom_inv_pbc_t40,c_denom_inv_pbc_t4_t0,c_denom_inv_pbc_t4_t1,SUB
c_denom_inv_pbc_t4_t5,c_denom_inv_pbc_t4_t0,c_denom_inv_pbc_t4_t1,ADD
c_denom_inv_pbc_t41,c_denom_inv_pbc_t4_t4,c_denom_inv_pbc_t4_t5,SUB
c_denom_inv_pbc_s00,c_denom_inv_pbc_t10,c_denom_inv_pbc_t11,SUB
c_denom_inv_pbc_s01,c_denom_inv_pbc_t11,c_denom_inv_pbc_t10,ADD
c_denom_inv_pbc00,c_denom_inv_pbc_t00,c_denom_inv_pbc_s00,ADD
c_denom_inv_pbc01,c_denom_inv_pbc_t01,c_denom_inv_pbc_s01,ADD
c_denom_inv_pbc_t50,c_denom_inv_pbc_t00,c_denom_inv_pbc_t10,ADD
c_denom_inv_pbc_t51,c_denom_inv_pbc_t01,c_denom_inv_pbc_t11,ADD
c_denom_inv_pbc10,c_denom_inv_pbc_t40,c_denom_inv_pbc_t50,SUB
c_denom_inv_pbc11,c_denom_inv_pbc_t41,c_denom_inv_pbc_t51,SUB
c_denom_inv_pcb_t0_t0,c_denom_inv_pc00,c_denom100,MUL
c_denom_inv_pcb_t0_t1,c_denom_inv_pc01,c_denom101,MUL
c_denom_inv_pcb_t0_t2,c_denom_inv_pc00,c_denom_inv_pc01,ADD
c_denom_inv_pcb_t0_t3,c_denom100,c_denom101,ADD
c_denom_inv_pcb_t0_t4,c_denom_inv_pcb_t0_t2,c_denom_inv_pcb_t0_t3,MUL
c_denom_inv_pcb_t00,c_denom_inv_pcb_t0_t0,c_denom_inv_pcb_t0_t1,SUB
c_denom_inv_pcb_t0_t5,c_denom_inv_pcb_t0_t0,c_denom_inv_pcb_t0_t1,ADD
c_denom_inv_pcb_t01,c_denom_inv_pcb_t0_t4,c_denom_inv_pcb_t0_t5,SUB
c_denom_inv_pcb_t1_t0,c_denom_inv_pc10,c_denom110,MUL
c_denom_inv_pcb_t1_t1,c_denom_inv_pc11,c_denom111,MUL
c_denom_inv_pcb_t1_t2,c_denom_inv_pc10,c_denom_inv_pc11,ADD
c_denom_inv_pcb_t1_t3,c_denom110,c_denom111,ADD
c_denom_inv_pcb_t1_t4,c_denom_inv_pcb_t1_t2,c_denom_inv_pcb_t1_t3,MUL
c_denom_inv_pcb_t10,c_denom_inv_pcb_t1_t0,c_denom_inv_pcb_t1_t1,SUB
c_denom_inv_pcb_t1_t5,c_denom_inv_pcb_t1_t0,c_denom_inv_pcb_t1_t1,ADD
c_denom_inv_pcb_t11,c_denom_inv_pcb_t1_t4,c_denom_inv_pcb_t1_t5,SUB
c_denom_inv_pcb_t20,c_denom_inv_pc00,c_denom_inv_pc10,ADD
c_denom_inv_pcb_t21,c_denom_inv_pc01,c_denom_inv_pc11,ADD
c_denom_inv_pcb_t30,c_denom100,c_denom110,ADD
c_denom_inv_pcb_t31,c_denom101,c_denom111,ADD
c_denom_inv_pcb_t4_t0,c_denom_inv_pcb_t20,c_denom_inv_pcb_t30,MUL
c_denom_inv_pcb_t4_t1,c_denom_inv_pcb_t21,c_denom_inv_pcb_t31,MUL
c_denom_inv_pcb_t4_t2,c_denom_inv_pcb_t20,c_denom_inv_pcb_t21,ADD
c_denom_inv_pcb_t4_t3,c_denom_inv_pcb_t30,c_denom_inv_pcb_t31,ADD
c_denom_inv_pcb_t4_t4,c_denom_inv_pcb_t4_t2,c_denom_inv_pcb_t4_t3,MUL
c_denom_inv_pcb_t40,c_denom_inv_pcb_t4_t0,c_denom_inv_pcb_t4_t1,SUB
c_denom_inv_pcb_t4_t5,c_denom_inv_pcb_t4_t0,c_denom_inv_pcb_t4_t1,ADD
c_denom_inv_pcb_t41,c_denom_inv_pcb_t4_t4,c_denom_inv_pcb_t4_t5,SUB
c_denom_inv_pcb_s00,c_denom_inv_pcb_t10,c_denom_inv_pcb_t11,SUB
c_denom_inv_pcb_s01,c_denom_inv_pcb_t11,c_denom_inv_pcb_t10,ADD
c_denom_inv_pcb00,c_denom_inv_pcb_t00,c_denom_inv_pcb_s00,ADD
c_denom_inv_pcb01,c_denom_inv_pcb_t01,c_denom_inv_pcb_s01,ADD
c_denom_inv_pcb_t50,c_denom_inv_pcb_t00,c_denom_inv_pcb_t10,ADD
c_denom_inv_pcb_t51,c_denom_inv_pcb_t01,c_denom_inv_pcb_t11,ADD
c_denom_inv_pcb10,c_denom_inv_pcb_t40,c_denom_inv_pcb_t50,SUB
c_denom_inv_pcb11,c_denom_inv_pcb_t41,c_denom_inv_pcb_t51,SUB
c_denom_inv_pbccb00,c_denom_inv_pbc00,c_denom_inv_pcb00,ADD
c_denom_inv_pbccb01,c_denom_inv_pbc01,c_denom_inv_pcb01,ADD
c_denom_inv_pbccb10,c_denom_inv_pbc10,c_denom_inv_pcb10,ADD
c_denom_inv_pbccb11,c_denom_inv_pbc11,c_denom_inv_pcb11,ADD
c_denom_inv_pxi_x000,c_denom_inv_pbccb00,c_denom_inv_pbccb00,ADD
c_denom_inv_pxi_x010,c_denom_inv_pbccb01,c_denom_inv_pbccb01,ADD
c_denom_inv_pxi_x100,c_denom_inv_pbccb10,c_denom_inv_pbccb10,ADD
c_denom_inv_pxi_x110,c_denom_inv_pbccb11,c_denom_inv_pbccb11,ADD
c_denom_inv_pxi_y1_0,c_denom_inv_pbccb10,c_denom_inv_pbccb11,SUB
c_denom_inv_pxi_y1_1,c_denom_inv_pbccb11,c_denom_inv_pbccb10,ADD
c_denom_inv_pxi00,c_denom_inv_pxi_x000,c_denom_inv_pxi_y1_0,ADD
c_denom_inv_pxi01,c_denom_inv_pxi_x010,c_denom_inv_pxi_y1_1,ADD
c_denom_inv_pxi10,c_denom_inv_pxi_x100,c_denom_inv_pbccb00,ADD
c_denom_inv_pxi11,c_denom_inv_pxi_x110,c_denom_inv_pbccb01,ADD
c_denom_inv_paa_t0_t0,c_denom_inv_pa00,c_denom000,MUL
c_denom_inv_paa_t0_t1,c_denom_inv_pa01,c_denom001,MUL
c_denom_inv_paa_t0_t2,c_denom_inv_pa00,c_denom_inv_pa01,ADD
c_denom_inv_paa_t0_t3,c_denom000,c_denom001,ADD
c_denom_inv_paa_t0_t4,c_denom_inv_paa_t0_t2,c_denom_inv_paa_t0_t3,MUL
c_denom_inv_paa_t00,c_denom_inv_paa_t0_t0,c_denom_inv_paa_t0_t1,SUB
c_denom_inv_paa_t0_t5,c_denom_inv_paa_t0_t0,c_denom_inv_paa_t0_t1,ADD
c_denom_inv_paa_t01,c_denom_inv_paa_t0_t4,c_denom_inv_paa_t0_t5,SUB
c_denom_inv_paa_t1_t0,c_denom_inv_pa10,c_denom010,MUL
c_denom_inv_paa_t1_t1,c_denom_inv_pa11,c_denom011,MUL
c_denom_inv_paa_t1_t2,c_denom_inv_pa10,c_denom_inv_pa11,ADD
c_denom_inv_paa_t1_t3,c_denom010,c_denom011,ADD
c_denom_inv_paa_t1_t4,c_denom_inv_paa_t1_t2,c_denom_inv_paa_t1_t3,MUL
c_denom_inv_paa_t10,c_denom_inv_paa_t1_t0,c_denom_inv_paa_t1_t1,SUB
c_denom_inv_paa_t1_t5,c_denom_inv_paa_t1_t0,c_denom_inv_paa_t1_t1,ADD
c_denom_inv_paa_t11,c_denom_inv_paa_t1_t4,c_denom_inv_paa_t1_t5,SUB
c_denom_inv_paa_t20,c_denom_inv_pa00,c_denom_inv_pa10,ADD
c_denom_inv_paa_t21,c_denom_inv_pa01,c_denom_inv_pa11,ADD
c_denom_inv_paa_t30,c_denom000,c_denom010,ADD
c_denom_inv_paa_t31,c_denom001,c_denom011,ADD
c_denom_inv_paa_t4_t0,c_denom_inv_paa_t20,c_denom_inv_paa_t30,MUL
c_denom_inv_paa_t4_t1,c_denom_inv_paa_t21,c_denom_inv_paa_t31,MUL
c_denom_inv_paa_t4_t2,c_denom_inv_paa_t20,c_denom_inv_paa_t21,ADD
c_denom_inv_paa_t4_t3,c_denom_inv_paa_t30,c_denom_inv_paa_t31,ADD
c_denom_inv_paa_t4_t4,c_denom_inv_paa_t4_t2,c_denom_inv_paa_t4_t3,MUL
c_denom_inv_paa_t40,c_denom_inv_paa_t4_t0,c_denom_inv_paa_t4_t1,SUB
c_denom_inv_paa_t4_t5,c_denom_inv_paa_t4_t0,c_denom_inv_paa_t4_t1,ADD
c_denom_inv_paa_t41,c_denom_inv_paa_t4_t4,c_denom_inv_paa_t4_t5,SUB
c_denom_inv_paa_s00,c_denom_inv_paa_t10,c_denom_inv_paa_t11,SUB
c_denom_inv_paa_s01,c_denom_inv_paa_t11,c_denom_inv_paa_t10,ADD
c_denom_inv_paa00,c_denom_inv_paa_t00,c_denom_inv_paa_s00,ADD
c_denom_inv_paa01,c_denom_inv_paa_t01,c_denom_inv_paa_s01,ADD
c_denom_inv_paa_t50,c_denom_inv_paa_t00,c_denom_inv_paa_t10,ADD
c_denom_inv_paa_t51,c_denom_inv_paa_t01,c_denom_inv_paa_t11,ADD
c_denom_inv_paa10,c_denom_inv_paa_t40,c_denom_inv_paa_t50,SUB
c_denom_inv_paa11,c_denom_inv_paa_t41,c_denom_inv_paa_t51,SUB
c_denom_inv_q00,c_denom_inv_pxi00,c_denom_inv_paa00,ADD
c_denom_inv_q01,c_denom_inv_pxi01,c_denom_inv_paa01,ADD
c_denom_inv_q10,c_denom_inv_pxi10,c_denom_inv_paa10,ADD
c_denom_inv_q11,c_denom_inv_pxi11,c_denom_inv_paa11,ADD
c_denom_inv_qinv_aa_t0,c_denom_inv_q00,c_denom_inv_q00,MUL
c_denom_inv_qinv_aa_t1,c_denom_inv_q01,c_denom_inv_q01,MUL
c_denom_inv_qinv_aa_t2,c_denom_inv_q00,c_denom_inv_q01,ADD
c_denom_inv_qinv_aa_t3,c_denom_inv_q00,c_denom_inv_q01,ADD
c_denom_inv_qinv_aa_t4,c_denom_inv_qinv_aa_t2,c_denom_inv_qinv_aa_t3,MUL
c_denom_inv_qinv_aa0,c_denom_inv_qinv_aa_t0,c_denom_inv_qinv_aa_t1,SUB
c_denom_inv_qinv_aa_t5,c_denom_inv_qinv_aa_t0,c_denom_inv_qinv_aa_t1,ADD
c_denom_inv_qinv_aa1,c_denom_inv_qinv_aa_t4,c_denom_inv_qinv_aa_t5,SUB
c_denom_inv_qinv_bb_t0,c_denom_inv_q10,c_denom_inv_q10,MUL
c_denom_inv_qinv_bb_t1,c_denom_inv_q11,c_denom_inv_q11,MUL
c_denom_inv_qinv_bb_t2,c_denom_inv_q10,c_denom_inv_q11,ADD
c_denom_inv_qinv_bb_t3,c_denom_inv_q10,c_denom_inv_q11,ADD
c_denom_inv_qinv_bb_t4,c_denom_inv_qinv_bb_t2,c_denom_inv_qinv_bb_t3,MUL
c_denom_inv_qinv_bb0,c_denom_inv_qinv_bb_t0,c_denom_inv_qinv_bb_t1,SUB
c_denom_inv_qinv_bb_t5,c_denom_inv_qinv_bb_t0,c_denom_inv_qinv_bb_t1,ADD
c_denom_inv_qinv_bb1,c_denom_inv_qinv_bb_t4,c_denom_inv_qinv_bb_t5,SUB
c_denom_inv_qinv_bbxi0,c_denom_inv_qinv_bb0,c_denom_inv_qinv_bb1,SUB
c_denom_inv_qinv_bbxi1,c_denom_inv_qinv_bb1,c_denom_inv_qinv_bb0,ADD
c_denom_inv_qinv_denom0,c_denom_inv_qinv_aa0,c_denom_inv_qinv_bbxi0,SUB
c_denom_inv_qinv_denom1,c_denom_inv_qinv_aa1,c_denom_inv_qinv_bbxi1,SUB
c_denom_inv_qinv_denom_inv_aa,c_denom_inv_qinv_denom0,c_denom_inv_qinv_denom0,MUL
c_denom_inv_qinv_denom_inv_bb,c_denom_inv_qinv_denom1,c_denom_inv_qinv_denom1,MUL
c_denom_inv_qinv_denom_inv_denom,c_denom_inv_qinv_denom_inv_aa,c_denom_inv_qinv_denom_inv_bb,ADD
c_denom_inv_qinv_denom_inv_denom_inv,c_denom_inv_qinv_denom_inv_denom,c_denom_inv_qinv_denom_inv_denom,INV
c_denom_inv_qinv_denom_inv0,c_denom_inv_qinv_denom0,c_denom_inv_qinv_denom_inv_denom_inv,MUL
c_denom_inv_qinv_denom_inv1_,c_denom_inv_qinv_denom1,c_denom_inv_qinv_denom_inv_denom_inv,MUL
c_denom_inv_qinv0_t0,c_denom_inv_q00,c_denom_inv_qinv_denom_inv0,MUL
c_denom_inv_qinv0_t1,c_denom_inv_q01,c_denom_inv_qinv_denom_inv1_,MUL
c_denom_inv_qinv0_t2,c_denom_inv_q00,c_denom_inv_q01,ADD
c_denom_inv_qinv0_t3,c_denom_inv_qinv_denom_inv0,c_denom_inv_qinv_denom_inv1_,SUB
c_denom_inv_qinv0_t4,c_denom_inv_qinv0_t2,c_denom_inv_qinv0_t3,MUL
c_denom_inv_qinv00,c_denom_inv_qinv0_t0,c_denom_inv_qinv0_t1,ADD
c_denom_inv_qinv0_t5,c_denom_inv_qinv0_t0,c_denom_inv_qinv0_t1,SUB
c_denom_inv_qinv01,c_denom_inv_qinv0_t4,c_denom_inv_qinv0_t5,SUB
c_denom_inv_qinv1__t0,c_denom_inv_q10,c_denom_inv_qinv_denom_inv0,MUL
c_denom_inv_qinv1__t1,c_denom_inv_q11,c_denom_inv_qinv_denom_inv1_,MUL
c_denom_inv_qinv1__t2,c_denom_inv_q10,c_denom_inv_q11,ADD
c_denom_inv_qinv1__t3,c_denom_inv_qinv_denom_inv0,c_denom_inv_qinv_denom_inv1_,SUB
c_denom_inv_qinv1__t4,c_denom_inv_qinv1__t2,c_denom_inv_qinv1__t3,MUL
c_denom_inv_qinv1_0,c_denom_inv_qinv1__t0,c_denom_inv_qinv1__t1,ADD
c_denom_inv_qinv1__t5,c_denom_inv_qinv1__t0,c_denom_inv_qinv1__t1,SUB
c_denom_inv_qinv1_1,c_denom_inv_qinv1__t4,c_denom_inv_qinv1__t5,SUB
c_denom_inv0_t0_t0,c_denom_inv_pa00,c_denom_inv_qinv00,MUL
c_denom_inv0_t0_t1,c_denom_inv_pa01,c_denom_inv_qinv01,MUL
c_denom_inv0_t0_t2,c_denom_inv_pa00,c_denom_inv_pa01,ADD
c_denom_inv0_t0_t3,c_denom_inv_qinv00,c_denom_inv_qinv01,ADD
c_denom_inv0_t0_t4,c_denom_inv0_t0_t2,c_denom_inv0_t0_t3,MUL
c_denom_inv0_t00,c_denom_inv0_t0_t0,c_denom_inv0_t0_t1,SUB
c_denom_inv0_t0_t5,c_denom_inv0_t0_t0,c_denom_inv0_t0_t1,ADD
c_denom_inv0_t01,c_denom_inv0_t0_t4,c_denom_inv0_t0_t5,SUB
c_denom_inv0_t1_t0,c_denom_inv_pa10,c_denom_inv_qinv1_0,MUL
c_denom_inv0_t1_t1,c_denom_inv_pa11,c_denom_inv_qinv1_1,MUL
c_denom_inv0_t1_t2,c_denom_inv_pa10,c_denom_inv_pa11,ADD
c_denom_inv0_t1_t3,c_denom_inv_qinv1_0,c_denom_inv_qinv1_1,ADD
c_denom_inv0_t1_t4,c_denom_inv0_t1_t2,c_denom_inv0_t1_t3,MUL
c_denom_inv0_t10,c_denom_inv0_t1_t1,c_denom_inv0_t1_t0,SUB
c_denom_inv0_t1_t5,c_denom_inv0_t1_t0,c_denom_inv0_t1_t1,ADD
c_denom_inv0_t11,c_denom_inv0_t1_t4,c_denom_inv0_t1_t5,SUB
c_denom_inv0_t20,c_denom_inv_pa00,c_denom_inv_pa10,ADD
c_denom_inv0_t21,c_denom_inv_pa01,c_denom_inv_pa11,ADD
c_denom_inv0_t30,c_denom_inv_qinv00,c_denom_inv_qinv1_0,SUB
c_denom_inv0_t31,c_denom_inv_qinv01,c_denom_inv_qinv1_1,SUB
c_denom_inv0_t4_t0,c_denom_inv0_t20,c_denom_inv0_t30,MUL
c_denom_inv0_t4_t1,c_denom_inv0_t21,c_denom_inv0_t31,MUL
c_denom_inv0_t4_t2,c_denom_inv0_t20,c_denom_inv0_t21,ADD
c_denom_inv0_t4_t3,c_denom_inv0_t30,c_denom_inv0_t31,ADD
c_denom_inv0_t4_t4,c_denom_inv0_t4_t2,c_denom_inv0_t4_t3,MUL
c_denom_inv0_t40,c_denom_inv0_t4_t0,c_denom_inv0_t4_t1,SUB
c_denom_inv0_t4_t5,c_denom_inv0_t4_t0,c_denom_inv0_t4_t1,ADD
c_denom_inv0_t41,c_denom_inv0_t4_t4,c_denom_inv0_t4_t5,SUB
c_denom_inv0_s00,c_denom_inv0_t10,c_denom_inv0_t11,ADD
c_denom_inv0_s01,c_denom_inv0_t10,c_denom_inv0_t11,SUB
c_denom_inv000,c_denom_inv0_t00,c_denom_inv0_s00,ADD
c_denom_inv001,c_denom_inv0_t01,c_denom_inv0_s01,ADD
c_denom_inv0_t50,c_denom_inv0_t00,c_denom_inv0_t10,ADD
c_denom_inv0_t51,c_denom_inv0_t01,c_denom_inv0_t11,SUB
c_denom_inv010,c_denom_inv0_t40,c_denom_inv0_t50,SUB
c_denom_inv011,c_denom_inv0_t41,c_denom_inv0_t51,SUB
c_denom_inv1_t0_t0,c_denom_inv_pb00,c_denom_inv_qinv00,MUL
c_denom_inv1_t0_t1,c_denom_inv_pb01,c_denom_inv_qinv01,MUL
c_denom_inv1_t0_t2,c_denom_inv_pb00,c_denom_inv_pb01,ADD
c_denom_inv1_t0_t3,c_denom_inv_qinv00,c_denom_inv_qinv01,ADD
c_denom_inv1_t0_t4,c_denom_inv1_t0_t2,c_denom_inv1_t0_t3,MUL
c_denom_inv1_t00,c_denom_inv1_t0_t0,c_denom_inv1_t0_t1,SUB
c_denom_inv1_t0_t5,c_denom_inv1_t0_t0,c_denom_inv1_t0_t1,ADD
c_denom_inv1_t01,c_denom_inv1_t0_t4,c_denom_inv1_t0_t5,SUB
c_denom_inv1_t1_t0,c_denom_inv_pb10,c_denom_inv_qinv1_0,MUL
c_denom_inv1_t1_t1,c_denom_inv_pb11,c_denom_inv_qinv1_1,MUL
c_denom_inv1_t1_t2,c_denom_inv_pb10,c_denom_inv_pb11,ADD
c_denom_inv1_t1_t3,c_denom_inv_qinv1_0,c_denom_inv_qinv1_1,ADD
c_denom_inv1_t1_t4,c_denom_inv1_t1_t2,c_denom_inv1_t1_t3,MUL
c_denom_inv1_t10,c_denom_inv1_t1_t1,c_denom_inv1_t1_t0,SUB
c_denom_inv1_t1_t5,c_denom_inv1_t1_t0,c_denom_inv1_t1_t1,ADD
c_denom_inv1_t11,c_denom_inv1_t1_t4,c_denom_inv1_t1_t5,SUB
c_denom_inv1_t20,c_denom_inv_pb00,c_denom_inv_pb10,ADD
c_denom_inv1_t21,c_denom_inv_pb01,c_denom_inv_pb11,ADD
c_denom_inv1_t30,c_denom_inv_qinv00,c_denom_inv_qinv1_0,SUB
c_denom_inv1_t31,c_denom_inv_qinv01,c_denom_inv_qinv1_1,SUB
c_denom_inv1_t4_t0,c_denom_inv1_t20,c_denom_inv1_t30,MUL
c_denom_inv1_t4_t1,c_denom_inv1_t21,c_denom_inv1_t31,MUL
c_denom_inv1_t4_t2,c_denom_inv1_t20,c_denom_inv1_t21,ADD
c_denom_inv1_t4_t3,c_denom_inv1_t30,c_denom_inv1_t31,ADD
c_denom_inv1_t4_t4,c_denom_inv1_t4_t2,c_denom_inv1_t4_t3,MUL
c_denom_inv1_t40,c_denom_inv1_t4_t0,c_denom_inv1_t4_t1,SUB
c_denom_inv1_t4_t5,c_denom_inv1_t4_t0,c_denom_inv1_t4_t1,ADD
c_denom_inv1_t41,c_denom_inv1_t4_t4,c_denom_inv1_t4_t5,SUB
c_denom_inv1_s00,c_denom_inv1_t10,c_denom_inv1_t11,ADD
c_denom_inv1_s01,c_denom_inv1_t10,c_denom_inv1_t11,SUB
c_denom_inv100,c_denom_inv1_t00,c_denom_inv1_s00,ADD
c_denom_inv101,c_denom_inv1_t01,c_denom_inv1_s01,ADD
c_denom_inv1_t50,c_denom_inv1_t00,c_denom_inv1_t10,ADD
c_denom_inv1_t51,c_denom_inv1_t01,c_denom_inv1_t11,SUB
c_denom_inv110,c_denom_inv1_t40,c_denom_inv1_t50,SUB
c_denom_inv111,c_denom_inv1_t41,c_denom_inv1_t51,SUB
c_denom_inv2_t0_t0,c_denom_inv_pc00,c_denom_inv_qinv00,MUL
c_denom_inv2_t0_t1,c_denom_inv_pc01,c_denom_inv_qinv01,MUL
c_denom_inv2_t0_t2,c_denom_inv_pc00,c_denom_inv_pc01,ADD
c_denom_inv2_t0_t3,c_denom_inv_qinv00,c_denom_inv_qinv01,ADD
c_denom_inv2_t0_t4,c_denom_inv2_t0_t2,c_denom_inv2_t0_t3,MUL
c_denom_inv2_t00,c_denom_inv2_t0_t0,c_denom_inv2_t0_t1,SUB
c_denom_inv2_t0_t5,c_denom_inv2_t0_t0,c_denom_inv2_t0_t1,ADD
c_denom_inv2_t01,c_denom_inv2_t0_t4,c_denom_inv2_t0_t5,SUB
c_denom_inv2_t1_t0,c_denom_inv_pc10,c_denom_inv_qinv1_0,MUL
c_denom_inv2_t1_t1,c_denom_inv_pc11,c_denom_inv_qinv1_1,MUL
c_denom_inv2_t1_t2,c_denom_inv_pc10,c_denom_inv_pc11,ADD
c_denom_inv2_t1_t3,c_denom_inv_qinv1_0,c_denom_inv_qinv1_1,ADD
c_denom_inv2_t1_t4,c_denom_inv2_t1_t2,c_denom_inv2_t1_t3,MUL
c_denom_inv2_t10,c_denom_inv2_t1_t1,c_denom_inv2_t1_t0,SUB
c_denom_inv2_t1_t5,c_denom_inv2_t1_t0,c_denom_inv2_t1_t1,ADD
c_denom_inv2_t11,c_denom_inv2_t1_t4,c_denom_inv2_t1_t5,SUB
c_denom_inv2_t20,c_denom_inv_pc00,c_denom_inv_pc10,ADD
c_denom_inv2_t21,c_denom_inv_pc01,c_denom_inv_pc11,ADD
c_denom_inv2_t30,c_denom_inv_qinv00,c_denom_inv_qinv1_0,SUB
c_denom_inv2_t31,c_denom_inv_qinv01,c_denom_inv_qinv1_1,SUB
c_denom_inv2_t4_t0,c_denom_inv2_t20,c_denom_inv2_t30,MUL
c_denom_inv2_t4_t1,c_denom_inv2_t21,c_denom_inv2_t31,MUL
c_denom_inv2_t4_t2,c_denom_inv2_t20,c_denom_inv2_t21,ADD
c_denom_inv2_t4_t3,c_denom_inv2_t30,c_denom_inv2_t31,ADD
c_denom_inv2_t4_t4,c_denom_inv2_t4_t2,c_denom_inv2_t4_t3,MUL
c_denom_inv2_t40,c_denom_inv2_t4_t0,c_denom_inv2_t4_t1,SUB
c_denom_inv2_t4_t5,c_denom_inv2_t4_t0,c_denom_inv2_t4_t1,ADD
c_denom_inv2_t41,c_denom_inv2_t4_t4,c_denom_inv2_t4_t5,SUB
c_denom_inv2_s00,c_denom_inv2_t10,c_denom_inv2_t11,ADD
c_denom_inv2_s01,c_denom_inv2_t10,c_denom_inv2_t11,SUB
c_denom_inv200,c_denom_inv2_t00,c_denom_inv2_s00,ADD
c_denom_inv201,c_denom_inv2_t01,c_denom_inv2_s01,ADD
c_denom_inv2_t50,c_denom_inv2_t00,c_denom_inv2_t10,ADD
c_denom_inv2_t51,c_denom_inv2_t01,c_denom_inv2_t11,SUB
c_denom_inv210,c_denom_inv2_t40,c_denom_inv2_t50,SUB
c_denom_inv211,c_denom_inv2_t41,c_denom_inv2_t51,SUB
c0_t0_t0_t0,a0000,c_denom_inv000,MUL
c0_t0_t0_t1,a0001,c_denom_inv001,MUL
c0_t0_t0_t2,a0000,a0001,ADD
c0_t0_t0_t3,c_denom_inv000,c_denom_inv001,ADD
c0_t0_t0_t4,c0_t0_t0_t2,c0_t0_t0_t3,MUL
c0_t0_t00,c0_t0_t0_t0,c0_t0_t0_t1,SUB
c0_t0_t0_t5,c0_t0_t0_t0,c0_t0_t0_t1,ADD
c0_t0_t01,c0_t0_t0_t4,c0_t0_t0_t5,SUB
c0_t0_t1_t0,a0010,c_denom_inv010,MUL
c0_t0_t1_t1,a0011,c_denom_inv011,MUL
c0_t0_t1_t2,a0010,a0011,ADD
c0_t0_t1_t3,c_denom_inv010,c_denom_inv011,ADD
c0_t0_t1_t4,c0_t0_t1_t2,c0_t0_t1_t3,MUL
c0_t0_t10,c0_t0_t1_t0,c0_t0_t1_t1,SUB
c0_t0_t1_t5,c0_t0_t1_t0,c0_t0_t1_t1,ADD
c0_t0_t11,c0_t0_t1_t4,c0_t0_t1_t5,SUB
c0_t0_t20,a0000,a0010,ADD
c0_t0_t21,a0001,a0011,ADD
c0_t0_t30,c_denom_inv000,c_denom_inv010,ADD
c0_t0_t31,c_denom_inv001,c_denom_inv011,ADD
c0_t0_t4_t0,c0_t0_t20,c0_t0_t30,MUL
c0_t0_t4_t1,c0_t0_t21,c0_t0_t31,MUL
c0_t0_t4_t2,c0_t0_t20,c0_t0_t21,ADD
c0_t0_t4_t3,c0_t0_t30,c0_t0_t31,ADD
c0_t0_t4_t4,c0_t0_t4_t2,c0_t0_t4_t3,MUL
c0_t0_t40,c0_t0_t4_t0,c0_t0_t4_t1,SUB
c0_t0_t4_t5,c0_t0_t4_t0,c0_t0_t4_t1,ADD
c0_t0_t41,c0_t0_t4_t4,c0_t0_t4_t5,SUB
c0_t0_s00,c0_t0_t10,c0_t0_t11,SUB
c0_t0_s01,c0_t0_t11,c0_t0_t10,ADD
c0_t000,c0_t0_t00,c0_t0_s00,ADD
c0_t001,c0_t0_t01,c0_t0_s01,ADD
c0_t0_t50,c0_t0_t00,c0_t0_t10,ADD
c0_t0_t51,c0_t0_t01,c0_t0_t11,ADD
c0_t010,c0_t0_t40,c0_t0_t50,SUB
c0_t011,c0_t0_t41,c0_t0_t51,SUB
c0_t1_t0_t0,a0100,c_denom_inv100,MUL
c0_t1_t0_t1,a0101,c_denom_inv101,MUL
c0_t1_t0_t2,a0100,a0101,ADD
c0_t1_t0_t3,c_denom_inv100,c_denom_inv101,ADD
c0_t1_t0_t4,c0_t1_t0_t2,c0_t1_t0_t3,MUL
c0_t1_t00,c0_t1_t0_t0,c0_t1_t0_t1,SUB
c0_t1_t0_t5,c0_t1_t0_t0,c0_t1_t0_t1,ADD
c0_t1_t01,c0_t1_t0_t4,c0_t1_t0_t5,SUB
c0_t1_t1_t0,a0110,c_denom_inv110,MUL
c0_t1_t1_t1,a0111,c_denom_inv111,MUL
c0_t1_t1_t2,a0110,a0111,ADD
c0_t1_t1_t3,c_denom_inv110,c_denom_inv111,ADD
c0_t1_t1_t4,c0_t1_t1_t2,c0_t1_t1_t3,MUL
c0_t1_t10,c0_t1_t1_t0,c0_t1_t1_t1,SUB
c0_t1_t1_t5,c0_t1_t1_t0,c0_t1_t1_t1,ADD
c0_t1_t11,c0_t1_t1_t4,c0_t1_t1_t5,SUB
c0_t1_t20,a0100,a0110,ADD
c0_t1_t21,a0101,a0111,ADD
c0_t1_t30,c_denom_inv100,c_denom_inv110,ADD
c0_t1_t31,c_denom_inv101,c_denom_inv111,ADD
c0_t1_t4_t0,c0_t1_t20,c0_t1_t30,MUL
c0_t1_t4_t1,c0_t1_t21,c0_t1_t31,MUL
c0_t1_t4_t2,c0_t1_t20,c0_t1_t21,ADD
c0_t1_t4_t3,c0_t1_t30,c0_t1_t31,ADD
c0_t1_t4_t4,c0_t1_t4_t2,c0_t1_t4_t3,MUL
c0_t1_t40,c0_t1_t4_t0,c0_t1_t4_t1,SUB
c0_t1_t4_t5,c0_t1_t4_t0,c0_t1_t4_t1,ADD
c0_t1_t41,c0_t1_t4_t4,c0_t1_t4_t5,SUB
c0_t1_s00,c0_t1_t10,c0_t1_t11,SUB
c0_t1_s01,c0_t1_t11,c0_t1_t10,ADD
c0_t100,c0_t1_t00,c0_t1_s00,ADD
c0_t101,c0_t1_t01,c0_t1_s01,ADD
c0_t1_t50,c0_t1_t00,c0_t1_t10,ADD
c0_t1_t51,c0_t1_t01,c0_t1_t11,ADD
c0_t110,c0_t1_t40,c0_t1_t50,SUB
c0_t111,c0_t1_t41,c0_t1_t51,SUB
c0_t2_t0_t0,a0200,c_denom_inv200,MUL
c0_t2_t0_t1,a0201,c_denom_inv201,MUL
c0_t2_t0_t2,a0200,a0201,ADD
c0_t2_t0_t3,c_denom_inv200,c_denom_inv201,ADD
c0_t2_t0_t4,c0_t2_t0_t2,c0_t2_t0_t3,MUL
c0_t2_t00,c0_t2_t0_t0,c0_t2_t0_t1,SUB
c0_t2_t0_t5,c0_t2_t0_t0,c0_t2_t0_t1,ADD
c0_t2_t01,c0_t2_t0_t4,c0_t2_t0_t5,SUB
c0_t2_t1_t0,a0210,c_denom_inv210,MUL
c0_t2_t1_t1,a0211,c_denom_inv211,MUL
c0_t2_t1_t2,a0210,a0211,ADD
c0_t2_t1_t3,c_denom_inv210,c_denom_inv211,ADD
c0_t2_t1_t4,c0_t2_t1_t2,c0_t2_t1_t3,MUL
c0_t2_t10,c0_t2_t1_t0,c0_t2_t1_t1,SUB
c0_t2_t1_t5,c0_t2_t1_t0,c0_t2_t1_t1,ADD
c0_t2_t11,c0_t2_t1_t4,c0_t2_t1_t5,SUB
c0_t2_t20,a0200,a0210,ADD
c0_t2_t21,a0201,a0211,ADD
c0_t2_t30,c_denom_inv200,c_denom_inv210,ADD
c0_t2_t31,c_denom_inv201,c_denom_inv211,ADD
c0_t2_t4_t0,c0_t2_t20,c0_t2_t30,MUL
c0_t2_t4_t1,c0_t2_t21,c0_t2_t31,MUL
c0_t2_t4_t2,c0_t2_t20,c0_t2_t21,ADD
c0_t2_t4_t3,c0_t2_t30,c0_t2_t31,ADD
c0_t2_t4_t4,c0_t2_t4_t2,c0_t2_t4_t3,MUL
c0_t2_t40,c0_t2_t4_t0,c0_t2_t4_t1,SUB
c0_t2_t4_t5,c0_t2_t4_t0,c0_t2_t4_t1,ADD
c0_t2_t41,c0_t2_t4_t4,c0_t2_t4_t5,SUB
c0_t2_s00,c0_t2_t10,c0_t2_t11,SUB
c0_t2_s01,c0_t2_t11,c0_t2_t10,ADD
c0_t200,c0_t2_t00,c0_t2_s00,ADD
c0_t201,c0_t2_t01,c0_t2_s01,ADD
c0_t2_t50,c0_t2_t00,c0_t2_t10,ADD
c0_t2_t51,c0_t2_t01,c0_t2_t11,ADD
c0_t210,c0_t2_t40,c0_t2_t50,SUB
c0_t211,c0_t2_t41,c0_t2_t51,SUB
c0_t3000,a0000,a0100,ADD
c0_t3001,a0001,a0101,ADD
c0_t3010,a0010,a0110,ADD
c0_t3011,a0011,a0111,ADD
c0_t3100,c_denom_inv000,c_denom_inv100,ADD
c0_t3101,c_denom_inv001,c_denom_inv101,ADD
c0_t3110,c_denom_inv010,c_denom_inv110,ADD
c0_t3111,c_denom_inv011,c_denom_inv111,ADD
c0_t3_t0_t0,c0_t3000,c0_t3100,MUL
c0_t3_t0_t1,c0_t3001,c0_t3101,MUL
c0_t3_t0_t2,c0_t3000,c0_t3001,ADD
c0_t3_t0_t3,c0_t3100,c0_t3101,ADD
c0_t3_t0_t4,c0_t3_t0_t2,c0_t3_t0_t3,MUL
c0_t3_t00,c0_t3_t0_t0,c0_t3_t0_t1,SUB
c0_t3_t0_t5,c0_t3_t0_t0,c0_t3_t0_t1,ADD
c0_t3_t01,c0_t3_t0_t4,c0_t3_t0_t5,SUB
c0_t3_t1_t0,c0_t3010,c0_t3110,MUL
c0_t3_t1_t1,c0_t3011,c0_t3111,MUL
c0_t3_t1_t2,c0_t3010,c0_t3011,ADD
c0_t3_t1_t3,c0_t3110,c0_t3111,ADD
c0_t3_t1_t4,c0_t3_t1_t2,c0_t3_t1_t3,MUL
c0_t3_t10,c0_t3_t1_t0,c0_t3_t1_t1,SUB
c0_t3_t1_t5,c0_t3_t1_t0,c0_t3_t1_t1,ADD
c0_t3_t11,c0_t3_t1_t4,c0_t3_t1_t5,SUB
c0_t3_t20,c0_t3000,c0_t3010,ADD
c0_t3_t21,c0_t3001,c0_t3011,ADD
c0_t3_t30,c0_t3100,c0_t3110,ADD
c0_t3_t31,c0_t3101,c0_t3111,ADD
c0_t3_t4_t0,c0_t3_t20,c0_t3_t30,MUL
c0_t3_t4_t1,c0_t3_t21,c0_t3_t31,MUL
c0_t3_t4_t2,c0_t3_t20,c0_t3_t21,ADD
c0_t3_t4_t3,c0_t3_t30,c0_t3_t31,ADD
c0_t3_t4_t4,c0_t3_t4_t2,c0_t3_t4_t3,MUL
c0_t3_t40,c0_t3_t4_t0,c0_t3_t4_t1,SUB
c0_t3_t4_t5,c0_t3_t4_t0,c0_t3_t4_t1,ADD
c0_t3_t41,c0_t3_t4_t4,c0_t3_t4_t5,SUB
c0_t3_s00,c0_t3_t10,c0_t3_t11,SUB
c0_t3_s01,c0_t3_t11,c0_t3_t10,ADD
c0_t300,c0_t3_t00,c0_t3_s00,ADD
c0_t301,c0_t3_t01,c0_t3_s01,ADD
c0_t3_t50,c0_t3_t00,c0_t3_t10,ADD
c0_t3_t51,c0_t3_t01,c0_t3_t11,ADD
c0_t310,c0_t3_t40,c0_t3_t50,SUB
c0_t311,c0_t3_t41,c0_t3_t51,SUB
c0_t4000,a0100,a0200,ADD
c0_t4001,a0101,a0201,ADD
c0_t4010,a0110,a0210,ADD
c0_t4011,a0111,a0211,ADD
c0_t4100,c_denom_inv100,c_denom_inv200,ADD
c0_t4101,c_denom_inv101,c_denom_inv201,ADD
c0_t4110,c_denom_inv110,c_denom_inv210,ADD
c0_t4111,c_denom_inv111,c_denom_inv211,ADD
c0_t4_t0_t0,c0_t4000,c0_t4100,MUL
c0_t4_t0_t1,c0_t4001,c0_t4101,MUL
c0_t4_t0_t2,c0_t4000,c0_t4001,ADD
c0_t4_t0_t3,c0_t4100,c0_t4101,ADD
c0_t4_t0_t4,c0_t4_t0_t2,c0_t4_t0_t3,MUL
c0_t4_t00,c0_t4_t0_t0,c0_t4_t0_t1,SUB
c0_t4_t0_t5,c0_t4_t0_t0,c0_t4_t0_t1,ADD
c0_t4_t01,c0_t4_t0_t4,c0_t4_t0_t5,SUB
c0_t4_t1_t0,c0_t4010,c0_t4110,MUL
c0_t4_t1_t1,c0_t4011,c0_t4111,MUL
c0_t4_t1_t2,c0_t4010,c0_t4011,ADD
c0_t4_t1_t3,c0_t4110,c0_t4111,ADD
c0_t4_t1_t4,c0_t4_t1_t2,c0_t4_t1_t3,MUL
c0_t4_t10,c0_t4_t1_t0,c0_t4_t1_t1,SUB
c0_t4_t1_t5,c0_t4_t1_t0,c0_t4_t1_t1,ADD
c0_t4_t11,c0_t4_t1_t4,c0_t4_t1_t5,SUB
c0_t4_t20,c0_t4000,c0_t4010,ADD
c0_t4_t21,c0_t4001,c0_t4011,ADD
c0_t4_t30,c0_t4100,c0_t4110,ADD
c0_t4_t31,c0_t4101,c0_t4111,ADD
c0_t4_t4_t0,c0_t4_t20,c0_t4_t30,MUL
c0_t4_t4_t1,c0_t4_t21,c0_t4_t31,MUL
c0_t4_t4_t2,c0_t4_t20,c0_t4_t21,ADD
c0_t4_t4_t3,c0_t4_t30,c0_t4_t31,ADD
c0_t4_t4_t4,c0_t4_t4_t2,c0_t4_t4_t3,MUL
c0_t4_t40,c0_t4_t4_t0,c0_t4_t4_t1,SUB
c0_t4_t4_t5,c0_t4_t4_t0,c0_t4_t4_t1,ADD
c0_t4_t41,c0_t4_t4_t4,c0_t4_t4_t5,SUB
c0_t4_s00,c0_t4_t10,c0_t4_t11,SUB
c0_t4_s01,c0_t4_t11,c0_t4_t10,ADD
c0_t400,c0_t4_t00,c0_t4_s00,ADD
c0_t401,c0_t4_t01,c0_t4_s01,ADD
c0_t4_t50,c0_t4_t00,c0_t4_t10,ADD
c0_t4_t51,c0_t4_t01,c0_t4_t11,ADD
c0_t410,c0_t4_t40,c0_t4_t50,SUB
c0_t411,c0_t4_t41,c0_t4_t51,SUB
c0_t5000,a0200,a0000,ADD
c0_t5001,a0201,a0001,ADD
c0_t5010,a0210,a0010,ADD
c0_t5011,a0211,a0011,ADD
c0_t5100,c_denom_inv200,c_denom_inv000,ADD
c0_t5101,c_denom_inv201,c_denom_inv001,ADD
c0_t5110,c_denom_inv210,c_denom_inv010,ADD
c0_t5111,c_denom_inv211,c_denom_inv011,ADD
c0_t5_t0_t0,c0_t5000,c0_t5100,MUL
c0_t5_t0_t1,c0_t5001,c0_t5101,MUL
c0_t5_t0_t2,c0_t5000,c0_t5001,ADD
c0_t5_t0_t3,c0_t5100,c0_t5101,ADD
c0_t5_t0_t4,c0_t5_t0_t2,c0_t5_t0_t3,MUL
c0_t5_t00,c0_t5_t0_t0,c0_t5_t0_t1,SUB
c0_t5_t0_t5,c0_t5_t0_t0,c0_t5_t0_t1,ADD
c0_t5_t01,c0_t5_t0_t4,c0_t5_t0_t5,SUB
c0_t5_t1_t0,c0_t5010,c0_t5110,MUL
c0_t5_t1_t1,c0_t5011,c0_t5111,MUL
c0_t5_t1_t2,c0_t5010,c0_t5011,ADD
c0_t5_t1_t3,c0_t5110,c0_t5111,ADD
c0_t5_t1_t4,c0_t5_t1_t2,c0_t5_t1_t3,MUL
c0_t5_t10,c0_t5_t1_t0,c0_t5_t1_t1,SUB
c0_t5_t1_t5,c0_t5_t1_t0,c0_t5_t1_t1,ADD
c0_t5_t11,c0_t5_t1_t4,c0_t5_t1_t5,SUB
c0_t5_t20,c0_t5000,c0_t5010,ADD
c0_t5_t21,c0_t5001,c0_t5011,ADD
c0_t5_t30,c0_t5100,c0_t5110,ADD
c0_t5_t31,c0_t5101,c0_t5111,ADD
c0_t5_t4_t0,c0_t5_t20,c0_t5_t30,MUL
c0_t5_t4_t1,c0_t5_t21,c0_t5_t31,MUL
c0_t5_t4_t2,c0_t5_t20,c0_t5_t21,ADD
c0_t5_t4_t3,c0_t5_t30,c0_t5_t31,ADD
c0_t5_t4_t4,c0_t5_t4_t2,c0_t5_t4_t3,MUL
c0_t5_t40,c0_t5_t4_t0,c0_t5_t4_t1,SUB
c0_t5_t4_t5,c0_t5_t4_t0,c0_t5_t4_t1,ADD
c0_t5_t41,c0_t5_t4_t4,c0_t5_t4_t5,SUB
c0_t5_s00,c0_t5_t10,c0_t5_t11,SUB
c0_t5_s01,c0_t5_t11,c0_t5_t10,ADD
c0_t500,c0_t5_t00,c0_t5_s00,ADD
c0_t501,c0_t5_t01,c0_t5_s01,ADD
c0_t5_t50,c0_t5_t00,c0_t5_t10,ADD
c0_t5_t51,c0_t5_t01,c0_t5_t11,ADD
c0_t510,c0_t5_t40,c0_t5_t50,SUB
c0_t511,c0_t5_t41,c0_t5_t51,SUB
c0_t6000,c0_t000,c0_t100,ADD
c0_t6001,c0_t001,c0_t101,ADD
c0_t6010,c0_t010,c0_t110,ADD
c0_t6011,c0_t011,c0_t111,ADD
c0_t600,c0_t300,c0_t6000,SUB
c0_t601,c0_t301,c0_t6001,SUB
c0_t610,c0_t310,c0_t6010,SUB
c0_t611,c0_t311,c0_t6011,SUB
c0_t9_x000,c0_t200,c0_t200,ADD
c0_t9_x010,c0_t201,c0_t201,ADD
c0_t9_x100,c0_t210,c0_t210,ADD
c0_t9_x110,c0_t211,c0_t211,ADD
c0_t9_y1_0,c0_t210,c0_t211,SUB
c0_t9_y1_1,c0_t211,c0_t210,ADD
c0_t900,c0_t9_x000,c0_t9_y1_0,ADD
c0_t901,c0_t9_x010,c0_t9_y1_1,ADD
c0_t910,c0_t9_x100,c0_t200,ADD
c0_t911,c0_t9_x110,c0_t201,ADD
c0100,c0_t600,c0_t900,ADD
c0101,c0_t601,c0_t901,ADD
c0110,c0_t610,c0_t910,ADD
c0111,c0_t611,c0_t911,ADD
c0_t7000,c0_t100,c0_t200,ADD
c0_t7001,c0_t101,c0_t201,ADD
c0_t7010,c0_t110,c0_t210,ADD
c0_t7011,c0_t111,c0_t211,ADD
c0_t7100,c0_t400,c0_t7000,SUB
c0_t7101,c0_t401,c0_t7001,SUB
c0_t7110,c0_t410,c0_t7010,SUB
c0_t7111,c0_t411,c0_t7011,SUB
c0_t7_x000,c0_t7100,c0_t7100,ADD
c0_t7_x010,c0_t7101,c0_t7101,ADD
c0_t7_x100,c0_t7110,c0_t7110,ADD
c0_t7_x110,c0_t7111,c0_t7111,ADD
c0_t7_y1_0,c0_t7110,c0_t7111,SUB
c0_t7_y1_1,c0_t7111,c0_t7110,ADD
c0_t700,c0_t7_x000,c0_t7_y1_0,ADD
c0_t701,c0_t7_x010,c0_t7_y1_1,ADD
c0_t710,c0_t7_x100,c0_t7100,ADD
c0_t711,c0_t7_x110,c0_t7101,ADD
c0000,c0_t000,c0_t700,ADD
c0001,c0_t001,c0_t701,ADD
c0010,c0_t010,c0_t710,ADD
c0011,c0_t011,c0_t711,ADD
c0_t8000,c0_t200,c0_t000,ADD
c0_t8001,c0_t201,c0_t001,ADD
c0_t8010,c0_t210,c0_t010,ADD
c0_t8011,c0_t211,c0_t011,ADD
c0_t800,c0_t500,c0_t8000,SUB
c0_t801,c0_t501,c0_t8001,SUB
c0_t810,c0_t510,c0_t8010,SUB
c0_t811,c0_t511,c0_t8011,SUB
c0200,c0_t800,c0_t100,ADD
c0201,c0_t801,c0_t101,ADD
c0210,c0_t810,c0_t110,ADD
c0211,c0_t811,c0_t111,ADD
c1__t0_t0_t0,a1000,c_denom_inv000,MUL
c1__t0_t0_t1,a1001,c_denom_inv001,MUL
c1__t0_t0_t2,a1000,a1001,ADD
c1__t0_t0_t3,c_denom_inv000,c_denom_inv001,ADD
c1__t0_t0_t4,c1__t0_t0_t2,c1__t0_t0_t3,MUL
c1__t0_t00,c1__t0_t0_t0,c1__t0_t0_t1,SUB
c1__t0_t0_t5,c1__t0_t0_t0,c1__t0_t0_t1,ADD
c1__t0_t01,c1__t0_t0_t4,c1__t0_t0_t5,SUB
c1__t0_t1_t0,a1010,c_denom_inv010,MUL
c1__t0_t1_t1,a1011,c_denom_inv011,MUL
c1__t0_t1_t2,a1010,a1011,ADD
c1__t0_t1_t3,c_denom_inv010,c_denom_inv011,ADD
c1__t0_t1_t4,c1__t0_t1_t2,c1__t0_t1_t3,MUL
c1__t0_t10,c1__t0_t1_t0,c1__t0_t1_t1,SUB
c1__t0_t1_t5,c1__t0_t1_t0,c1__t0_t1_t1,ADD
c1__t0_t11,c1__t0_t1_t4,c1__t0_t1_t5,SUB
c1__t0_t20,a1000,a1010,ADD
c1__t0_t21,a1001,a1011,ADD
c1__t0_t30,c_denom_inv000,c_denom_inv010,ADD
c1__t0_t31,c_denom_inv001,c_denom_inv011,ADD
c1__t0_t4_t0,c1__t0_t20,c1__t0_t30,MUL
c1__t0_t4_t1,c1__t0_t21,c1__t0_t31,MUL
c1__t0_t4_t2,c1__t0_t20,c1__t0_t21,ADD
c1__t0_t4_t3,c1__t0_t30,c1__t0_t31,ADD
c1__t0_t4_t4,c1__t0_t4_t2,c1__t0_t4_t3,MUL
c1__t0_t40,c1__t0_t4_t0,c1__t0_t4_t1,SUB
c1__t0_t4_t5,c1__t0_t4_t0,c1__t0_t4_t1,ADD
c1__t0_t41,c1__t0_t4_t4,c1__t0_t4_t5,SUB
c1__t0_s00,c1__t0_t10,c1__t0_t11,SUB
c1__t0_s01,c1__t0_t11,c1__t0_t10,ADD
c1__t000,c1__t0_t00,c1__t0_s00,ADD
c1__t001,c1__t0_t01,c1__t0_s01,ADD
c1__t0_t50,c1__t0_t00,c1__t0_t10,ADD
c1__t0_t51,c1__t0_t01,c1__t0_t11,ADD
c1__t010,c1__t0_t40,c1__t0_t50,SUB
c1__t011,c1__t0_t41,c1__t0_t51,SUB
c1__t1_t0_t0,a1100,c_denom_inv100,MUL
c1__t1_t0_t1,a1101,c_denom_inv101,MUL
c1__t1_t0_t2,a1100,a1101,ADD
c1__t1_t0_t3,c_denom_inv100,c_denom_inv101,ADD
c1__t1_t0_t4,c1__t1_t0_t2,c1__t1_t0_t3,MUL
c1__t1_t00,c1__t1_t0_t0,c1__t1_t0_t1,SUB
c1__t1_t0_t5,c1__t1_t0_t0,c1__t1_t0_t1,ADD
c1__t1_t01,c1__t1_t0_t4,c1__t1_t0_t5,SUB
c1__t1_t1_t0,a1110,c_denom_inv110,MUL
c1__t1_t1_t1,a1111,c_denom_inv111,MUL
c1__t1_t1_t2,a1110,a1111,ADD
c1__t1_t1_t3,c_denom_inv110,c_denom_inv111,ADD
c1__t1_t1_t4,c1__t1_t1_t2,c1__t1_t1_t3,MUL
c1__t1_t10,c1__t1_t1_t0,c1__t1_t1_t1,SUB
c1__t1_t1_t5,c1__t1_t1_t0,c1__t1_t1_t1,ADD
c1__t1_t11,c1__t1_t1_t4,c1__t1_t1_t5,SUB
c1__t1_t20,a1100,a1110,ADD
c1__t1_t21,a1101,a1111,ADD
c1__t1_t30,c_denom_inv100,c_denom_inv110,ADD
c1__t1_t31,c_denom_inv101,c_denom_inv111,ADD
c1__t1_t4_t0,c1__t1_t20,c1__t1_t30,MUL
c1__t1_t4_t1,c1__t1_t21,c1__t1_t31,MUL
c1__t1_t4_t2,c1__t1_t20,c1__t1_t21,ADD
c1__t1_t4_t3,c1__t1_t30,c1__t1_t31,ADD
c1__t1_t4_t4,c1__t1_t4_t2,c1__t1_t4_t3,MUL
c1__t1_t40,c1__t1_t4_t0,c1__t1_t4_t1,SUB
c1__t1_t4_t5,c1__t1_t4_t0,c1__t1_t4_t1,ADD
c1__t1_t41,c1__t1_t4_t4,c1__t1_t4_t5,SUB
c1__t1_s00,c1__t1_t10,c1__t1_t11,SUB
c1__t1_s01,c1__t1_t11,c1__t1_t10,ADD
c1__t100,c1__t1_t00,c1__t1_s00,ADD
c1__t101,c1__t1_t01,c1__t1_s01,ADD
c1__t1_t50,c1__t1_t00,c1__t1_t10,ADD
c1__t1_t51,c1__t1_t01,c1__t1_t11,ADD
c1__t110,c1__t1_t40,c1__t1_t50,SUB
c1__t111,c1__t1_t41,c1__t1_t51,SUB
c1__t2_t0_t0,a1200,c_denom_inv200,MUL
c1__t2_t0_t1,a1201,c_denom_inv201,MUL
c1__t2_t0_t2,a1200,a1201,ADD
c1__t2_t0_t3,c_denom_inv200,c_denom_inv201,ADD
c1__t2_t0_t4,c1__t2_t0_t2,c1__t2_t0_t3,MUL
c1__t2_t00,c1__t2_t0_t0,c1__t2_t0_t1,SUB
c1__t2_t0_t5,c1__t2_t0_t0,c1__t2_t0_t1,ADD
c1__t2_t01,c1__t2_t0_t4,c1__t2_t0_t5,SUB
c1__t2_t1_t0,a1210,c_denom_inv210,MUL
c1__t2_t1_t1,a1211,c_denom_inv211,MUL
c1__t2_t1_t2,a1210,a1211,ADD
c1__t2_t1_t3,c_denom_inv210,c_denom_inv211,ADD
c1__t2_t1_t4,c1__t2_t1_t2,c1__t2_t1_t3,MUL
c1__t2_t10,c1__t2_t1_t0,c1__t2_t1_t1,SUB
c1__t2_t1_t5,c1__t2_t1_t0,c1__t2_t1_t1,ADD
c1__t2_t11,c1__t2_t1_t4,c1__t2_t1_t5,SUB
c1__t2_t20,a1200,a1210,ADD
c1__t2_t21,a1201,a1211,ADD
c1__t2_t30,c_denom_inv200,c_denom_inv210,ADD
c1__t2_t31,c_denom_inv201,c_denom_inv211,ADD
c1__t2_t4_t0,c1__t2_t20,c1__t2_t30,MUL
c1__t2_t4_t1,c1__t2_t21,c1__t2_t31,MUL
c1__t2_t4_t2,c1__t2_t20,c1__t2_t21,ADD
c1__t2_t4_t3,c1__t2_t30,c1__t2_t31,ADD
c1__t2_t4_t4,c1__t2_t4_t2,c1__t2_t4_t3,MUL
c1__t2_t40,c1__t2_t4_t0,c1__t2_t4_t1,SUB
c1__t2_t4_t5,c1__t2_t4_t0,c1__t2_t4_t1,ADD
c1__t2_t41,c1__t2_t4_t4,c1__t2_t4_t5,SUB
c1__t2_s00,c1__t2_t10,c1__t2_t11,SUB
c1__t2_s01,c1__t2_t11,c1__t2_t10,ADD
c1__t200,c1__t2_t00,c1__t2_s00,ADD
c1__t201,c1__t2_t01,c1__t2_s01,ADD
c1__t2_t50,c1__t2_t00,c1__t2_t10,ADD
c1__t2_t51,c1__t2_t01,c1__t2_t11,ADD
c1__t210,c1__t2_t40,c1__t2_t50,SUB
c1__t211,c1__t2_t41,c1__t2_t51,SUB
c1__t3000,a1000,a1100,ADD
c1__t3001,a1001,a1101,ADD
c1__t3010,a1010,a1110,ADD
c1__t3011,a1011,a1111,ADD
c1__t3100,c_denom_inv000,c_denom_inv100,ADD
c1__t3101,c_denom_inv001,c_denom_inv101,ADD
c1__t3110,c_denom_inv010,c_denom_inv110,ADD
c1__t3111,c_denom_inv011,c_denom_inv111,ADD
c1__t3_t0_t0,c1__t3000,c1__t3100,MUL
c1__t3_t0_t1,c1__t3001,c1__t3101,MUL
c1__t3_t0_t2,c1__t3000,c1__t3001,ADD
c1__t3_t0_t3,c1__t3100,c1__t3101,ADD
c1__t3_t0_t4,c1__t3_t0_t2,c1__t3_t0_t3,MUL
c1__t3_t00,c1__t3_t0_t0,c1__t3_t0_t1,SUB
c1__t3_t0_t5,c1__t3_t0_t0,c1__t3_t0_t1,ADD
c1__t3_t01,c1__t3_t0_t4,c1__t3_t0_t5,SUB
c1__t3_t1_t0,c1__t3010,c1__t3110,MUL
c1__t3_t1_t1,c1__t3011,c1__t3111,MUL
c1__t3_t1_t2,c1__t3010,c1__t3011,ADD
c1__t3_t1_t3,c1__t3110,c1__t3111,ADD
c1__t3_t1_t4,c1__t3_t1_t2,c1__t3_t1_t3,MUL
c1__t3_t10,c1__t3_t1_t0,c1__t3_t1_t1,SUB
c1__t3_t1_t5,c1__t3_t1_t0,c1__t3_t1_t1,ADD
c1__t3_t11,c1__t3_t1_t4,c1__t3_t1_t5,SUB
c1__t3_t20,c1__t3000,c1__t3010,ADD
c1__t3_t21,c1__t3001,c1__t3011,ADD
c1__t3_t30,c1__t3100,c1__t3110,ADD
c1__t3_t31,c1__t3101,c1__t3111,ADD
c1__t3_t4_t0,c1__t3_t20,c1__t3_t30,MUL
c1__t3_t4_t1,c1__t3_t21,c1__t3_t31,MUL
c1__t3_t4_t2,c1__t3_t20,c1__t3_t21,ADD
c1__t3_t4_t3,c1__t3_t30,c1__t3_t31,ADD
c1__t3_t4_t4,c1__t3_t4_t2,c1__t3_t4_t3,MUL
c1__t3_t40,c1__t3_t4_t0,c1__t3_t4_t1,SUB
c1__t3_t4_t5,c1__t3_t4_t0,c1__t3_t4_t1,ADD
c1__t3_t41,c1__t3_t4_t4,c1__t3_t4_t5,SUB
c1__t3_s00,c1__t3_t10,c1__t3_t11,SUB
c1__t3_s01,c1__t3_t11,c1__t3_t10,ADD
c1__t300,c1__t3_t00,c1__t3_s00,ADD
c1__t301,c1__t3_t01,c1__t3_s01,ADD
c1__t3_t50,c1__t3_t00,c1__t3_t10,ADD
c1__t3_t51,c1__t3_t01,c1__t3_t11,ADD
c1__t310,c1__t3_t40,c1__t3_t50,SUB
c1__t311,c1__t3_t41,c1__t3_t51,SUB
c1__t4000,a1100,a1200,ADD
c1__t4001,a1101,a1201,ADD
c1__t4010,a1110,a1210,ADD
c1__t4011,a1111,a1211,ADD
c1__t4100,c_denom_inv100,c_denom_inv200,ADD
c1__t4101,c_denom_inv101,c_denom_inv201,ADD
c1__t4110,c_denom_inv110,c_denom_inv210,ADD
c1__t4111,c_denom_inv111,c_denom_inv211,ADD
c1__t4_t0_t0,c1__t4000,c1__t4100,MUL
c1__t4_t0_t1,c1__t4001,c1__t4101,MUL
c1__t4_t0_t2,c1__t4000,c1__t4001,ADD
c1__t4_t0_t3,c1__t4100,c1__t4101,ADD
c1__t4_t0_t4,c1__t4_t0_t2,c1__t4_t0_t3,MUL
c1__t4_t00,c1__t4_t0_t0,c1__t4_t0_t1,SUB
c1__t4_t0_t5,c1__t4_t0_t0,c1__t4_t0_t1,ADD
c1__t4_t01,c1__t4_t0_t4,c1__t4_t0_t5,SUB
c1__t4_t1_t0,c1__t4010,c1__t4110,MUL
c1__t4_t1_t1,c1__t4011,c1__t4111,MUL
c1__t4_t1_t2,c1__t4010,c1__t4011,ADD
c1__t4_t1_t3,c1__t4110,c1__t4111,ADD
c1__t4_t1_t4,c1__t4_t1_t2,c1__t4_t1_t3,MUL
c1__t4_t10,c1__t4_t1_t0,c1__t4_t1_t1,SUB
c1__t4_t1_t5,c1__t4_t1_t0,c1__t4_t1_t1,ADD
c1__t4_t11,c1__t4_t1_t4,c1__t4_t1_t5,SUB
c1__t4_t20,c1__t4000,c1__t4010,ADD
c1__t4_t21,c1__t4001,c1__t4011,ADD
c1__t4_t30,c1__t4100,c1__t4110,ADD
c1__t4_t31,c1__t4101,c1__t4111,ADD
c1__t4_t4_t0,c1__t4_t20,c1__t4_t30,MUL
c1__t4_t4_t1,c1__t4_t21,c1__t4_t31,MUL
c1__t4_t4_t2,c1__t4_t20,c1__t4_t21,ADD
c1__t4_t4_t3,c1__t4_t30,c1__t4_t31,ADD
c1__t4_t4_t4,c1__t4_t4_t2,c1__t4_t4_t3,MUL
c1__t4_t40,c1__t4_t4_t0,c1__t4_t4_t1,SUB
c1__t4_t4_t5,c1__t4_t4_t0,c1__t4_t4_t1,ADD
c1__t4_t41,c1__t4_t4_t4,c1__t4_t4_t5,SUB
c1__t4_s00,c1__t4_t10,c1__t4_t11,SUB
c1__t4_s01,c1__t4_t11,c1__t4_t10,ADD
c1__t400,c1__t4_t00,c1__t4_s00,ADD
c1__t401,c1__t4_t01,c1__t4_s01,ADD
c1__t4_t50,c1__t4_t00,c1__t4_t10,ADD
c1__t4_t51,c1__t4_t01,c1__t4_t11,ADD
c1__t410,c1__t4_t40,c1__t4_t50,SUB
c1__t411,c1__t4_t41,c1__t4_t51,SUB
c1__t5000,a1200,a1000,ADD
c1__t5001,a1201,a1001,ADD
c1__t5010,a1210,a1010,ADD
c1__t5011,a1211,a1011,ADD
c1__t5100,c_denom_inv200,c_denom_inv000,ADD
c1__t5101,c_denom_inv201,c_denom_inv001,ADD
c1__t5110,c_denom_inv210,c_denom_inv010,ADD
c1__t5111,c_denom_inv211,c_denom_inv011,ADD
c1__t5_t0_t0,c1__t5000,c1__t5100,MUL
c1__t5_t0_t1,c1__t5001,c1__t5101,MUL
c1__t5_t0_t2,c1__t5000,c1__t5001,ADD
c1__t5_t0_t3,c1__t5100,c1__t5101,ADD
c1__t5_t0_t4,c1__t5_t0_t2,c1__t5_t0_t3,MUL
c1__t5_t00,c1__t5_t0_t0,c1__t5_t0_t1,SUB
c1__t5_t0_t5,c1__t5_t0_t0,c1__t5_t0_t1,ADD
c1__t5_t01,c1__t5_t0_t4,c1__t5_t0_t5,SUB
c1__t5_t1_t0,c1__t5010,c1__t5110,MUL
c1__t5_t1_t1,c1__t5011,c1__t5111,MUL
c1__t5_t1_t2,c1__t5010,c1__t5011,ADD
c1__t5_t1_t3,c1__t5110,c1__t5111,ADD
c1__t5_t1_t4,c1__t5_t1_t2,c1__t5_t1_t3,MUL
c1__t5_t10,c1__t5_t1_t0,c1__t5_t1_t1,SUB
c1__t5_t1_t5,c1__t5_t1_t0,c1__t5_t1_t1,ADD
c1__t5_t11,c1__t5_t1_t4,c1__t5_t1_t5,SUB
c1__t5_t20,c1__t5000,c1__t5010,ADD
c1__t5_t21,c1__t5001,c1__t5011,ADD
c1__t5_t30,c1__t5100,c1__t5110,ADD
c1__t5_t31,c1__t5101,c1__t5111,ADD
c1__t5_t4_t0,c1__t5_t20,c1__t5_t30,MUL
c1__t5_t4_t1,c1__t5_t21,c1__t5_t31,MUL
c1__t5_t4_t2,c1__t5_t20,c1__t5_t21,ADD
c1__t5_t4_t3,c1__t5_t30,c1__t5_t31,ADD
c1__t5_t4_t4,c1__t5_t4_t2,c1__t5_t4_t3,MUL
c1__t5_t40,c1__t5_t4_t0,c1__t5_t4_t1,SUB
c1__t5_t4_t5,c1__t5_t4_t0,c1__t5_t4_t1,ADD
c1__t5_t41,c1__t5_t4_t4,c1__t5_t4_t5,SUB
c1__t5_s00,c1__t5_t10,c1__t5_t11,SUB
c1__t5_s01,c1__t5_t11,c1__t5_t10,ADD
c1__t500,c1__t5_t00,c1__t5_s00,ADD
c1__t501,c1__t5_t01,c1__t5_s01,ADD
c1__t5_t50,c1__t5_t00,c1__t5_t10,ADD
c1__t5_t51,c1__t5_t01,c1__t5_t11,ADD
c1__t510,c1__t5_t40,c1__t5_t50,SUB
c1__t511,c1__t5_t41,c1__t5_t51,SUB
c1__t6000,c1__t000,c1__t100,ADD
c1__t6001,c1__t001,c1__t101,ADD
c1__t6010,c1__t010,c1__t110,ADD
c1__t6011,c1__t011,c1__t111,ADD
c1__t600,c1__t300,c1__t6000,SUB
c1__t601,c1__t301,c1__t6001,SUB
c1__t610,c1__t310,c1__t6010,SUB
c1__t611,c1__t311,c1__t6011,SUB
c1__t9_x000,c1__t200,c1__t200,ADD
c1__t9_x010,c1__t201,c1__t201,ADD
c1__t9_x100,c1__t210,c1__t210,ADD
c1__t9_x110,c1__t211,c1__t211,ADD
c1__t9_y1_0,c1__t210,c1__t211,SUB
c1__t9_y1_1,c1__t211,c1__t210,ADD
c1__t900,c1__t9_x000,c1__t9_y1_0,ADD
c1__t901,c1__t9_x010,c1__t9_y1_1,ADD
c1__t910,c1__t9_x100,c1__t200,ADD
c1__t911,c1__t9_x110,c1__t201,ADD
c1_100,c1__t600,c1__t900,ADD
c1_101,c1__t601,c1__t901,ADD
c1_110,c1__t610,c1__t910,ADD
c1_111,c1__t611,c1__t911,ADD
c1__t7000,c1__t100,c1__t200,ADD
c1__t7001,c1__t101,c1__t201,ADD
c1__t7010,c1__t110,c1__t210,ADD
c1__t7011,c1__t111,c1__t211,ADD
c1__t7100,c1__t400,c1__t7000,SUB
c1__t7101,c1__t401,c1__t7001,SUB
c1__t7110,c1__t410,c1__t7010,SUB
c1__t7111,c1__t411,c1__t7011,SUB
c1__t7_x000,c1__t7100,c1__t7100,ADD
c1__t7_x010,c1__t7101,c1__t7101,ADD
c1__t7_x100,c1__t7110,c1__t7110,ADD
c1__t7_x110,c1__t7111,c1__t7111,ADD
c1__t7_y1_0,c1__t7110,c1__t7111,SUB
c1__t7_y1_1,c1__t7111,c1__t7110,ADD
c1__t700,c1__t7_x000,c1__t7_y1_0,ADD
c1__t701,c1__t7_x010,c1__t7_y1_1,ADD
c1__t710,c1__t7_x100,c1__t7100,ADD
c1__t711,c1__t7_x110,c1__t7101,ADD
c1_000,c1__t000,c1__t700,ADD
c1_001,c1__t001,c1__t701,ADD
c1_010,c1__t010,c1__t710,ADD
c1_011,c1__t011,c1__t711,ADD
c1__t8000,c1__t200,c1__t000,ADD
c1__t8001,c1__t201,c1__t001,ADD
c1__t8010,c1__t210,c1__t010,ADD
c1__t8011,c1__t211,c1__t011,ADD
c1__t800,c1__t500,c1__t8000,SUB
c1__t801,c1__t501,c1__t8001,SUB
c1__t810,c1__t510,c1__t8010,SUB
c1__t811,c1__t511,c1__t8011,SUB
c1_200,c1__t800,c1__t100,ADD
c1_201,c1__t801,c1__t101,ADD
c1_210,c1__t810,c1__t110,ADD
c1_211,c1__t811,c1__t111,ADD
c1000,ZERO,c1_000,SUB
c1001,ZERO,c1_001,SUB
c1010,ZERO,c1_010,SUB
c1011,ZERO,c1_011,SUB
c1100,ZERO,c1_100,SUB
c1101,ZERO,c1_101,SUB
c1110,ZERO,c1_110,SUB
c1111,ZERO,c1_111,SUB
c1200,ZERO,c1_200,SUB
c1201,ZERO,c1_201,SUB
c1210,ZERO,c1_210,SUB
c1211,ZERO,c1_211,SUB
