t0_t0,a000,b000,MUL
t0_t1,a001,b001,MUL
t0_t2,a000,a001,ADD
t0_t3,b000,b001,ADD
t0_t4,t0_t2,t0_t3,MUL
t00,t0_t0,t0_t1,SUB
t0_t5,t0_t0,t0_t1,ADD
t01,t0_t4,t0_t5,SUB
t1_t0,a000,b200,MUL
t1_t1,a001,b201,MUL
t1_t2,a000,a001,ADD
t1_t3,b200,b201,ADD
t1_t4,t1_t2,t1_t3,MUL
t10,t1_t0,t1_t1,SUB
t1_t5,t1_t0,t1_t1,ADD
t11,t1_t4,t1_t5,SUB
t2_t0,a000,b110,MUL
t2_t1,a001,b111,MUL
t2_t2,a000,a001,ADD
t2_t3,b110,b111,ADD
t2_t4,t2_t2,t2_t3,MUL
t20,t2_t0,t2_t1,SUB
t2_t5,t2_t0,t2_t1,ADD
t21,t2_t4,t2_t5,SUB
t4_t0_t0,a100,b100,MUL
t4_t0_t1,a101,b101,MUL
t4_t0_t2,a100,a101,ADD
t4_t0_t3,b100,b101,ADD
t4_t0_t4,t4_t0_t2,t4_t0_t3,MUL
t4_t00,t4_t0_t0,t4_t0_t1,SUB
t4_t0_t5,t4_t0_t0,t4_t0_t1,ADD
t4_t01,t4_t0_t4,t4_t0_t5,SUB
t4_t1_t0,a010,b010,MUL
t4_t1_t1,a011,b011,MUL
t4_t1_t2,a010,a011,ADD
t4_t1_t3,b010,b011,ADD
t4_t1_t4,t4_t1_t2,t4_t1_t3,MUL
t4_t10,t4_t1_t0,t4_t1_t1,SUB
t4_t1_t5,t4_t1_t0,t4_t1_t1,ADD
t4_t11,t4_t1_t4,t4_t1_t5,SUB
t4_t2_t0,a010,b210,MUL
t4_t2_t1,a011,b211,MUL
t4_t2_t2,a010,a011,ADD
t4_t2_t3,b210,b211,ADD
t4_t2_t4,t4_t2_t2,t4_t2_t3,MUL
t4_t20,t4_t2_t0,t4_t2_t1,SUB
t4_t2_t5,t4_t2_t0,t4_t2_t1,ADD
t4_t21,t4_t2_t4,t4_t2_t5,SUB
t4_t100,t4_t20,t4_t21,SUB
t4_t101,t4_t21,t4_t20,ADD
t400,t4_t00,t4_t100,ADD
t401,t4_t01,t4_t101,ADD
t4_t40,a100,a010,ADD
t4_t41,a101,a011,ADD
t4_t50,b100,b010,ADD
t4_t51,b101,b011,ADD
t4_t6_t0,t4_t40,t4_t50,MUL
t4_t6_t1,t4_t41,t4_t51,MUL
t4_t6_t2,t4_t40,t4_t41,ADD
t4_t6_t3,t4_t50,t4_t51,ADD
t4_t6_t4,t4_t6_t2,t4_t6_t3,MUL
t4_t60,t4_t6_t0,t4_t6_t1,SUB
t4_t6_t5,t4_t6_t0,t4_t6_t1,ADD
t4_t61,t4_t6_t4,t4_t6_t5,SUB
t4_t70,t4_t00,t4_t10,ADD
t4_t71,t4_t01,t4_t11,ADD
t410,t4_t60,t4_t70,SUB
t411,t4_t61,t4_t71,SUB
t4_t8_t0,a100,b210,MUL
t4_t8_t1,a101,b211,MUL
t4_t8_t2,a100,a101,ADD
t4_t8_t3,b210,b211,ADD
t4_t8_t4,t4_t8_t2,t4_t8_t3,MUL
t4_t80,t4_t8_t0,t4_t8_t1,SUB
t4_t8_t5,t4_t8_t0,t4_t8_t1,ADD
t4_t81,t4_t8_t4,t4_t8_t5,SUB
t420,t4_t80,t4_t10,ADD
t421,t4_t81,t4_t11,ADD
t70,a000,a100,ADD
t71,a001,a101,ADD
t80,b000,b100,ADD
t81,b001,b101,ADD
t90,b200,b010,ADD
t91,b201,b011,ADD
t100,b110,b210,ADD
t101,b111,b211,ADD
t5_t0_t0,t70,t80,MUL
t5_t0_t1,t71,t81,MUL
t5_t0_t2,t70,t71,ADD
t5_t0_t3,t80,t81,ADD
t5_t0_t4,t5_t0_t2,t5_t0_t3,MUL
t5_t00,t5_t0_t0,t5_t0_t1,SUB
t5_t0_t5,t5_t0_t0,t5_t0_t1,ADD
t5_t01,t5_t0_t4,t5_t0_t5,SUB
t5_t1_t0,a010,t90,MUL
t5_t1_t1,a011,t91,MUL
t5_t1_t2,a010,a011,ADD
t5_t1_t3,t90,t91,ADD
t5_t1_t4,t5_t1_t2,t5_t1_t3,MUL
t5_t10,t5_t1_t0,t5_t1_t1,SUB
t5_t1_t5,t5_t1_t0,t5_t1_t1,ADD
t5_t11,t5_t1_t4,t5_t1_t5,SUB
t5_t2_t0,a010,t100,MUL
t5_t2_t1,a011,t101,MUL
t5_t2_t2,a010,a011,ADD
t5_t2_t3,t100,t101,ADD
t5_t2_t4,t5_t2_t2,t5_t2_t3,MUL
t5_t20,t5_t2_t0,t5_t2_t1,SUB
t5_t2_t5,t5_t2_t0,t5_t2_t1,ADD
t5_t21,t5_t2_t4,t5_t2_t5,SUB
t5_t100,t5_t20,t5_t21,SUB
t5_t101,t5_t21,t5_t20,ADD
t500,t5_t00,t5_t100,ADD
t501,t5_t01,t5_t101,ADD
t5_t40,t70,a010,ADD
t5_t41,t71,a011,ADD
t5_t50,t80,t90,ADD
t5_t51,t81,t91,ADD
t5_t6_t0,t5_t40,t5_t50,MUL
t5_t6_t1,t5_t41,t5_t51,MUL
t5_t6_t2,t5_t40,t5_t41,ADD
t5_t6_t3,t5_t50,t5_t51,ADD
t5_t6_t4,t5_t6_t2,t5_t6_t3,MUL
t5_t60,t5_t6_t0,t5_t6_t1,SUB
t5_t6_t5,t5_t6_t0,t5_t6_t1,ADD
t5_t61,t5_t6_t4,t5_t6_t5,SUB
t5_t70,t5_t00,t5_t10,ADD
t5_t71,t5_t01,t5_t11,ADD
t510,t5_t60,t5_t70,SUB
t511,t5_t61,t5_t71,SUB
t5_t8_t0,t70,t100,MUL
t5_t8_t1,t71,t101,MUL
t5_t8_t2,t70,t71,ADD
t5_t8_t3,t100,t101,ADD
t5_t8_t4,t5_t8_t2,t5_t8_t3,MUL
t5_t80,t5_t8_t0,t5_t8_t1,SUB
t5_t8_t5,t5_t8_t0,t5_t8_t1,ADD
t5_t81,t5_t8_t4,t5_t8_t5,SUB
t520,t5_t80,t5_t10,ADD
t521,t5_t81,t5_t11,ADD
t140,t00,t400,ADD
t141,t01,t401,ADD
t150,t10,t410,ADD
t151,t11,t411,ADD
t160,t20,t420,ADD
t161,t21,t421,ADD
c100,t500,t140,SUB
c101,t501,t141,SUB
c010,t510,t150,SUB
c011,t511,t151,SUB
c210,t520,t160,SUB
c211,t521,t161,SUB
t170,t420,t421,SUB
t171,t421,t420,ADD
c000,t00,t170,ADD
c001,t01,t171,ADD
c200,t10,t400,ADD
c201,t11,t401,ADD
c110,t20,t410,ADD
c111,t21,t411,ADD
