t0_a1__y1_0,a0011,a0011,ADD
t0_a1__y1_1,t0_a1__y1_0,a0011,ADD
t0_a1__y1_2,t0_a1__y1_1,t0_a1__y1_1,ADD
t0_a1__y1_3,t0_a1__y1_2,t0_a1__y1_2,ADD
t0_a1__y1_4,t0_a1__y1_3,a0011,ADD
t0_t00,a0000,t0_a1__y1_4,ADD
t0_t01,a0001,a0010,ADD
t0_t10,a0000,a0010,ADD
t0_t11,a0001,a0011,ADD
t0_t2_t0,t0_t00,t0_t10,MUL
t0_t2_t1,t0_t01,t0_t11,MUL
t0_t2_t2,t0_t00,t0_t01,ADD
t0_t2_t3,t0_t10,t0_t11,ADD
t0_t2_t4,t0_t2_t2,t0_t2_t3,MUL
t0_t2_s00,t0_t2_t1,t0_t2_t1,ADD
t0_t2_s01,t0_t2_s00,t0_t2_t1,ADD
t0_t2_s02,t0_t2_s01,t0_t2_s01,ADD
t0_t2_s03,t0_t2_s02,t0_t2_s02,ADD
t0_t2_s04,t0_t2_s03,t0_t2_t1,ADD
t0_t20,t0_t2_t0,t0_t2_s04,ADD
t0_t2_t5,t0_t2_t0,t0_t2_t1,ADD
t0_t21,t0_t2_t4,t0_t2_t5,SUB
t0_t3_t0,a0000,a0010,MUL
t0_t3_t1,a0001,a0011,MUL
t0_t3_t2,a0000,a0001,ADD
t0_t3_t3,a0010,a0011,ADD
t0_t3_t4,t0_t3_t2,t0_t3_t3,MUL
t0_t3_s00,t0_t3_t1,t0_t3_t1,ADD
t0_t3_s01,t0_t3_s00,t0_t3_t1,ADD
t0_t3_s02,t0_t3_s01,t0_t3_s01,ADD
t0_t3_s03,t0_t3_s02,t0_t3_s02,ADD
t0_t3_s04,t0_t3_s03,t0_t3_t1,ADD
t0_t30,t0_t3_t0,t0_t3_s04,ADD
t0_t3_t5,t0_t3_t0,t0_t3_t1,ADD
t0_t31,t0_t3_t4,t0_t3_t5,SUB
t0_t4_y1_0,t0_t31,t0_t31,ADD
t0_t4_y1_1,t0_t4_y1_0,t0_t31,ADD
t0_t4_y1_2,t0_t4_y1_1,t0_t4_y1_1,ADD
t0_t4_y1_3,t0_t4_y1_2,t0_t4_y1_2,ADD
t0_t4_y1_4,t0_t4_y1_3,t0_t31,ADD
t0_t50,t0_t30,t0_t4_y1_4,ADD
t0_t51,t0_t31,t0_t30,ADD
t000,t0_t20,t0_t50,SUB
t001,t0_t21,t0_t51,SUB
t010,t0_t30,t0_t30,ADD
t011,t0_t31,t0_t31,ADD
t100,a0000,a0200,ADD
t101,a0001,a0201,ADD
t110,a0010,a0210,ADD
t111,a0011,a0211,ADD
t200,t100,a0100,SUB
t201,t101,a0101,SUB
t210,t110,a0110,SUB
t211,t111,a0111,SUB
t800,t100,a0100,ADD
t801,t101,a0101,ADD
t810,t110,a0110,ADD
t811,t111,a0111,ADD
t9_a1__y1_0,t811,t811,ADD
t9_a1__y1_1,t9_a1__y1_0,t811,ADD
t9_a1__y1_2,t9_a1__y1_1,t9_a1__y1_1,ADD
t9_a1__y1_3,t9_a1__y1_2,t9_a1__y1_2,ADD
t9_a1__y1_4,t9_a1__y1_3,t811,ADD
t9_t00,t800,t9_a1__y1_4,ADD
t9_t01,t801,t810,ADD
t9_t10,t800,t810,ADD
t9_t11,t801,t811,ADD
t9_t2_t0,t9_t00,t9_t10,MUL
t9_t2_t1,t9_t01,t9_t11,MUL
t9_t2_t2,t9_t00,t9_t01,ADD
t9_t2_t3,t9_t10,t9_t11,ADD
t9_t2_t4,t9_t2_t2,t9_t2_t3,MUL
t9_t2_s00,t9_t2_t1,t9_t2_t1,ADD
t9_t2_s01,t9_t2_s00,t9_t2_t1,ADD
t9_t2_s02,t9_t2_s01,t9_t2_s01,ADD
t9_t2_s03,t9_t2_s02,t9_t2_s02,ADD
t9_t2_s04,t9_t2_s03,t9_t2_t1,ADD
t9_t20,t9_t2_t0,t9_t2_s04,ADD
t9_t2_t5,t9_t2_t0,t9_t2_t1,ADD
t9_t21,t9_t2_t4,t9_t2_t5,SUB
t9_t3_t0,t800,t810,MUL
t9_t3_t1,t801,t811,MUL
t9_t3_t2,t800,t801,ADD
t9_t3_t3,t810,t811,ADD
t9_t3_t4,t9_t3_t2,t9_t3_t3,MUL
t9_t3_s00,t9_t3_t1,t9_t3_t1,ADD
t9_t3_s01,t9_t3_s00,t9_t3_t1,ADD
t9_t3_s02,t9_t3_s01,t9_t3_s01,ADD
t9_t3_s03,t9_t3_s02,t9_t3_s02,ADD
t9_t3_s04,t9_t3_s03,t9_t3_t1,ADD
t9_t30,t9_t3_t0,t9_t3_s04,ADD
t9_t3_t5,t9_t3_t0,t9_t3_t1,ADD
t9_t31,t9_t3_t4,t9_t3_t5,SUB
t9_t4_y1_0,t9_t31,t9_t31,ADD
t9_t4_y1_1,t9_t4_y1_0,t9_t31,ADD
t9_t4_y1_2,t9_t4_y1_1,t9_t4_y1_1,ADD
t9_t4_y1_3,t9_t4_y1_2,t9_t4_y1_2,ADD
t9_t4_y1_4,t9_t4_y1_3,t9_t31,ADD
t9_t50,t9_t30,t9_t4_y1_4,ADD
t9_t51,t9_t31,t9_t30,ADD
t900,t9_t20,t9_t50,SUB
t901,t9_t21,t9_t51,SUB
t910,t9_t30,t9_t30,ADD
t911,t9_t31,t9_t31,ADD
t10_a1__y1_0,t211,t211,ADD
t10_a1__y1_1,t10_a1__y1_0,t211,ADD
t10_a1__y1_2,t10_a1__y1_1,t10_a1__y1_1,ADD
t10_a1__y1_3,t10_a1__y1_2,t10_a1__y1_2,ADD
t10_a1__y1_4,t10_a1__y1_3,t211,ADD
t10_t00,t200,t10_a1__y1_4,ADD
t10_t01,t201,t210,ADD
t10_t10,t200,t210,ADD
t10_t11,t201,t211,ADD
t10_t2_t0,t10_t00,t10_t10,MUL
t10_t2_t1,t10_t01,t10_t11,MUL
t10_t2_t2,t10_t00,t10_t01,ADD
t10_t2_t3,t10_t10,t10_t11,ADD
t10_t2_t4,t10_t2_t2,t10_t2_t3,MUL
t10_t2_s00,t10_t2_t1,t10_t2_t1,ADD
t10_t2_s01,t10_t2_s00,t10_t2_t1,ADD
t10_t2_s02,t10_t2_s01,t10_t2_s01,ADD
t10_t2_s03,t10_t2_s02,t10_t2_s02,ADD
t10_t2_s04,t10_t2_s03,t10_t2_t1,ADD
t10_t20,t10_t2_t0,t10_t2_s04,ADD
t10_t2_t5,t10_t2_t0,t10_t2_t1,ADD
t10_t21,t10_t2_t4,t10_t2_t5,SUB
t10_t3_t0,t200,t210,MUL
t10_t3_t1,t201,t211,MUL
t10_t3_t2,t200,t201,ADD
t10_t3_t3,t210,t211,ADD
t10_t3_t4,t10_t3_t2,t10_t3_t3,MUL
t10_t3_s00,t10_t3_t1,t10_t3_t1,ADD
t10_t3_s01,t10_t3_s00,t10_t3_t1,ADD
t10_t3_s02,t10_t3_s01,t10_t3_s01,ADD
t10_t3_s03,t10_t3_s02,t10_t3_s02,ADD
t10_t3_s04,t10_t3_s03,t10_t3_t1,ADD
t10_t30,t10_t3_t0,t10_t3_s04,ADD
t10_t3_t5,t10_t3_t0,t10_t3_t1,ADD
t10_t31,t10_t3_t4,t10_t3_t5,SUB
t10_t4_y1_0,t10_t31,t10_t31,ADD
t10_t4_y1_1,t10_t4_y1_0,t10_t31,ADD
t10_t4_y1_2,t10_t4_y1_1,t10_t4_y1_1,ADD
t10_t4_y1_3,t10_t4_y1_2,t10_t4_y1_2,ADD
t10_t4_y1_4,t10_t4_y1_3,t10_t31,ADD
t10_t50,t10_t30,t10_t4_y1_4,ADD
t10_t51,t10_t31,t10_t30,ADD
t1000,t10_t20,t10_t50,SUB
t1001,t10_t21,t10_t51,SUB
t1010,t10_t30,t10_t30,ADD
t1011,t10_t31,t10_t31,ADD
t3_t0_t0,a0200,a0100,MUL
t3_t0_t1,a0201,a0101,MUL
t3_t0_t2,a0200,a0201,ADD
t3_t0_t3,a0100,a0101,ADD
t3_t0_t4,t3_t0_t2,t3_t0_t3,MUL
t3_t0_s00,t3_t0_t1,t3_t0_t1,ADD
t3_t0_s01,t3_t0_s00,t3_t0_t1,ADD
t3_t0_s02,t3_t0_s01,t3_t0_s01,ADD
t3_t0_s03,t3_t0_s02,t3_t0_s02,ADD
t3_t0_s04,t3_t0_s03,t3_t0_t1,ADD
t3_t00,t3_t0_t0,t3_t0_s04,ADD
t3_t0_t5,t3_t0_t0,t3_t0_t1,ADD
t3_t01,t3_t0_t4,t3_t0_t5,SUB
t3_t1_t0,a0210,a0110,MUL
t3_t1_t1,a0211,a0111,MUL
t3_t1_t2,a0210,a0211,ADD
t3_t1_t3,a0110,a0111,ADD
t3_t1_t4,t3_t1_t2,t3_t1_t3,MUL
t3_t1_s00,t3_t1_t1,t3_t1_t1,ADD
t3_t1_s01,t3_t1_s00,t3_t1_t1,ADD
t3_t1_s02,t3_t1_s01,t3_t1_s01,ADD
t3_t1_s03,t3_t1_s02,t3_t1_s02,ADD
t3_t1_s04,t3_t1_s03,t3_t1_t1,ADD
t3_t10,t3_t1_t0,t3_t1_s04,ADD
t3_t1_t5,t3_t1_t0,t3_t1_t1,ADD
t3_t11,t3_t1_t4,t3_t1_t5,SUB
t3_t20,a0200,a0210,ADD
t3_t21,a0201,a0211,ADD
t3_t30,a0100,a0110,ADD
t3_t31,a0101,a0111,ADD
t3_t4_t0,t3_t20,t3_t30,MUL
t3_t4_t1,t3_t21,t3_t31,MUL
t3_t4_t2,t3_t20,t3_t21,ADD
t3_t4_t3,t3_t30,t3_t31,ADD
t3_t4_t4,t3_t4_t2,t3_t4_t3,MUL
t3_t4_s00,t3_t4_t1,t3_t4_t1,ADD
t3_t4_s01,t3_t4_s00,t3_t4_t1,ADD
t3_t4_s02,t3_t4_s01,t3_t4_s01,ADD
t3_t4_s03,t3_t4_s02,t3_t4_s02,ADD
t3_t4_s04,t3_t4_s03,t3_t4_t1,ADD
t3_t40,t3_t4_t0,t3_t4_s04,ADD
t3_t4_t5,t3_t4_t0,t3_t4_t1,ADD
t3_t41,t3_t4_t4,t3_t4_t5,SUB
t3_s0_y1_0,t3_t11,t3_t11,ADD
t3_s0_y1_1,t3_s0_y1_0,t3_t11,ADD
t3_s0_y1_2,t3_s0_y1_1,t3_s0_y1_1,ADD
t3_s0_y1_3,t3_s0_y1_2,t3_s0_y1_2,ADD
t3_s0_y1_4,t3_s0_y1_3,t3_t11,ADD
t300,t3_t00,t3_s0_y1_4,ADD
t301,t3_t01,t3_t10,ADD
t3_t50,t3_t00,t3_t10,ADD
t3_t51,t3_t01,t3_t11,ADD
t310,t3_t40,t3_t50,SUB
t311,t3_t41,t3_t51,SUB
t1100,t300,t300,ADD
t1101,t301,t301,ADD
t1110,t310,t310,ADD
t1111,t311,t311,ADD
t4_a1__y1_0,a0211,a0211,ADD
t4_a1__y1_1,t4_a1__y1_0,a0211,ADD
t4_a1__y1_2,t4_a1__y1_1,t4_a1__y1_1,ADD
t4_a1__y1_3,t4_a1__y1_2,t4_a1__y1_2,ADD
t4_a1__y1_4,t4_a1__y1_3,a0211,ADD
t4_t00,a0200,t4_a1__y1_4,ADD
t4_t01,a0201,a0210,ADD
t4_t10,a0200,a0210,ADD
t4_t11,a0201,a0211,ADD
t4_t2_t0,t4_t00,t4_t10,MUL
t4_t2_t1,t4_t01,t4_t11,MUL
t4_t2_t2,t4_t00,t4_t01,ADD
t4_t2_t3,t4_t10,t4_t11,ADD
t4_t2_t4,t4_t2_t2,t4_t2_t3,MUL
t4_t2_s00,t4_t2_t1,t4_t2_t1,ADD
t4_t2_s01,t4_t2_s00,t4_t2_t1,ADD
t4_t2_s02,t4_t2_s01,t4_t2_s01,ADD
t4_t2_s03,t4_t2_s02,t4_t2_s02,ADD
t4_t2_s04,t4_t2_s03,t4_t2_t1,ADD
t4_t20,t4_t2_t0,t4_t2_s04,ADD
t4_t2_t5,t4_t2_t0,t4_t2_t1,ADD
t4_t21,t4_t2_t4,t4_t2_t5,SUB
t4_t3_t0,a0200,a0210,MUL
t4_t3_t1,a0201,a0211,MUL
t4_t3_t2,a0200,a0201,ADD
t4_t3_t3,a0210,a0211,ADD
t4_t3_t4,t4_t3_t2,t4_t3_t3,MUL
t4_t3_s00,t4_t3_t1,t4_t3_t1,ADD
t4_t3_s01,t4_t3_s00,t4_t3_t1,ADD
t4_t3_s02,t4_t3_s01,t4_t3_s01,ADD
t4_t3_s03,t4_t3_s02,t4_t3_s02,ADD
t4_t3_s04,t4_t3_s03,t4_t3_t1,ADD
t4_t30,t4_t3_t0,t4_t3_s04,ADD
t4_t3_t5,t4_t3_t0,t4_t3_t1,ADD
t4_t31,t4_t3_t4,t4_t3_t5,SUB
t4_t4_y1_0,t4_t31,t4_t31,ADD
t4_t4_y1_1,t4_t4_y1_0,t4_t31,ADD
t4_t4_y1_2,t4_t4_y1_1,t4_t4_y1_1,ADD
t4_t4_y1_3,t4_t4_y1_2,t4_t4_y1_2,ADD
t4_t4_y1_4,t4_t4_y1_3,t4_t31,ADD
t4_t50,t4_t30,t4_t4_y1_4,ADD
t4_t51,t4_t31,t4_t30,ADD
t400,t4_t20,t4_t50,SUB
t401,t4_t21,t4_t51,SUB
t410,t4_t30,t4_t30,ADD
t411,t4_t31,t4_t31,ADD
t5_t0_t0,a0000,a1100,MUL
t5_t0_t1,a0001,a1101,MUL
t5_t0_t2,a0000,a0001,ADD
t5_t0_t3,a1100,a1101,ADD
t5_t0_t4,t5_t0_t2,t5_t0_t3,MUL
t5_t0_s00,t5_t0_t1,t5_t0_t1,ADD
t5_t0_s01,t5_t0_s00,t5_t0_t1,ADD
t5_t0_s02,t5_t0_s01,t5_t0_s01,ADD
t5_t0_s03,t5_t0_s02,t5_t0_s02,ADD
t5_t0_s04,t5_t0_s03,t5_t0_t1,ADD
t5_t00,t5_t0_t0,t5_t0_s04,ADD
t5_t0_t5,t5_t0_t0,t5_t0_t1,ADD
t5_t01,t5_t0_t4,t5_t0_t5,SUB
t5_t1_t0,a0010,a1110,MUL
t5_t1_t1,a0011,a1111,MUL
t5_t1_t2,a0010,a0011,ADD
t5_t1_t3,a1110,a1111,ADD
t5_t1_t4,t5_t1_t2,t5_t1_t3,MUL
t5_t1_s00,t5_t1_t1,t5_t1_t1,ADD
t5_t1_s01,t5_t1_s00,t5_t1_t1,ADD
t5_t1_s02,t5_t1_s01,t5_t1_s01,ADD
t5_t1_s03,t5_t1_s02,t5_t1_s02,ADD
t5_t1_s04,t5_t1_s03,t5_t1_t1,ADD
t5_t10,t5_t1_t0,t5_t1_s04,ADD
t5_t1_t5,t5_t1_t0,t5_t1_t1,ADD
t5_t11,t5_t1_t4,t5_t1_t5,SUB
t5_t20,a0000,a0010,ADD
t5_t21,a0001,a0011,ADD
t5_t30,a1100,a1110,ADD
t5_t31,a1101,a1111,ADD
t5_t4_t0,t5_t20,t5_t30,MUL
t5_t4_t1,t5_t21,t5_t31,MUL
t5_t4_t2,t5_t20,t5_t21,ADD
t5_t4_t3,t5_t30,t5_t31,ADD
t5_t4_t4,t5_t4_t2,t5_t4_t3,MUL
t5_t4_s00,t5_t4_t1,t5_t4_t1,ADD
t5_t4_s01,t5_t4_s00,t5_t4_t1,ADD
t5_t4_s02,t5_t4_s01,t5_t4_s01,ADD
t5_t4_s03,t5_t4_s02,t5_t4_s02,ADD
t5_t4_s04,t5_t4_s03,t5_t4_t1,ADD
t5_t40,t5_t4_t0,t5_t4_s04,ADD
t5_t4_t5,t5_t4_t0,t5_t4_t1,ADD
t5_t41,t5_t4_t4,t5_t4_t5,SUB
t5_s0_y1_0,t5_t11,t5_t11,ADD
t5_s0_y1_1,t5_s0_y1_0,t5_t11,ADD
t5_s0_y1_2,t5_s0_y1_1,t5_s0_y1_1,ADD
t5_s0_y1_3,t5_s0_y1_2,t5_s0_y1_2,ADD
t5_s0_y1_4,t5_s0_y1_3,t5_t11,ADD
t500,t5_t00,t5_s0_y1_4,ADD
t501,t5_t01,t5_t10,ADD
t5_t50,t5_t00,t5_t10,ADD
t5_t51,t5_t01,t5_t11,ADD
t510,t5_t40,t5_t50,SUB
t511,t5_t41,t5_t51,SUB
t6_t0_t0,a0100,a1200,MUL
t6_t0_t1,a0101,a1201,MUL
t6_t0_t2,a0100,a0101,ADD
t6_t0_t3,a1200,a1201,ADD
t6_t0_t4,t6_t0_t2,t6_t0_t3,MUL
t6_t0_s00,t6_t0_t1,t6_t0_t1,ADD
t6_t0_s01,t6_t0_s00,t6_t0_t1,ADD
t6_t0_s02,t6_t0_s01,t6_t0_s01,ADD
t6_t0_s03,t6_t0_s02,t6_t0_s02,ADD
t6_t0_s04,t6_t0_s03,t6_t0_t1,ADD
t6_t00,t6_t0_t0,t6_t0_s04,ADD
t6_t0_t5,t6_t0_t0,t6_t0_t1,ADD
t6_t01,t6_t0_t4,t6_t0_t5,SUB
t6_t1_t0,a0110,a1210,MUL
t6_t1_t1,a0111,a1211,MUL
t6_t1_t2,a0110,a0111,ADD
t6_t1_t3,a1210,a1211,ADD
t6_t1_t4,t6_t1_t2,t6_t1_t3,MUL
t6_t1_s00,t6_t1_t1,t6_t1_t1,ADD
t6_t1_s01,t6_t1_s00,t6_t1_t1,ADD
t6_t1_s02,t6_t1_s01,t6_t1_s01,ADD
t6_t1_s03,t6_t1_s02,t6_t1_s02,ADD
t6_t1_s04,t6_t1_s03,t6_t1_t1,ADD
t6_t10,t6_t1_t0,t6_t1_s04,ADD
t6_t1_t5,t6_t1_t0,t6_t1_t1,ADD
t6_t11,t6_t1_t4,t6_t1_t5,SUB
t6_t20,a0100,a0110,ADD
t6_t21,a0101,a0111,ADD
t6_t30,a1200,a1210,ADD
t6_t31,a1201,a1211,ADD
t6_t4_t0,t6_t20,t6_t30,MUL
t6_t4_t1,t6_t21,t6_t31,MUL
t6_t4_t2,t6_t20,t6_t21,ADD
t6_t4_t3,t6_t30,t6_t31,ADD
t6_t4_t4,t6_t4_t2,t6_t4_t3,MUL
t6_t4_s00,t6_t4_t1,t6_t4_t1,ADD
t6_t4_s01,t6_t4_s00,t6_t4_t1,ADD
t6_t4_s02,t6_t4_s01,t6_t4_s01,ADD
t6_t4_s03,t6_t4_s02,t6_t4_s02,ADD
t6_t4_s04,t6_t4_s03,t6_t4_t1,ADD
t6_t40,t6_t4_t0,t6_t4_s04,ADD
t6_t4_t5,t6_t4_t0,t6_t4_t1,ADD
t6_t41,t6_t4_t4,t6_t4_t5,SUB
t6_s0_y1_0,t6_t11,t6_t11,ADD
t6_s0_y1_1,t6_s0_y1_0,t6_t11,ADD
t6_s0_y1_2,t6_s0_y1_1,t6_s0_y1_1,ADD
t6_s0_y1_3,t6_s0_y1_2,t6_s0_y1_2,ADD
t6_s0_y1_4,t6_s0_y1_3,t6_t11,ADD
t600,t6_t00,t6_s0_y1_4,ADD
t601,t6_t01,t6_t10,ADD
t6_t50,t6_t00,t6_t10,ADD
t6_t51,t6_t01,t6_t11,ADD
t610,t6_t40,t6_t50,SUB
t611,t6_t41,t6_t51,SUB
t7_t0_t0,a1000,a0200,MUL
t7_t0_t1,a1001,a0201,MUL
t7_t0_t2,a1000,a1001,ADD
t7_t0_t3,a0200,a0201,ADD
t7_t0_t4,t7_t0_t2,t7_t0_t3,MUL
t7_t0_s00,t7_t0_t1,t7_t0_t1,ADD
t7_t0_s01,t7_t0_s00,t7_t0_t1,ADD
t7_t0_s02,t7_t0_s01,t7_t0_s01,ADD
t7_t0_s03,t7_t0_s02,t7_t0_s02,ADD
t7_t0_s04,t7_t0_s03,t7_t0_t1,ADD
t7_t00,t7_t0_t0,t7_t0_s04,ADD
t7_t0_t5,t7_t0_t0,t7_t0_t1,ADD
t7_t01,t7_t0_t4,t7_t0_t5,SUB
t7_t1_t0,a1010,a0210,MUL
t7_t1_t1,a1011,a0211,MUL
t7_t1_t2,a1010,a1011,ADD
t7_t1_t3,a0210,a0211,ADD
t7_t1_t4,t7_t1_t2,t7_t1_t3,MUL
t7_t1_s00,t7_t1_t1,t7_t1_t1,ADD
t7_t1_s01,t7_t1_s00,t7_t1_t1,ADD
t7_t1_s02,t7_t1_s01,t7_t1_s01,ADD
t7_t1_s03,t7_t1_s02,t7_t1_s02,ADD
t7_t1_s04,t7_t1_s03,t7_t1_t1,ADD
t7_t10,t7_t1_t0,t7_t1_s04,ADD
t7_t1_t5,t7_t1_t0,t7_t1_t1,ADD
t7_t11,t7_t1_t4,t7_t1_t5,SUB
t7_t20,a1000,a1010,ADD
t7_t21,a1001,a1011,ADD
t7_t30,a0200,a0210,ADD
t7_t31,a0201,a0211,ADD
t7_t4_t0,t7_t20,t7_t30,MUL
t7_t4_t1,t7_t21,t7_t31,MUL
t7_t4_t2,t7_t20,t7_t21,ADD
t7_t4_t3,t7_t30,t7_t31,ADD
t7_t4_t4,t7_t4_t2,t7_t4_t3,MUL
t7_t4_s00,t7_t4_t1,t7_t4_t1,ADD
t7_t4_s01,t7_t4_s00,t7_t4_t1,ADD
t7_t4_s02,t7_t4_s01,t7_t4_s01,ADD
t7_t4_s03,t7_t4_s02,t7_t4_s02,ADD
t7_t4_s04,t7_t4_s03,t7_t4_t1,ADD
t7_t40,t7_t4_t0,t7_t4_s04,ADD
t7_t4_t5,t7_t4_t0,t7_t4_t1,ADD
t7_t41,t7_t4_t4,t7_t4_t5,SUB
t7_s0_y1_0,t7_t11,t7_t11,ADD
t7_s0_y1_1,t7_s0_y1_0,t7_t11,ADD
t7_s0_y1_2,t7_s0_y1_1,t7_s0_y1_1,ADD
t7_s0_y1_3,t7_s0_y1_2,t7_s0_y1_2,ADD
t7_s0_y1_4,t7_s0_y1_3,t7_t11,ADD
t700,t7_t00,t7_s0_y1_4,ADD
t701,t7_t01,t7_t10,ADD
t7_t50,t7_t00,t7_t10,ADD
t7_t51,t7_t01,t7_t11,ADD
t710,t7_t40,t7_t50,SUB
t711,t7_t41,t7_t51,SUB
t12_y1__y1_0,t1111,t1111,ADD
t12_y1__y1_1,t12_y1__y1_0,t1111,ADD
t12_y1__y1_2,t12_y1__y1_1,t12_y1__y1_1,ADD
t12_y1__y1_3,t12_y1__y1_2,t12_y1__y1_2,ADD
t12_y1__y1_4,t12_y1__y1_3,t1111,ADD
t1300,t000,t12_y1__y1_4,ADD
t1301,t001,t1110,ADD
t1310,t010,t1100,ADD
t1311,t011,t1101,ADD
t1400,t1300,ONE,SUB
c0000,t1300,t1400,ADD
c0001,t1301,t1301,ADD
c0010,t1310,t1310,ADD
c0011,t1311,t1311,ADD
t1500,t000,t400,ADD
t1501,t001,t401,ADD
t1510,t010,t410,ADD
t1511,t011,t411,ADD
t1600,t1500,t1500,ADD
t1601,t1501,t1501,ADD
t1610,t1510,t1510,ADD
t1611,t1511,t1511,ADD
t1700,t900,t1600,SUB
t1701,t901,t1601,SUB
t1710,t910,t1610,SUB
t1711,t911,t1611,SUB
c0200,t1000,t1700,ADD
c0201,t1001,t1701,ADD
c0210,t1010,t1710,ADD
c0211,t1011,t1711,ADD
t18_y1__y1_0,t411,t411,ADD
t18_y1__y1_1,t18_y1__y1_0,t411,ADD
t18_y1__y1_2,t18_y1__y1_1,t18_y1__y1_1,ADD
t18_y1__y1_3,t18_y1__y1_2,t18_y1__y1_2,ADD
t18_y1__y1_4,t18_y1__y1_3,t411,ADD
t1900,t18_y1__y1_4,t1100,SUB
t1901,t410,t1101,SUB
t1910,t400,t1110,SUB
t1911,t401,t1111,SUB
t2000,t1900,t1900,ADD
t2001,t1901,t1901,ADD
t2010,t1910,t1910,ADD
t2011,t1911,t1911,ADD
t2100,t2000,t900,ADD
t2101,t2001,t901,ADD
t2110,t2010,t910,ADD
t2111,t2011,t911,ADD
c0100,t2100,t1000,SUB
c0101,t2101,t1001,SUB
c0110,t2110,t1010,SUB
c0111,t2111,t1011,SUB
t2200,t600,t600,ADD
t2201,t601,t601,ADD
t2210,t610,t610,ADD
t2211,t611,t611,ADD
t2300,t2200,t600,ADD
t2301,t2201,t601,ADD
t2310,t2210,t610,ADD
t2311,t2211,t611,ADD
t24_y1__y1_0,t2311,t2311,ADD
t24_y1__y1_1,t24_y1__y1_0,t2311,ADD
t24_y1__y1_2,t24_y1__y1_1,t24_y1__y1_1,ADD
t24_y1__y1_3,t24_y1__y1_2,t24_y1__y1_2,ADD
t24_y1__y1_4,t24_y1__y1_3,t2311,ADD
t2500,a1000,t24_y1__y1_4,ADD
t2501,a1001,t2310,ADD
t2510,a1010,t2300,ADD
t2511,a1011,t2301,ADD
c1000,t2500,t2500,ADD
c1001,t2501,t2501,ADD
c1010,t2510,t2510,ADD
c1011,t2511,t2511,ADD
t2600,t700,t700,ADD
t2601,t701,t701,ADD
t2610,t710,t710,ADD
t2611,t711,t711,ADD
t2700,t2600,t700,ADD
t2701,t2601,t701,ADD
t2710,t2610,t710,ADD
t2711,t2611,t711,ADD
t2800,t2700,a1200,ADD
t2801,t2701,a1201,ADD
t2810,t2710,a1210,ADD
t2811,t2711,a1211,ADD
c1200,t2800,t2800,ADD
c1201,t2801,t2801,ADD
c1210,t2810,t2810,ADD
c1211,t2811,t2811,ADD
t2900,t500,t500,ADD
t2901,t501,t501,ADD
t2910,t510,t510,ADD
t2911,t511,t511,ADD
t3000,t2900,t500,ADD
t3001,t2901,t501,ADD
t3010,t2910,t510,ADD
t3011,t2911,t511,ADD
t3100,t3000,a1100,ADD
t3101,t3001,a1101,ADD
t3110,t3010,a1110,ADD
t3111,t3011,a1111,ADD
c1100,t3100,t3100,ADD
c1101,t3101,t3101,ADD
c1110,t3110,t3110,ADD
c1111,t3111,t3111,ADD
