c_t0_t0_t0,a000,b000,MUL
c_t0_t0_t1,a001,b001,MUL
c_t0_t0_t2,a000,a001,ADD
c_t0_t0_t3,b000,b001,ADD
c_t0_t0_t4,c_t0_t0_t2,c_t0_t0_t3,MUL
c_t0_t00,c_t0_t0_t0,c_t0_t0_t1,SUB
c_t0_t0_t5,c_t0_t0_t0,c_t0_t0_t1,ADD
c_t0_t01,c_t0_t0_t4,c_t0_t0_t5,SUB
c_t0_t1_t0,a010,b010,MUL
c_t0_t1_t1,a011,b011,MUL
c_t0_t1_t2,a010,a011,ADD
c_t0_t1_t3,b010,b011,ADD
c_t0_t1_t4,c_t0_t1_t2,c_t0_t1_t3,MUL
c_t0_t10,c_t0_t1_t0,c_t0_t1_t1,SUB
c_t0_t1_t5,c_t0_t1_t0,c_t0_t1_t1,ADD
c_t0_t11,c_t0_t1_t4,c_t0_t1_t5,SUB
c_t0_t20,a000,a010,ADD
c_t0_t21,a001,a011,ADD
c_t0_t30,b000,b010,SUB
c_t0_t31,b001,b011,SUB
c_t0_t4_t0,c_t0_t20,c_t0_t30,MUL
c_t0_t4_t1,c_t0_t21,c_t0_t31,MUL
c_t0_t4_t2,c_t0_t20,c_t0_t21,ADD
c_t0_t4_t3,c_t0_t30,c_t0_t31,ADD
c_t0_t4_t4,c_t0_t4_t2,c_t0_t4_t3,MUL
c_t0_t40,c_t0_t4_t0,c_t0_t4_t1,SUB
c_t0_t4_t5,c_t0_t4_t0,c_t0_t4_t1,ADD
c_t0_t41,c_t0_t4_t4,c_t0_t4_t5,SUB
c_t0_s0_x00,c_t0_t10,c_t0_t10,ADD
c_t0_s0_x01,c_t0_s0_x00,c_t0_s0_x00,ADD
c_t0_s0_x02,c_t0_s0_x01,c_t0_t10,ADD
c_t0_s0_x03,c_t0_s0_x02,c_t0_s0_x02,ADD
c_t0_s0_x10,c_t0_t11,c_t0_t11,ADD
c_t0_s0_x11,c_t0_s0_x10,c_t0_s0_x10,ADD
c_t0_s0_x12,c_t0_s0_x11,c_t0_t11,ADD
c_t0_s0_x13,c_t0_s0_x12,c_t0_s0_x12,ADD
c_t0_s00,c_t0_s0_x03,c_t0_t11,SUB
c_t0_s01,c_t0_s0_x13,c_t0_t10,ADD
c_t000,c_t0_t00,c_t0_s00,SUB
c_t001,c_t0_t01,c_t0_s01,SUB
c_t0_t50,c_t0_t00,c_t0_t10,SUB
c_t0_t51,c_t0_t01,c_t0_t11,SUB
c_t010,c_t0_t40,c_t0_t50,SUB
c_t011,c_t0_t41,c_t0_t51,SUB
c_t1_t0_t0,a100,b100,MUL
c_t1_t0_t1,a101,b101,MUL
c_t1_t0_t2,a100,a101,ADD
c_t1_t0_t3,b100,b101,ADD
c_t1_t0_t4,c_t1_t0_t2,c_t1_t0_t3,MUL
c_t1_t00,c_t1_t0_t0,c_t1_t0_t1,SUB
c_t1_t0_t5,c_t1_t0_t0,c_t1_t0_t1,ADD
c_t1_t01,c_t1_t0_t4,c_t1_t0_t5,SUB
c_t1_t1_t0,a110,b110,MUL
c_t1_t1_t1,a111,b111,MUL
c_t1_t1_t2,a110,a111,ADD
c_t1_t1_t3,b110,b111,ADD
c_t1_t1_t4,c_t1_t1_t2,c_t1_t1_t3,MUL
c_t1_t10,c_t1_t1_t0,c_t1_t1_t1,SUB
c_t1_t1_t5,c_t1_t1_t0,c_t1_t1_t1,ADD
c_t1_t11,c_t1_t1_t4,c_t1_t1_t5,SUB
c_t1_t20,a100,a110,ADD
c_t1_t21,a101,a111,ADD
c_t1_t30,b100,b110,SUB
c_t1_t31,b101,b111,SUB
c_t1_t4_t0,c_t1_t20,c_t1_t30,MUL
c_t1_t4_t1,c_t1_t21,c_t1_t31,MUL
c_t1_t4_t2,c_t1_t20,c_t1_t21,ADD
c_t1_t4_t3,c_t1_t30,c_t1_t31,ADD
c_t1_t4_t4,c_t1_t4_t2,c_t1_t4_t3,MUL
c_t1_t40,c_t1_t4_t0,c_t1_t4_t1,SUB
c_t1_t4_t5,c_t1_t4_t0,c_t1_t4_t1,ADD
c_t1_t41,c_t1_t4_t4,c_t1_t4_t5,SUB
c_t1_s0_x00,c_t1_t10,c_t1_t10,ADD
c_t1_s0_x01,c_t1_s0_x00,c_t1_s0_x00,ADD
c_t1_s0_x02,c_t1_s0_x01,c_t1_t10,ADD
c_t1_s0_x03,c_t1_s0_x02,c_t1_s0_x02,ADD
c_t1_s0_x10,c_t1_t11,c_t1_t11,ADD
c_t1_s0_x11,c_t1_s0_x10,c_t1_s0_x10,ADD
c_t1_s0_x12,c_t1_s0_x11,c_t1_t11,ADD
c_t1_s0_x13,c_t1_s0_x12,c_t1_s0_x12,ADD
c_t1_s00,c_t1_s0_x03,c_t1_t11,SUB
c_t1_s01,c_t1_s0_x13,c_t1_t10,ADD
c_t100,c_t1_t00,c_t1_s00,SUB
c_t101,c_t1_t01,c_t1_s01,SUB
c_t1_t50,c_t1_t00,c_t1_t10,SUB
c_t1_t51,c_t1_t01,c_t1_t11,SUB
c_t110,c_t1_t40,c_t1_t50,SUB
c_t111,c_t1_t41,c_t1_t51,SUB
c_t2_t0_t0,a200,b200,MUL
c_t2_t0_t1,a201,b201,MUL
c_t2_t0_t2,a200,a201,ADD
c_t2_t0_t3,b200,b201,ADD
c_t2_t0_t4,c_t2_t0_t2,c_t2_t0_t3,MUL
c_t2_t00,c_t2_t0_t0,c_t2_t0_t1,SUB
c_t2_t0_t5,c_t2_t0_t0,c_t2_t0_t1,ADD
c_t2_t01,c_t2_t0_t4,c_t2_t0_t5,SUB
c_t2_t1_t0,a210,b210,MUL
c_t2_t1_t1,a211,b211,MUL
c_t2_t1_t2,a210,a211,ADD
c_t2_t1_t3,b210,b211,ADD
c_t2_t1_t4,c_t2_t1_t2,c_t2_t1_t3,MUL
c_t2_t10,c_t2_t1_t0,c_t2_t1_t1,SUB
c_t2_t1_t5,c_t2_t1_t0,c_t2_t1_t1,ADD
c_t2_t11,c_t2_t1_t4,c_t2_t1_t5,SUB
c_t2_t20,a200,a210,ADD
c_t2_t21,a201,a211,ADD
c_t2_t30,b200,b210,SUB
c_t2_t31,b201,b211,SUB
c_t2_t4_t0,c_t2_t20,c_t2_t30,MUL
c_t2_t4_t1,c_t2_t21,c_t2_t31,MUL
c_t2_t4_t2,c_t2_t20,c_t2_t21,ADD
c_t2_t4_t3,c_t2_t30,c_t2_t31,ADD
c_t2_t4_t4,c_t2_t4_t2,c_t2_t4_t3,MUL
c_t2_t40,c_t2_t4_t0,c_t2_t4_t1,SUB
c_t2_t4_t5,c_t2_t4_t0,c_t2_t4_t1,ADD
c_t2_t41,c_t2_t4_t4,c_t2_t4_t5,SUB
c_t2_s0_x00,c_t2_t10,c_t2_t10,ADD
c_t2_s0_x01,c_t2_s0_x00,c_t2_s0_x00,ADD
c_t2_s0_x02,c_t2_s0_x01,c_t2_t10,ADD
c_t2_s0_x03,c_t2_s0_x02,c_t2_s0_x02,ADD
c_t2_s0_x10,c_t2_t11,c_t2_t11,ADD
c_t2_s0_x11,c_t2_s0_x10,c_t2_s0_x10,ADD
c_t2_s0_x12,c_t2_s0_x11,c_t2_t11,ADD
c_t2_s0_x13,c_t2_s0_x12,c_t2_s0_x12,ADD
c_t2_s00,c_t2_s0_x03,c_t2_t11,SUB
c_t2_s01,c_t2_s0_x13,c_t2_t10,ADD
c_t200,c_t2_t00,c_t2_s00,SUB
c_t201,c_t2_t01,c_t2_s01,SUB
c_t2_t50,c_t2_t00,c_t2_t10,SUB
c_t2_t51,c_t2_t01,c_t2_t11,SUB
c_t210,c_t2_t40,c_t2_t50,SUB
c_t211,c_t2_t41,c_t2_t51,SUB
c_t3000,a000,a100,ADD
c_t3001,a001,a101,ADD
c_t3010,a010,a110,ADD
c_t3011,a011,a111,ADD
c_t3100,b000,b100,SUB
c_t3101,b001,b101,SUB
c_t3110,b010,b110,SUB
c_t3111,b011,b111,SUB
c_t3_t0_t0,c_t3000,c_t3100,MUL
c_t3_t0_t1,c_t3001,c_t3101,MUL
c_t3_t0_t2,c_t3000,c_t3001,ADD
c_t3_t0_t3,c_t3100,c_t3101,ADD
c_t3_t0_t4,c_t3_t0_t2,c_t3_t0_t3,MUL
c_t3_t00,c_t3_t0_t0,c_t3_t0_t1,SUB
c_t3_t0_t5,c_t3_t0_t0,c_t3_t0_t1,ADD
c_t3_t01,c_t3_t0_t4,c_t3_t0_t5,SUB
c_t3_t1_t0,c_t3010,c_t3110,MUL
c_t3_t1_t1,c_t3011,c_t3111,MUL
c_t3_t1_t2,c_t3010,c_t3011,ADD
c_t3_t1_t3,c_t3110,c_t3111,ADD
c_t3_t1_t4,c_t3_t1_t2,c_t3_t1_t3,MUL
c_t3_t10,c_t3_t1_t0,c_t3_t1_t1,SUB
c_t3_t1_t5,c_t3_t1_t0,c_t3_t1_t1,ADD
c_t3_t11,c_t3_t1_t4,c_t3_t1_t5,SUB
c_t3_t20,c_t3000,c_t3010,ADD
c_t3_t21,c_t3001,c_t3011,ADD
c_t3_t30,c_t3100,c_t3110,SUB
c_t3_t31,c_t3101,c_t3111,SUB
c_t3_t4_t0,c_t3_t20,c_t3_t30,MUL
c_t3_t4_t1,c_t3_t21,c_t3_t31,MUL
c_t3_t4_t2,c_t3_t20,c_t3_t21,ADD
c_t3_t4_t3,c_t3_t30,c_t3_t31,ADD
c_t3_t4_t4,c_t3_t4_t2,c_t3_t4_t3,MUL
c_t3_t40,c_t3_t4_t0,c_t3_t4_t1,SUB
c_t3_t4_t5,c_t3_t4_t0,c_t3_t4_t1,ADD
c_t3_t41,c_t3_t4_t4,c_t3_t4_t5,SUB
c_t3_s0_x00,c_t3_t10,c_t3_t10,ADD
c_t3_s0_x01,c_t3_s0_x00,c_t3_s0_x00,ADD
c_t3_s0_x02,c_t3_s0_x01,c_t3_t10,ADD
c_t3_s0_x03,c_t3_s0_x02,c_t3_s0_x02,ADD
c_t3_s0_x10,c_t3_t11,c_t3_t11,ADD
c_t3_s0_x11,c_t3_s0_x10,c_t3_s0_x10,ADD
c_t3_s0_x12,c_t3_s0_x11,c_t3_t11,ADD
c_t3_s0_x13,c_t3_s0_x12,c_t3_s0_x12,ADD
c_t3_s00,c_t3_s0_x03,c_t3_t11,SUB
c_t3_s01,c_t3_s0_x13,c_t3_t10,ADD
c_t300,c_t3_t00,c_t3_s00,SUB
c_t301,c_t3_t01,c_t3_s01,SUB
c_t3_t50,c_t3_t00,c_t3_t10,SUB
c_t3_t51,c_t3_t01,c_t3_t11,SUB
c_t310,c_t3_t40,c_t3_t50,SUB
c_t311,c_t3_t41,c_t3_t51,SUB
c_t4000,a100,a200,ADD
c_t4001,a101,a201,ADD
c_t4010,a110,a210,ADD
c_t4011,a111,a211,ADD
c_t4100,b100,b200,SUB
c_t4101,b101,b201,SUB
c_t4110,b110,b210,SUB
c_t4111,b111,b211,SUB
c_t4_t0_t0,c_t4000,c_t4100,MUL
c_t4_t0_t1,c_t4001,c_t4101,MUL
c_t4_t0_t2,c_t4000,c_t4001,ADD
c_t4_t0_t3,c_t4100,c_t4101,ADD
c_t4_t0_t4,c_t4_t0_t2,c_t4_t0_t3,MUL
c_t4_t00,c_t4_t0_t0,c_t4_t0_t1,SUB
c_t4_t0_t5,c_t4_t0_t0,c_t4_t0_t1,ADD
c_t4_t01,c_t4_t0_t4,c_t4_t0_t5,SUB
c_t4_t1_t0,c_t4010,c_t4110,MUL
c_t4_t1_t1,c_t4011,c_t4111,MUL
c_t4_t1_t2,c_t4010,c_t4011,ADD
c_t4_t1_t3,c_t4110,c_t4111,ADD
c_t4_t1_t4,c_t4_t1_t2,c_t4_t1_t3,MUL
c_t4_t10,c_t4_t1_t0,c_t4_t1_t1,SUB
c_t4_t1_t5,c_t4_t1_t0,c_t4_t1_t1,ADD
c_t4_t11,c_t4_t1_t4,c_t4_t1_t5,SUB
c_t4_t20,c_t4000,c_t4010,ADD
c_t4_t21,c_t4001,c_t4011,ADD
c_t4_t30,c_t4100,c_t4110,SUB
c_t4_t31,c_t4101,c_t4111,SUB
c_t4_t4_t0,c_t4_t20,c_t4_t30,MUL
c_t4_t4_t1,c_t4_t21,c_t4_t31,MUL
c_t4_t4_t2,c_t4_t20,c_t4_t21,ADD
c_t4_t4_t3,c_t4_t30,c_t4_t31,ADD
c_t4_t4_t4,c_t4_t4_t2,c_t4_t4_t3,MUL
c_t4_t40,c_t4_t4_t0,c_t4_t4_t1,SUB
c_t4_t4_t5,c_t4_t4_t0,c_t4_t4_t1,ADD
c_t4_t41,c_t4_t4_t4,c_t4_t4_t5,SUB
c_t4_s0_x00,c_t4_t10,c_t4_t10,ADD
c_t4_s0_x01,c_t4_s0_x00,c_t4_s0_x00,ADD
c_t4_s0_x02,c_t4_s0_x01,c_t4_t10,ADD
c_t4_s0_x03,c_t4_s0_x02,c_t4_s0_x02,ADD
c_t4_s0_x10,c_t4_t11,c_t4_t11,ADD
c_t4_s0_x11,c_t4_s0_x10,c_t4_s0_x10,ADD
c_t4_s0_x12,c_t4_s0_x11,c_t4_t11,ADD
c_t4_s0_x13,c_t4_s0_x12,c_t4_s0_x12,ADD
c_t4_s00,c_t4_s0_x03,c_t4_t11,SUB
c_t4_s01,c_t4_s0_x13,c_t4_t10,ADD
c_t400,c_t4_t00,c_t4_s00,SUB
c_t401,c_t4_t01,c_t4_s01,SUB
c_t4_t50,c_t4_t00,c_t4_t10,SUB
c_t4_t51,c_t4_t01,c_t4_t11,SUB
c_t410,c_t4_t40,c_t4_t50,SUB
c_t411,c_t4_t41,c_t4_t51,SUB
c_t5000,a200,a000,ADD
c_t5001,a201,a001,ADD
c_t5010,a210,a010,ADD
c_t5011,a211,a011,ADD
c_t5100,b200,b000,ADD
c_t5101,b201,b001,ADD
c_t5110,b210,b010,ADD
c_t5111,b211,b011,ADD
c_t5_t0_t0,c_t5000,c_t5100,MUL
c_t5_t0_t1,c_t5001,c_t5101,MUL
c_t5_t0_t2,c_t5000,c_t5001,ADD
c_t5_t0_t3,c_t5100,c_t5101,ADD
c_t5_t0_t4,c_t5_t0_t2,c_t5_t0_t3,MUL
c_t5_t00,c_t5_t0_t0,c_t5_t0_t1,SUB
c_t5_t0_t5,c_t5_t0_t0,c_t5_t0_t1,ADD
c_t5_t01,c_t5_t0_t4,c_t5_t0_t5,SUB
c_t5_t1_t0,c_t5010,c_t5110,MUL
c_t5_t1_t1,c_t5011,c_t5111,MUL
c_t5_t1_t2,c_t5010,c_t5011,ADD
c_t5_t1_t3,c_t5110,c_t5111,ADD
c_t5_t1_t4,c_t5_t1_t2,c_t5_t1_t3,MUL
c_t5_t10,c_t5_t1_t0,c_t5_t1_t1,SUB
c_t5_t1_t5,c_t5_t1_t0,c_t5_t1_t1,ADD
c_t5_t11,c_t5_t1_t4,c_t5_t1_t5,SUB
c_t5_t20,c_t5000,c_t5010,ADD
c_t5_t21,c_t5001,c_t5011,ADD
c_t5_t30,c_t5100,c_t5110,SUB
c_t5_t31,c_t5101,c_t5111,SUB
c_t5_t4_t0,c_t5_t20,c_t5_t30,MUL
c_t5_t4_t1,c_t5_t21,c_t5_t31,MUL
c_t5_t4_t2,c_t5_t20,c_t5_t21,ADD
c_t5_t4_t3,c_t5_t30,c_t5_t31,ADD
c_t5_t4_t4,c_t5_t4_t2,c_t5_t4_t3,MUL
c_t5_t40,c_t5_t4_t0,c_t5_t4_t1,SUB
c_t5_t4_t5,c_t5_t4_t0,c_t5_t4_t1,ADD
c_t5_t41,c_t5_t4_t4,c_t5_t4_t5,SUB
c_t5_s0_x00,c_t5_t10,c_t5_t10,ADD
c_t5_s0_x01,c_t5_s0_x00,c_t5_s0_x00,ADD
c_t5_s0_x02,c_t5_s0_x01,c_t5_t10,ADD
c_t5_s0_x03,c_t5_s0_x02,c_t5_s0_x02,ADD
c_t5_s0_x10,c_t5_t11,c_t5_t11,ADD
c_t5_s0_x11,c_t5_s0_x10,c_t5_s0_x10,ADD
c_t5_s0_x12,c_t5_s0_x11,c_t5_t11,ADD
c_t5_s0_x13,c_t5_s0_x12,c_t5_s0_x12,ADD
c_t5_s00,c_t5_s0_x03,c_t5_t11,SUB
c_t5_s01,c_t5_s0_x13,c_t5_t10,ADD
c_t500,c_t5_t00,c_t5_s00,SUB
c_t501,c_t5_t01,c_t5_s01,SUB
c_t5_t50,c_t5_t00,c_t5_t10,SUB
c_t5_t51,c_t5_t01,c_t5_t11,SUB
c_t510,c_t5_t40,c_t5_t50,SUB
c_t511,c_t5_t41,c_t5_t51,SUB
c_t6000,c_t000,c_t100,SUB
c_t6001,c_t001,c_t101,SUB
c_t6010,c_t010,c_t110,SUB
c_t6011,c_t011,c_t111,SUB
c_t600,c_t300,c_t6000,SUB
c_t601,c_t301,c_t6001,SUB
c_t610,c_t310,c_t6010,SUB
c_t611,c_t311,c_t6011,SUB
c_t9_y1__x00,c_t210,c_t210,ADD
c_t9_y1__x01,c_t9_y1__x00,c_t9_y1__x00,ADD
c_t9_y1__x02,c_t9_y1__x01,c_t210,ADD
c_t9_y1__x03,c_t9_y1__x02,c_t9_y1__x02,ADD
c_t9_y1__x10,c_t211,c_t211,ADD
c_t9_y1__x11,c_t9_y1__x10,c_t9_y1__x10,ADD
c_t9_y1__x12,c_t9_y1__x11,c_t211,ADD
c_t9_y1__x13,c_t9_y1__x12,c_t9_y1__x12,ADD
c_t9_y1_0,c_t9_y1__x03,c_t211,SUB
c_t9_y1_1,c_t9_y1__x13,c_t210,ADD
c100,c_t600,c_t9_y1_0,ADD
c101,c_t601,c_t9_y1_1,ADD
c110,c_t610,c_t200,ADD
c111,c_t611,c_t201,ADD
c_t7000,c_t100,c_t200,SUB
c_t7001,c_t101,c_t201,SUB
c_t7010,c_t110,c_t210,SUB
c_t7011,c_t111,c_t211,SUB
c_t7100,c_t400,c_t7000,SUB
c_t7101,c_t401,c_t7001,SUB
c_t7110,c_t410,c_t7010,SUB
c_t7111,c_t411,c_t7011,SUB
c_t7_y1__x00,c_t7110,c_t7110,ADD
c_t7_y1__x01,c_t7_y1__x00,c_t7_y1__x00,ADD
c_t7_y1__x02,c_t7_y1__x01,c_t7110,ADD
c_t7_y1__x03,c_t7_y1__x02,c_t7_y1__x02,ADD
c_t7_y1__x10,c_t7111,c_t7111,ADD
c_t7_y1__x11,c_t7_y1__x10,c_t7_y1__x10,ADD
c_t7_y1__x12,c_t7_y1__x11,c_t7111,ADD
c_t7_y1__x13,c_t7_y1__x12,c_t7_y1__x12,ADD
c_t7_y1_0,c_t7_y1__x03,c_t7111,SUB
c_t7_y1_1,c_t7_y1__x13,c_t7110,ADD
c000,c_t000,c_t7_y1_0,SUB
c001,c_t001,c_t7_y1_1,SUB
c010,c_t010,c_t7100,SUB
c011,c_t011,c_t7101,SUB
c_t8000,c_t200,c_t000,ADD
c_t8001,c_t201,c_t001,ADD
c_t8010,c_t210,c_t010,ADD
c_t8011,c_t211,c_t011,ADD
c_t800,c_t500,c_t8000,SUB
c_t801,c_t501,c_t8001,SUB
c_t810,c_t510,c_t8010,SUB
c_t811,c_t511,c_t8011,SUB
c200,c_t800,c_t100,SUB
c201,c_t801,c_t101,SUB
c210,c_t810,c_t110,SUB
c211,c_t811,c_t111,SUB
