c_t0_a1__x00,a010,a010,ADD
c_t0_a1__x01,c_t0_a1__x00,c_t0_a1__x00,ADD
c_t0_a1__x02,c_t0_a1__x01,a010,ADD
c_t0_a1__x03,c_t0_a1__x02,c_t0_a1__x02,ADD
c_t0_a1__x10,a011,a011,ADD
c_t0_a1__x11,c_t0_a1__x10,c_t0_a1__x10,ADD
c_t0_a1__x12,c_t0_a1__x11,a011,ADD
c_t0_a1__x13,c_t0_a1__x12,c_t0_a1__x12,ADD
c_t0_a1_0,c_t0_a1__x03,a011,SUB
c_t0_a1_1,c_t0_a1__x13,a010,ADD
c_t0_t00,a000,c_t0_a1_0,ADD
c_t0_t01,a001,c_t0_a1_1,ADD
c_t0_t10,a000,a010,ADD
c_t0_t11,a001,a011,ADD
c_t0_t2_t0,c_t0_t00,c_t0_t10,MUL
c_t0_t2_t1,c_t0_t01,c_t0_t11,MUL
c_t0_t2_t2,c_t0_t00,c_t0_t01,ADD
c_t0_t2_t3,c_t0_t10,c_t0_t11,ADD
c_t0_t2_t4,c_t0_t2_t2,c_t0_t2_t3,MUL
c_t0_t20,c_t0_t2_t0,c_t0_t2_t1,SUB
c_t0_t2_t5,c_t0_t2_t0,c_t0_t2_t1,ADD
c_t0_t21,c_t0_t2_t4,c_t0_t2_t5,SUB
c_t0_t3_t0,a000,a010,MUL
c_t0_t3_t1,a001,a011,MUL
c_t0_t3_t2,a000,a001,ADD
c_t0_t3_t3,a010,a011,ADD
c_t0_t3_t4,c_t0_t3_t2,c_t0_t3_t3,MUL
c_t0_t30,c_t0_t3_t0,c_t0_t3_t1,SUB
c_t0_t3_t5,c_t0_t3_t0,c_t0_t3_t1,ADD
c_t0_t31,c_t0_t3_t4,c_t0_t3_t5,SUB
c_t0_t4_x00,c_t0_t30,c_t0_t30,ADD
c_t0_t4_x01,c_t0_t4_x00,c_t0_t4_x00,ADD
c_t0_t4_x02,c_t0_t4_x01,c_t0_t30,ADD
c_t0_t4_x03,c_t0_t4_x02,c_t0_t4_x02,ADD
c_t0_t4_x10,c_t0_t31,c_t0_t31,ADD
c_t0_t4_x11,c_t0_t4_x10,c_t0_t4_x10,ADD
c_t0_t4_x12,c_t0_t4_x11,c_t0_t31,ADD
c_t0_t4_x13,c_t0_t4_x12,c_t0_t4_x12,ADD
c_t0_t40,c_t0_t4_x03,c_t0_t31,SUB
c_t0_t41,c_t0_t4_x13,c_t0_t30,ADD
c_t0_t50,c_t0_t30,c_t0_t40,ADD
c_t0_t51,c_t0_t31,c_t0_t41,ADD
c_t000,c_t0_t20,c_t0_t50,SUB
c_t001,c_t0_t21,c_t0_t51,SUB
c_t010,c_t0_t30,c_t0_t30,ADD
c_t011,c_t0_t31,c_t0_t31,ADD
c_t1_a1__x00,a110,a110,ADD
c_t1_a1__x01,c_t1_a1__x00,c_t1_a1__x00,ADD
c_t1_a1__x02,c_t1_a1__x01,a110,ADD
c_t1_a1__x03,c_t1_a1__x02,c_t1_a1__x02,ADD
c_t1_a1__x10,a111,a111,ADD
c_t1_a1__x11,c_t1_a1__x10,c_t1_a1__x10,ADD
c_t1_a1__x12,c_t1_a1__x11,a111,ADD
c_t1_a1__x13,c_t1_a1__x12,c_t1_a1__x12,ADD
c_t1_a1_0,c_t1_a1__x03,a111,SUB
c_t1_a1_1,c_t1_a1__x13,a110,ADD
c_t1_t00,a100,c_t1_a1_0,ADD
c_t1_t01,a101,c_t1_a1_1,ADD
c_t1_t10,a100,a110,ADD
c_t1_t11,a101,a111,ADD
c_t1_t2_t0,c_t1_t00,c_t1_t10,MUL
c_t1_t2_t1,c_t1_t01,c_t1_t11,MUL
c_t1_t2_t2,c_t1_t00,c_t1_t01,ADD
c_t1_t2_t3,c_t1_t10,c_t1_t11,ADD
c_t1_t2_t4,c_t1_t2_t2,c_t1_t2_t3,MUL
c_t1_t20,c_t1_t2_t0,c_t1_t2_t1,SUB
c_t1_t2_t5,c_t1_t2_t0,c_t1_t2_t1,ADD
c_t1_t21,c_t1_t2_t4,c_t1_t2_t5,SUB
c_t1_t3_t0,a100,a110,MUL
c_t1_t3_t1,a101,a111,MUL
c_t1_t3_t2,a100,a101,ADD
c_t1_t3_t3,a110,a111,ADD
c_t1_t3_t4,c_t1_t3_t2,c_t1_t3_t3,MUL
c_t1_t30,c_t1_t3_t0,c_t1_t3_t1,SUB
c_t1_t3_t5,c_t1_t3_t0,c_t1_t3_t1,ADD
c_t1_t31,c_t1_t3_t4,c_t1_t3_t5,SUB
c_t1_t4_x00,c_t1_t30,c_t1_t30,ADD
c_t1_t4_x01,c_t1_t4_x00,c_t1_t4_x00,ADD
c_t1_t4_x02,c_t1_t4_x01,c_t1_t30,ADD
c_t1_t4_x03,c_t1_t4_x02,c_t1_t4_x02,ADD
c_t1_t4_x10,c_t1_t31,c_t1_t31,ADD
c_t1_t4_x11,c_t1_t4_x10,c_t1_t4_x10,ADD
c_t1_t4_x12,c_t1_t4_x11,c_t1_t31,ADD
c_t1_t4_x13,c_t1_t4_x12,c_t1_t4_x12,ADD
c_t1_t40,c_t1_t4_x03,c_t1_t31,SUB
c_t1_t41,c_t1_t4_x13,c_t1_t30,ADD
c_t1_t50,c_t1_t30,c_t1_t40,ADD
c_t1_t51,c_t1_t31,c_t1_t41,ADD
c_t100,c_t1_t20,c_t1_t50,SUB
c_t101,c_t1_t21,c_t1_t51,SUB
c_t110,c_t1_t30,c_t1_t30,ADD
c_t111,c_t1_t31,c_t1_t31,ADD
c_t2_a1__x00,a210,a210,ADD
c_t2_a1__x01,c_t2_a1__x00,c_t2_a1__x00,ADD
c_t2_a1__x02,c_t2_a1__x01,a210,ADD
c_t2_a1__x03,c_t2_a1__x02,c_t2_a1__x02,ADD
c_t2_a1__x10,a211,a211,ADD
c_t2_a1__x11,c_t2_a1__x10,c_t2_a1__x10,ADD
c_t2_a1__x12,c_t2_a1__x11,a211,ADD
c_t2_a1__x13,c_t2_a1__x12,c_t2_a1__x12,ADD
c_t2_a1_0,c_t2_a1__x03,a211,SUB
c_t2_a1_1,c_t2_a1__x13,a210,ADD
c_t2_t00,a200,c_t2_a1_0,ADD
c_t2_t01,a201,c_t2_a1_1,ADD
c_t2_t10,a200,a210,ADD
c_t2_t11,a201,a211,ADD
c_t2_t2_t0,c_t2_t00,c_t2_t10,MUL
c_t2_t2_t1,c_t2_t01,c_t2_t11,MUL
c_t2_t2_t2,c_t2_t00,c_t2_t01,ADD
c_t2_t2_t3,c_t2_t10,c_t2_t11,ADD
c_t2_t2_t4,c_t2_t2_t2,c_t2_t2_t3,MUL
c_t2_t20,c_t2_t2_t0,c_t2_t2_t1,SUB
c_t2_t2_t5,c_t2_t2_t0,c_t2_t2_t1,ADD
c_t2_t21,c_t2_t2_t4,c_t2_t2_t5,SUB
c_t2_t3_t0,a200,a210,MUL
c_t2_t3_t1,a201,a211,MUL
c_t2_t3_t2,a200,a201,ADD
c_t2_t3_t3,a210,a211,ADD
c_t2_t3_t4,c_t2_t3_t2,c_t2_t3_t3,MUL
c_t2_t30,c_t2_t3_t0,c_t2_t3_t1,SUB
c_t2_t3_t5,c_t2_t3_t0,c_t2_t3_t1,ADD
c_t2_t31,c_t2_t3_t4,c_t2_t3_t5,SUB
c_t2_t4_x00,c_t2_t30,c_t2_t30,ADD
c_t2_t4_x01,c_t2_t4_x00,c_t2_t4_x00,ADD
c_t2_t4_x02,c_t2_t4_x01,c_t2_t30,ADD
c_t2_t4_x03,c_t2_t4_x02,c_t2_t4_x02,ADD
c_t2_t4_x10,c_t2_t31,c_t2_t31,ADD
c_t2_t4_x11,c_t2_t4_x10,c_t2_t4_x10,ADD
c_t2_t4_x12,c_t2_t4_x11,c_t2_t31,ADD
c_t2_t4_x13,c_t2_t4_x12,c_t2_t4_x12,ADD
c_t2_t40,c_t2_t4_x03,c_t2_t31,SUB
c_t2_t41,c_t2_t4_x13,c_t2_t30,ADD
c_t2_t50,c_t2_t30,c_t2_t40,ADD
c_t2_t51,c_t2_t31,c_t2_t41,ADD
c_t200,c_t2_t20,c_t2_t50,SUB
c_t201,c_t2_t21,c_t2_t51,SUB
c_t210,c_t2_t30,c_t2_t30,ADD
c_t211,c_t2_t31,c_t2_t31,ADD
c_t3000,a000,a100,ADD
c_t3001,a001,a101,ADD
c_t3010,a010,a110,ADD
c_t3011,a011,a111,ADD
c_t3_a1__x00,c_t3010,c_t3010,ADD
c_t3_a1__x01,c_t3_a1__x00,c_t3_a1__x00,ADD
c_t3_a1__x02,c_t3_a1__x01,c_t3010,ADD
c_t3_a1__x03,c_t3_a1__x02,c_t3_a1__x02,ADD
c_t3_a1__x10,c_t3011,c_t3011,ADD
c_t3_a1__x11,c_t3_a1__x10,c_t3_a1__x10,ADD
c_t3_a1__x12,c_t3_a1__x11,c_t3011,ADD
c_t3_a1__x13,c_t3_a1__x12,c_t3_a1__x12,ADD
c_t3_a1_0,c_t3_a1__x03,c_t3011,SUB
c_t3_a1_1,c_t3_a1__x13,c_t3010,ADD
c_t3_t00,c_t3000,c_t3_a1_0,ADD
c_t3_t01,c_t3001,c_t3_a1_1,ADD
c_t3_t10,c_t3000,c_t3010,ADD
c_t3_t11,c_t3001,c_t3011,ADD
c_t3_t2_t0,c_t3_t00,c_t3_t10,MUL
c_t3_t2_t1,c_t3_t01,c_t3_t11,MUL
c_t3_t2_t2,c_t3_t00,c_t3_t01,ADD
c_t3_t2_t3,c_t3_t10,c_t3_t11,ADD
c_t3_t2_t4,c_t3_t2_t2,c_t3_t2_t3,MUL
c_t3_t20,c_t3_t2_t0,c_t3_t2_t1,SUB
c_t3_t2_t5,c_t3_t2_t0,c_t3_t2_t1,ADD
c_t3_t21,c_t3_t2_t4,c_t3_t2_t5,SUB
c_t3_t3_t0,c_t3000,c_t3010,MUL
c_t3_t3_t1,c_t3001,c_t3011,MUL
c_t3_t3_t2,c_t3000,c_t3001,ADD
c_t3_t3_t3,c_t3010,c_t3011,ADD
c_t3_t3_t4,c_t3_t3_t2,c_t3_t3_t3,MUL
c_t3_t30,c_t3_t3_t0,c_t3_t3_t1,SUB
c_t3_t3_t5,c_t3_t3_t0,c_t3_t3_t1,ADD
c_t3_t31,c_t3_t3_t4,c_t3_t3_t5,SUB
c_t3_t4_x00,c_t3_t30,c_t3_t30,ADD
c_t3_t4_x01,c_t3_t4_x00,c_t3_t4_x00,ADD
c_t3_t4_x02,c_t3_t4_x01,c_t3_t30,ADD
c_t3_t4_x03,c_t3_t4_x02,c_t3_t4_x02,ADD
c_t3_t4_x10,c_t3_t31,c_t3_t31,ADD
c_t3_t4_x11,c_t3_t4_x10,c_t3_t4_x10,ADD
c_t3_t4_x12,c_t3_t4_x11,c_t3_t31,ADD
c_t3_t4_x13,c_t3_t4_x12,c_t3_t4_x12,ADD
c_t3_t40,c_t3_t4_x03,c_t3_t31,SUB
c_t3_t41,c_t3_t4_x13,c_t3_t30,ADD
c_t3_t50,c_t3_t30,c_t3_t40,ADD
c_t3_t51,c_t3_t31,c_t3_t41,ADD
c_t300,c_t3_t20,c_t3_t50,SUB
c_t301,c_t3_t21,c_t3_t51,SUB
c_t310,c_t3_t30,c_t3_t30,ADD
c_t311,c_t3_t31,c_t3_t31,ADD
c_t4000,a100,a200,ADD
c_t4001,a101,a201,ADD
c_t4010,a110,a210,ADD
c_t4011,a111,a211,ADD
c_t4_a1__x00,c_t4010,c_t4010,ADD
c_t4_a1__x01,c_t4_a1__x00,c_t4_a1__x00,ADD
c_t4_a1__x02,c_t4_a1__x01,c_t4010,ADD
c_t4_a1__x03,c_t4_a1__x02,c_t4_a1__x02,ADD
c_t4_a1__x10,c_t4011,c_t4011,ADD
c_t4_a1__x11,c_t4_a1__x10,c_t4_a1__x10,ADD
c_t4_a1__x12,c_t4_a1__x11,c_t4011,ADD
c_t4_a1__x13,c_t4_a1__x12,c_t4_a1__x12,ADD
c_t4_a1_0,c_t4_a1__x03,c_t4011,SUB
c_t4_a1_1,c_t4_a1__x13,c_t4010,ADD
c_t4_t00,c_t4000,c_t4_a1_0,ADD
c_t4_t01,c_t4001,c_t4_a1_1,ADD
c_t4_t10,c_t4000,c_t4010,ADD
c_t4_t11,c_t4001,c_t4011,ADD
c_t4_t2_t0,c_t4_t00,c_t4_t10,MUL
c_t4_t2_t1,c_t4_t01,c_t4_t11,MUL
c_t4_t2_t2,c_t4_t00,c_t4_t01,ADD
c_t4_t2_t3,c_t4_t10,c_t4_t11,ADD
c_t4_t2_t4,c_t4_t2_t2,c_t4_t2_t3,MUL
c_t4_t20,c_t4_t2_t0,c_t4_t2_t1,SUB
c_t4_t2_t5,c_t4_t2_t0,c_t4_t2_t1,ADD
c_t4_t21,c_t4_t2_t4,c_t4_t2_t5,SUB
c_t4_t3_t0,c_t4000,c_t4010,MUL
c_t4_t3_t1,c_t4001,c_t4011,MUL
c_t4_t3_t2,c_t4000,c_t4001,ADD
c_t4_t3_t3,c_t4010,c_t4011,ADD
c_t4_t3_t4,c_t4_t3_t2,c_t4_t3_t3,MUL
c_t4_t30,c_t4_t3_t0,c_t4_t3_t1,SUB
c_t4_t3_t5,c_t4_t3_t0,c_t4_t3_t1,ADD
c_t4_t31,c_t4_t3_t4,c_t4_t3_t5,SUB
c_t4_t4_x00,c_t4_t30,c_t4_t30,ADD
c_t4_t4_x01,c_t4_t4_x00,c_t4_t4_x00,ADD
c_t4_t4_x02,c_t4_t4_x01,c_t4_t30,ADD
c_t4_t4_x03,c_t4_t4_x02,c_t4_t4_x02,ADD
c_t4_t4_x10,c_t4_t31,c_t4_t31,ADD
c_t4_t4_x11,c_t4_t4_x10,c_t4_t4_x10,ADD
c_t4_t4_x12,c_t4_t4_x11,c_t4_t31,ADD
c_t4_t4_x13,c_t4_t4_x12,c_t4_t4_x12,ADD
c_t4_t40,c_t4_t4_x03,c_t4_t31,SUB
c_t4_t41,c_t4_t4_x13,c_t4_t30,ADD
c_t4_t50,c_t4_t30,c_t4_t40,ADD
c_t4_t51,c_t4_t31,c_t4_t41,ADD
c_t400,c_t4_t20,c_t4_t50,SUB
c_t401,c_t4_t21,c_t4_t51,SUB
c_t410,c_t4_t30,c_t4_t30,ADD
c_t411,c_t4_t31,c_t4_t31,ADD
c_t5000,a200,a000,ADD
c_t5001,a201,a001,ADD
c_t5010,a210,a010,ADD
c_t5011,a211,a011,ADD
c_t5_a1__x00,c_t5010,c_t5010,ADD
c_t5_a1__x01,c_t5_a1__x00,c_t5_a1__x00,ADD
c_t5_a1__x02,c_t5_a1__x01,c_t5010,ADD
c_t5_a1__x03,c_t5_a1__x02,c_t5_a1__x02,ADD
c_t5_a1__x10,c_t5011,c_t5011,ADD
c_t5_a1__x11,c_t5_a1__x10,c_t5_a1__x10,ADD
c_t5_a1__x12,c_t5_a1__x11,c_t5011,ADD
c_t5_a1__x13,c_t5_a1__x12,c_t5_a1__x12,ADD
c_t5_a1_0,c_t5_a1__x03,c_t5011,SUB
c_t5_a1_1,c_t5_a1__x13,c_t5010,ADD
c_t5_t00,c_t5000,c_t5_a1_0,ADD
c_t5_t01,c_t5001,c_t5_a1_1,ADD
c_t5_t10,c_t5000,c_t5010,ADD
c_t5_t11,c_t5001,c_t5011,ADD
c_t5_t2_t0,c_t5_t00,c_t5_t10,MUL
c_t5_t2_t1,c_t5_t01,c_t5_t11,MUL
c_t5_t2_t2,c_t5_t00,c_t5_t01,ADD
c_t5_t2_t3,c_t5_t10,c_t5_t11,ADD
c_t5_t2_t4,c_t5_t2_t2,c_t5_t2_t3,MUL
c_t5_t20,c_t5_t2_t0,c_t5_t2_t1,SUB
c_t5_t2_t5,c_t5_t2_t0,c_t5_t2_t1,ADD
c_t5_t21,c_t5_t2_t4,c_t5_t2_t5,SUB
c_t5_t3_t0,c_t5000,c_t5010,MUL
c_t5_t3_t1,c_t5001,c_t5011,MUL
c_t5_t3_t2,c_t5000,c_t5001,ADD
c_t5_t3_t3,c_t5010,c_t5011,ADD
c_t5_t3_t4,c_t5_t3_t2,c_t5_t3_t3,MUL
c_t5_t30,c_t5_t3_t0,c_t5_t3_t1,SUB
c_t5_t3_t5,c_t5_t3_t0,c_t5_t3_t1,ADD
c_t5_t31,c_t5_t3_t4,c_t5_t3_t5,SUB
c_t5_t4_x00,c_t5_t30,c_t5_t30,ADD
c_t5_t4_x01,c_t5_t4_x00,c_t5_t4_x00,ADD
c_t5_t4_x02,c_t5_t4_x01,c_t5_t30,ADD
c_t5_t4_x03,c_t5_t4_x02,c_t5_t4_x02,ADD
c_t5_t4_x10,c_t5_t31,c_t5_t31,ADD
c_t5_t4_x11,c_t5_t4_x10,c_t5_t4_x10,ADD
c_t5_t4_x12,c_t5_t4_x11,c_t5_t31,ADD
c_t5_t4_x13,c_t5_t4_x12,c_t5_t4_x12,ADD
c_t5_t40,c_t5_t4_x03,c_t5_t31,SUB
c_t5_t41,c_t5_t4_x13,c_t5_t30,ADD
c_t5_t50,c_t5_t30,c_t5_t40,ADD
c_t5_t51,c_t5_t31,c_t5_t41,ADD
c_t500,c_t5_t20,c_t5_t50,SUB
c_t501,c_t5_t21,c_t5_t51,SUB
c_t510,c_t5_t30,c_t5_t30,ADD
c_t511,c_t5_t31,c_t5_t31,ADD
c_s0000,c_t000,c_t100,ADD
c_s0001,c_t001,c_t101,ADD
c_s0010,c_t010,c_t110,ADD
c_s0011,c_t011,c_t111,ADD
c_s000,c_t300,c_s0000,SUB
c_s001,c_t301,c_s0001,SUB
c_s010,c_t310,c_s0010,SUB
c_s011,c_t311,c_s0011,SUB
c_s1000,c_t100,c_t200,ADD
c_s1001,c_t101,c_t201,ADD
c_s1010,c_t110,c_t210,ADD
c_s1011,c_t111,c_t211,ADD
c_s1100,c_t400,c_s1000,SUB
c_s1101,c_t401,c_s1001,SUB
c_s1110,c_t410,c_s1010,SUB
c_s1111,c_t411,c_s1011,SUB
c_s2000,c_t200,c_t000,ADD
c_s2001,c_t201,c_t001,ADD
c_s2010,c_t210,c_t010,ADD
c_s2011,c_t211,c_t011,ADD
c_s200,c_t500,c_s2000,SUB
c_s201,c_t501,c_s2001,SUB
c_s210,c_t510,c_s2010,SUB
c_s211,c_t511,c_s2011,SUB
c_s1_y1__x00,c_s1110,c_s1110,ADD
c_s1_y1__x01,c_s1_y1__x00,c_s1_y1__x00,ADD
c_s1_y1__x02,c_s1_y1__x01,c_s1110,ADD
c_s1_y1__x03,c_s1_y1__x02,c_s1_y1__x02,ADD
c_s1_y1__x10,c_s1111,c_s1111,ADD
c_s1_y1__x11,c_s1_y1__x10,c_s1_y1__x10,ADD
c_s1_y1__x12,c_s1_y1__x11,c_s1111,ADD
c_s1_y1__x13,c_s1_y1__x12,c_s1_y1__x12,ADD
c_s1_y1_0,c_s1_y1__x03,c_s1111,SUB
c_s1_y1_1,c_s1_y1__x13,c_s1110,ADD
c_t6_y1__x00,c_t210,c_t210,ADD
c_t6_y1__x01,c_t6_y1__x00,c_t6_y1__x00,ADD
c_t6_y1__x02,c_t6_y1__x01,c_t210,ADD
c_t6_y1__x03,c_t6_y1__x02,c_t6_y1__x02,ADD
c_t6_y1__x10,c_t211,c_t211,ADD
c_t6_y1__x11,c_t6_y1__x10,c_t6_y1__x10,ADD
c_t6_y1__x12,c_t6_y1__x11,c_t211,ADD
c_t6_y1__x13,c_t6_y1__x12,c_t6_y1__x12,ADD
c_t6_y1_0,c_t6_y1__x03,c_t211,SUB
c_t6_y1_1,c_t6_y1__x13,c_t210,ADD
c000,c_t000,c_s1_y1_0,ADD
c001,c_t001,c_s1_y1_1,ADD
c010,c_t010,c_s1100,ADD
c011,c_t011,c_s1101,ADD
c100,c_s000,c_t6_y1_0,ADD
c101,c_s001,c_t6_y1_1,ADD
c110,c_s010,c_t200,ADD
c111,c_s011,c_t201,ADD
c200,c_t100,c_s200,ADD
c201,c_t101,c_s201,ADD
c210,c_t110,c_s210,ADD
c211,c_t111,c_s211,ADD
