t0_t0,a000,a001,SUB
t0_t1,a000,a001,ADD
t0_t2,t0_t0,t0_t1,MUL
t0_t3,a000,a001,MUL
t0_t5,t0_t3,t0_t3,SUB
t00,t0_t2,t0_t5,SUB
t01,t0_t3,t0_t3,ADD
t10,a000,a110,ADD
t11,a001,a111,ADD
t20,t10,a200,SUB
t21,t11,a201,SUB
t80,t10,a200,ADD
t81,t11,a201,ADD
t9_t0,t80,t81,SUB
t9_t1,t80,t81,ADD
t9_t2,t9_t0,t9_t1,MUL
t9_t3,t80,t81,MUL
t9_t5,t9_t3,t9_t3,SUB
t90,t9_t2,t9_t5,SUB
t91,t9_t3,t9_t3,ADD
t10_t0,t20,t21,SUB
t10_t1,t20,t21,ADD
t10_t2,t10_t0,t10_t1,MUL
t10_t3,t20,t21,MUL
t10_t5,t10_t3,t10_t3,SUB
t100,t10_t2,t10_t5,SUB
t101,t10_t3,t10_t3,ADD
t3_t0,a110,a200,MUL
t3_t1,a111,a201,MUL
t3_t2,a110,a111,ADD
t3_t3,a200,a201,ADD
t3_t4,t3_t2,t3_t3,MUL
t30,t3_t0,t3_t1,SUB
t3_t5,t3_t0,t3_t1,ADD
t31,t3_t4,t3_t5,SUB
t110,t30,t30,ADD
t111,t31,t31,ADD
t4_t0,a110,a111,SUB
t4_t1,a110,a111,ADD
t4_t2,t4_t0,t4_t1,MUL
t4_t3,a110,a111,MUL
t4_t5,t4_t3,t4_t3,SUB
t40,t4_t2,t4_t5,SUB
t41,t4_t3,t4_t3,ADD
t5_t0,a000,a010,MUL
t5_t1,a001,a011,MUL
t5_t2,a000,a001,ADD
t5_t3,a010,a011,ADD
t5_t4,t5_t2,t5_t3,MUL
t50,t5_t0,t5_t1,SUB
t5_t5,t5_t0,t5_t1,ADD
t51,t5_t4,t5_t5,SUB
t6_t0,a200,a210,MUL
t6_t1,a201,a211,MUL
t6_t2,a200,a201,ADD
t6_t3,a210,a211,ADD
t6_t4,t6_t2,t6_t3,MUL
t60,t6_t0,t6_t1,SUB
t6_t5,t6_t0,t6_t1,ADD
t61,t6_t4,t6_t5,SUB
t7_t0,a100,a110,MUL
t7_t1,a101,a111,MUL
t7_t2,a100,a101,ADD
t7_t3,a110,a111,ADD
t7_t4,t7_t2,t7_t3,MUL
t70,t7_t0,t7_t1,SUB
t7_t5,t7_t0,t7_t1,ADD
t71,t7_t4,t7_t5,SUB
t12_x00,t110,t110,ADD
t12_x01,t12_x00,t12_x00,ADD
t12_x02,t12_x01,t110,ADD
t12_x03,t12_x02,t12_x02,ADD
t12_x10,t111,t111,ADD
t12_x11,t12_x10,t12_x10,ADD
t12_x12,t12_x11,t111,ADD
t12_x13,t12_x12,t12_x12,ADD
t120,t12_x03,t111,SUB
t121,t12_x13,t110,ADD
t130,t00,t120,ADD
t131,t01,t121,ADD
t140,t130,ONE,SUB
c000,t130,t140,ADD
c001,t131,t131,ADD
t290,t50,t50,ADD
t291,t51,t51,ADD
t300,t290,t50,ADD
t301,t291,t51,ADD
t310,t300,a010,ADD
t311,t301,a011,ADD
c010,t310,t310,ADD
c011,t311,t311,ADD
t150,t00,t40,ADD
t151,t01,t41,ADD
t160,t150,t150,ADD
t161,t151,t151,ADD
t170,t90,t160,SUB
t171,t91,t161,SUB
c110,t100,t170,ADD
c111,t101,t171,ADD
t18_x00,t40,t40,ADD
t18_x01,t18_x00,t18_x00,ADD
t18_x02,t18_x01,t40,ADD
t18_x03,t18_x02,t18_x02,ADD
t18_x10,t41,t41,ADD
t18_x11,t18_x10,t18_x10,ADD
t18_x12,t18_x11,t41,ADD
t18_x13,t18_x12,t18_x12,ADD
t180,t18_x03,t41,SUB
t181,t18_x13,t40,ADD
t190,t180,t110,SUB
t191,t181,t111,SUB
t200,t190,t190,ADD
t201,t191,t191,ADD
t210,t200,t90,ADD
t211,t201,t91,ADD
c200,t210,t100,SUB
c201,t211,t101,SUB
t220,t60,t60,ADD
t221,t61,t61,ADD
t230,t220,t60,ADD
t231,t221,t61,ADD
t24_x00,t230,t230,ADD
t24_x01,t24_x00,t24_x00,ADD
t24_x02,t24_x01,t230,ADD
t24_x03,t24_x02,t24_x02,ADD
t24_x10,t231,t231,ADD
t24_x11,t24_x10,t24_x10,ADD
t24_x12,t24_x11,t231,ADD
t24_x13,t24_x12,t24_x12,ADD
t240,t24_x03,t231,SUB
t241,t24_x13,t230,ADD
t250,a100,t240,ADD
t251,a101,t241,ADD
c100,t250,t250,ADD
c101,t251,t251,ADD
t260,t70,t70,ADD
t261,t71,t71,ADD
t270,t260,t70,ADD
t271,t261,t71,ADD
t280,t270,a210,ADD
t281,t271,a211,ADD
c210,t280,t280,ADD
c211,t281,t281,ADD
